check,target_rva,name,detail
dir32,0x00400000,___ImageBase,"nothing in the ledger owns 0x00400000. Give the datum a data row first (tools/add_data_match.py), or use an address name (g_Va<VA>)"
dir32,0x00401A6E,?rva0032a490@@YAHPAVObject@@PAURva0032A490Context@@@Z,the name encodes 0x0032A490 but retail reads 0x00401A6E
dir32,0x00401E15,??0BoneFXListInfo@@QAE@XZ,"nothing in the ledger owns 0x00401E15. Give the datum a data row first (tools/add_data_match.py), or use an address name (g_Va<VA>)"
dir32,0x004029CD,?bfmeGoBHE@@YAHPAUBfmeOwnerBHE@@@Z,"retail 0x004029CD is already recorded as ?bfmeTeamRefreshExperienceVisitor@@YAXPAVObject@@PAX@Z; reference that name, not a new one"
dir32,0x004030F8,??0ActionTemplate@@QAE@XZ,"nothing in the ledger owns 0x004030F8. Give the datum a data row first (tools/add_data_match.py), or use an address name (g_Va<VA>)"
dir32,0x004032DD,?condition002C5BE0@SupplyTruckStateMachine@@SA_NPAVState@@PAX@Z,"nothing in the ledger owns 0x004032DD. Give the datum a data row first (tools/add_data_match.py), or use an address name (g_Va<VA>)"
dir32,0x00404660,??0TProp@@QAE@XZ,"nothing in the ledger owns 0x00404660. Give the datum a data row first (tools/add_data_match.py), or use an address name (g_Va<VA>)"
dir32,0x004046F6,??1Rva006967A0@@QAE@XZ,the name encodes 0x006967A0 but retail reads 0x004046F6
dir32,0x00405277,??1?$vector@W4ScienceType@@V?$allocator@W4ScienceType@@@_STL@@@_STL@@QAE@XZ,"nothing in the ledger owns 0x00405277. Give the datum a data row first (tools/add_data_match.py), or use an address name (g_Va<VA>)"
dir32,0x0040602D,??0MoveHint0043AAD0@@QAE@XZ,"nothing in the ledger owns 0x0040602D. Give the datum a data row first (tools/add_data_match.py), or use an address name (g_Va<VA>)"
dir32,0x00407617,??1BoneOCLInfo@@QAE@XZ,"nothing in the ledger owns 0x00407617. Give the datum a data row first (tools/add_data_match.py), or use an address name (g_Va<VA>)"
dir32,0x0040768A,??0AttackPriorityInfo@@QAE@XZ,"nothing in the ledger owns 0x0040768A. Give the datum a data row first (tools/add_data_match.py), or use an address name (g_Va<VA>)"
dir32,0x00407BAD,??0TransitionDamageFXRecordA@?A0x2535ff93@@QAE@XZ,"retail 0x00407BAD is already recorded as ??0TransitionDamageFXRecordA@?A0xebea2875@@QAE@XZ; reference that name, not a new one"
dir32,0x00408224,?j_00008224@@YAXXZ,"retail 0x00408224 is already recorded as ?TheBfmeOwner_001612B0@@3PADA (+1 more); reference that name, not a new one"
dir32,0x0040A27C,?j_0000a27c@@YAXXZ,"retail 0x0040A27C is already recorded as ?supplyTruckSubMachineWantsToEnter@WorkerStateMachine@@SA_NPAVState@@PAX@Z; reference that name, not a new one"
dir32,0x0040A95C,?bfmeRva0037D150Apply@@YAHPAUBfmeObjectD150@@H@Z,"retail 0x0040A95C is already recorded as ?bfmeTeamSetExperiencePointsVisitor@@YAXPAVObject@@PAX@Z; reference that name, not a new one"
dir32,0x0040C5E0,?ownerNotDockingOrIdle@SupplyTruckStateMachine@@SA_NPAVState@@PAX@Z,"nothing in the ledger owns 0x0040C5E0. Give the datum a data row first (tools/add_data_match.py), or use an address name (g_Va<VA>)"
dir32,0x0040EB65,??0Rva0069CEE0@@QAE@XZ,the name encodes 0x0069CEE0 but retail reads 0x0040EB65
dir32,0x0040F4ED,??_F?$list@PAVDrawable@@V?$allocator@PAVDrawable@@@_STL@@@_STL@@QAEXXZ,"nothing in the ledger owns 0x0040F4ED. Give the datum a data row first (tools/add_data_match.py), or use an address name (g_Va<VA>)"
dir32,0x0040F9E3,?j_0000f9e3@@YAXXZ,"retail 0x0040F9E3 is already recorded as _ScavengerSpecialPowerFieldParse; reference that name, not a new one"
dir32,0x0041053C,??1ConditionTemplate@@QAE@XZ,"nothing in the ledger owns 0x0041053C. Give the datum a data row first (tools/add_data_match.py), or use an address name (g_Va<VA>)"
dir32,0x0041074E,??1TransitionDamageFXRecordA@?A0x2535ff93@@QAE@XZ,"retail 0x0041074E is already recorded as ??1TransitionDamageFXRecordA@?A0xebea2875@@QAE@XZ (+1 more); reference that name, not a new one"
dir32,0x00410CEE,?j_00010cee@@YAXXZ,"retail 0x00410CEE is already recorded as _GiveUpgradeUpdateFieldParse; reference that name, not a new one"
dir32,0x00412742,?buildFieldParse@CrateCollideModuleData@@SAXAAVMultiIniFieldParse@@@Z,"retail 0x00412742 is already recorded as _HealCrateCollideFieldParse (+1 more); reference that name, not a new one"
dir32,0x004128FA,??1BfmeGdElem36@@QAE@XZ,"retail 0x004128FA is already recorded as ??1GdElemSlot@@QAE@XZ; reference that name, not a new one"
dir32,0x00413C23,?j_00013c23@@YAXXZ,"retail 0x00413C23 is already recorded as _DominateEnemySpecialPowerFieldParse; reference that name, not a new one"
dir32,0x00413D31,?j_00013d31@@YAXXZ,"retail 0x00413D31 is already recorded as ?rva00413d31@BfmeAptScreenOnlineChat@@QAEXXZ; reference that name, not a new one"
dir32,0x0041421D,??_F?$vector@PAVUpdateModule@@V?$allocator@PAVUpdateModule@@@_STL@@@_STL@@QAEXXZ,"nothing in the ledger owns 0x0041421D. Give the datum a data row first (tools/add_data_match.py), or use an address name (g_Va<VA>)"
dir32,0x004151A9,?j_000151a9@@YAXXZ,"retail 0x004151A9 is already recorded as _UpgradeSoundSelectorClientBehaviorFieldParse; reference that name, not a new one"
dir32,0x00415253,?g_00415253@@YAXXZ,"nothing in the ledger owns 0x00415253. Give the datum a data row first (tools/add_data_match.py), or use an address name (g_Va<VA>)"
dir32,0x00415703,??1TransitionDamageFXRecordB@?A0x2535ff93@@QAE@XZ,"retail 0x00415703 is already recorded as ??1TransitionDamageFXRecordB@?A0xebea2875@@QAE@XZ (+1 more); reference that name, not a new one"
dir32,0x0041579E,?j_0001579e@@YAXXZ,"retail 0x0041579E is already recorded as ?bfmeChunkParserVE@@YAXXZ; reference that name, not a new one"
dir32,0x00416158,??0TransitionDamageFXRecordC@?A0x2535ff93@@QAE@XZ,"retail 0x00416158 is already recorded as ??0TransitionDamageFXRecordC@?A0xebea2875@@QAE@XZ; reference that name, not a new one"
dir32,0x004173DC,?j_000173dc@@YAXXZ,"retail 0x004173DC is already recorded as _HordeMemberCollideFieldParse (+1 more); reference that name, not a new one"
dir32,0x00417477,??1Rva00127AC0Element@@QAE@XZ,"retail 0x00417477 is already recorded as ??1Gen_uwm_00017477@@QAE@XZ (+1 more); reference that name, not a new one"
dir32,0x00417BD9,??0BFMERetailAsciiString@@QAE@XZ,"retail 0x00417BD9 is already recorded as ??0AsciiString@@QAE@XZ (+3 more); reference that name, not a new one"
dir32,0x00418949,??1List00442C90@@QAE@XZ,"nothing in the ledger owns 0x00418949. Give the datum a data row first (tools/add_data_match.py), or use an address name (g_Va<VA>)"
dir32,0x0041ACB7,?bfmeRva0037D120AddExperience@@YAHPAUBfmeObjectD120@@H@Z,"retail 0x0041ACB7 is already recorded as ?bfmeTeamGiveExperiencePointsVisitor@@YAXPAVObject@@PAX@Z; reference that name, not a new one"
dir32,0x0041AF00,??1?$map@VAsciiString@@HU?$less@VAsciiString@@@_STL@@V?$allocator@U?$pair@$$CBVAsciiString@@H@_STL@@@3@@_STL@@QAE@XZ,"nothing in the ledger owns 0x0041AF00. Give the datum a data row first (tools/add_data_match.py), or use an address name (g_Va<VA>)"
dir32,0x0041C445,?isForcedIntoBusyState@SupplyTruckStateMachine@@SA_NPAVState@@PAX@Z,"nothing in the ledger owns 0x0041C445. Give the datum a data row first (tools/add_data_match.py), or use an address name (g_Va<VA>)"
dir32,0x0041E2A9,?j_0001e2a9@@YAXXZ,"retail 0x0041E2A9 is already recorded as _W3DQuadrupedDrawFieldParse; reference that name, not a new one"
dir32,0x0041E6F0,??1Rva0069CEE0@@QAE@XZ,the name encodes 0x0069CEE0 but retail reads 0x0041E6F0
dir32,0x0041F0FA,?j_0001f0fa@@YAXXZ,"retail 0x0041F0FA is already recorded as _dp007 (+7 more); reference that name, not a new one"
dir32,0x0042254D,??0Map0044B780@@QAE@XZ,"nothing in the ledger owns 0x0042254D. Give the datum a data row first (tools/add_data_match.py), or use an address name (g_Va<VA>)"
dir32,0x00422584,?j_00022584@@YAXXZ,"retail 0x00422584 is already recorded as _W3DScriptedModelDrawFieldParse; reference that name, not a new one"
dir32,0x00422A70,?j_00022a70@@YAXXZ,"retail 0x00422A70 is already recorded as ?TheBfmeOwner_000CBB80@@3PADA; reference that name, not a new one"
dir32,0x00422D3B,??1Rva00127AB0Element@@QAE@XZ,"retail 0x00422D3B is already recorded as ??1Gen_uwm_00022d3b@@QAE@XZ (+3 more); reference that name, not a new one"
dir32,0x00422FA7,??0Rva00478100@@QAE@XZ,the name encodes 0x00478100 but retail reads 0x00422FA7
dir32,0x00423A1F,??0Rva006ABC60@@QAE@XZ,the name encodes 0x006ABC60 but retail reads 0x00423A1F
dir32,0x00423B41,??1RadiusDecalTemplate@@QAE@XZ,"nothing in the ledger owns 0x00423B41. Give the datum a data row first (tools/add_data_match.py), or use an address name (g_Va<VA>)"
dir32,0x00425301,?bfmeApplyBS@@YAHPAVBfmeAgentBS@@PAVBfmeInfoBS@@@Z,"retail 0x00425301 is already recorded as ?bfmeTeamGiveExperienceLevelVisitor@@YAXPAVObject@@PAX@Z; reference that name, not a new one"
dir32,0x00425C7A,?ownerIdle@SupplyTruckStateMachine@@SA_NPAVState@@PAX@Z,"nothing in the ledger owns 0x00425C7A. Give the datum a data row first (tools/add_data_match.py), or use an address name (g_Va<VA>)"
dir32,0x004268F5,??1AttackPriorityInfo@@UAE@XZ,"nothing in the ledger owns 0x004268F5. Give the datum a data row first (tools/add_data_match.py), or use an address name (g_Va<VA>)"
dir32,0x00426A8A,??0List00442C90@@QAE@XZ,"nothing in the ledger owns 0x00426A8A. Give the datum a data row first (tools/add_data_match.py), or use an address name (g_Va<VA>)"
dir32,0x00426AB2,??1TransitionDamageFXFlags@?A0x2535ff93@@QAE@XZ,"retail 0x00426AB2 is already recorded as ??1?$vector@VAsciiString@@V?$allocator@VAsciiString@@@_STL@@@_STL@@QAE@XZ (+2 more); reference that name, not a new one"
dir32,0x00427179,?j_00027179@@YAXXZ,"retail 0x00427179 is already recorded as _W3DHordeModelDrawFieldParse; reference that name, not a new one"
dir32,0x004271C9,??1BoneParticleSystemInfo@@QAE@XZ,"nothing in the ledger owns 0x004271C9. Give the datum a data row first (tools/add_data_match.py), or use an address name (g_Va<VA>)"
dir32,0x00427C55,??0Rva0074EB10TextureSlot@@QAE@XZ,"retail 0x00427C55 is already recorded as ??0Rva0074E990TextureSlot@@QAE@XZ; reference that name, not a new one"
dir32,0x0042A392,??_F?$vector@UGen00026F35@@V?$allocator@UGen00026F35@@@_STL@@@_STL@@QAEXXZ,"nothing in the ledger owns 0x0042A392. Give the datum a data row first (tools/add_data_match.py), or use an address name (g_Va<VA>)"
dir32,0x0042A8E2,??1Rva00386070@@QAE@XZ,"retail 0x0042A8E2 is already recorded as ??1Rva00386080AsciiStringElement@@QAE@XZ; reference that name, not a new one"
dir32,0x0042AA81,??0Message0043DBA0@@QAE@XZ,"nothing in the ledger owns 0x0042AA81. Give the datum a data row first (tools/add_data_match.py), or use an address name (g_Va<VA>)"
dir32,0x0042BC01,??0?$map@VAsciiString@@HU?$less@VAsciiString@@@_STL@@V?$allocator@U?$pair@$$CBVAsciiString@@H@_STL@@@3@@_STL@@QAE@XZ,"nothing in the ledger owns 0x0042BC01. Give the datum a data row first (tools/add_data_match.py), or use an address name (g_Va<VA>)"
dir32,0x0042C822,?j_0002c822@@YAXXZ,"retail 0x0042C822 is already recorded as _BloodthirstyUpdateFieldParse; reference that name, not a new one"
dir32,0x0042D902,??1Rva006AD440Entry@@QAE@XZ,"retail 0x0042D902 is already recorded as ??1Rva00699D60AudioOwner@@QAE@XZ; reference that name, not a new one"
dir32,0x0042E02D,??0Rva00386070@@QAE@XZ,the name encodes 0x00386070 but retail reads 0x0042E02D
dir32,0x0042E451,??1TransitionDamageFXRecordC@?A0x2535ff93@@QAE@XZ,"retail 0x0042E451 is already recorded as ??1TransitionDamageFXRecordC@?A0xebea2875@@QAE@XZ (+1 more); reference that name, not a new one"
dir32,0x0042FB80,??0Rva00146BA0ArrayItem@@QAE@XZ,"retail 0x0042FB80 is already recorded as ??0Rva0077CDE0ArrElem@@QAE@XZ; reference that name, not a new one"
dir32,0x0042FEE6,?j_0002fee6@@YAXXZ,"retail 0x0042FEE6 is already recorded as ?TheBfmeOwner_00161290@@3PADA (+1 more); reference that name, not a new one"
dir32,0x004302D8,??0TransitionDamageFXRecordB@?A0x2535ff93@@QAE@XZ,"retail 0x004302D8 is already recorded as ??0TransitionDamageFXRecordB@?A0xebea2875@@QAE@XZ; reference that name, not a new one"
dir32,0x004316B0,??0BoneParticleSystemInfo@@QAE@XZ,"nothing in the ledger owns 0x004316B0. Give the datum a data row first (tools/add_data_match.py), or use an address name (g_Va<VA>)"
dir32,0x004318BD,?j_000318bd@@YAXXZ,"retail 0x004318BD is already recorded as _FadeAndDieOrnamentUpdateFieldParse; reference that name, not a new one"
dir32,0x00431C87,?isForcedIntoWantingState@SupplyTruckStateMachine@@SA_NPAVState@@PAX@Z,"nothing in the ledger owns 0x00431C87. Give the datum a data row first (tools/add_data_match.py), or use an address name (g_Va<VA>)"
dir32,0x00431EDF,??0Rva006967A0@@QAE@XZ,the name encodes 0x006967A0 but retail reads 0x00431EDF
dir32,0x004334F6,?j_000334f6@@YAXXZ,"retail 0x004334F6 is already recorded as _AODHordeContainFieldParse (+1 more); reference that name, not a new one"
dir32,0x0043469E,??0TransitionDamageFXFlags@?A0x2535ff93@@QAE@XZ,"retail 0x0043469E is already recorded as ??0TransitionDamageFXFlags@?A0xebea2875@@QAE@XZ (+1 more); reference that name, not a new one"
dir32,0x0043475C,??0Rva00127AC0Element@@QAE@XZ,"retail 0x0043475C is already recorded as ??0StructureCollapseOCLVector@@QAE@XZ; reference that name, not a new one"
dir32,0x00434F72,??1ActionTemplate@@QAE@XZ,"nothing in the ledger owns 0x00434F72. Give the datum a data row first (tools/add_data_match.py), or use an address name (g_Va<VA>)"
dir32,0x0043572E,?j_0003572e@@YAXXZ,"retail 0x0043572E is already recorded as ?buildFieldParse@RetailCollideModuleDataBase@@SAXAAVMultiIniFieldParse@@@Z (+4 more); reference that name, not a new on"
dir32,0x00436AB1,?j_00036ab1@@YAXXZ,"retail 0x00436AB1 is already recorded as ??1BfmePathfindCell@@QAE@XZ (+2 more); reference that name, not a new one"
dir32,0x00436E7B,??0BfmeGdElem36@@QAE@XZ,"nothing in the ledger owns 0x00436E7B. Give the datum a data row first (tools/add_data_match.py), or use an address name (g_Va<VA>)"
dir32,0x004376AA,??1Message0043DBA0@@QAE@XZ,"nothing in the ledger owns 0x004376AA. Give the datum a data row first (tools/add_data_match.py), or use an address name (g_Va<VA>)"
dir32,0x004376D7,??0RadarEvent@@QAE@XZ,"nothing in the ledger owns 0x004376D7. Give the datum a data row first (tools/add_data_match.py), or use an address name (g_Va<VA>)"
dir32,0x00438BBD,??1Map0044B780@@QAE@XZ,"nothing in the ledger owns 0x00438BBD. Give the datum a data row first (tools/add_data_match.py), or use an address name (g_Va<VA>)"
dir32,0x00438DE3,?ableToAdvance@AIDockMachine@@SA_NPAVState@@PAX@Z,"nothing in the ledger owns 0x00438DE3. Give the datum a data row first (tools/add_data_match.py), or use an address name (g_Va<VA>)"
dir32,0x004392AC,??1?$vector@PAVUpdateModule@@V?$allocator@PAVUpdateModule@@@_STL@@@_STL@@QAE@XZ,"retail 0x004392AC is already recorded as ??1Rva00387FB0IntVector@@QAE@XZ; reference that name, not a new one"
dir32,0x00439C2A,??0Rva001976F0@@QAE@XZ,the name encodes 0x001976F0 but retail reads 0x00439C2A
dir32,0x0043B2B9,??1Rva00478100@@QAE@XZ,the name encodes 0x00478100 but retail reads 0x0043B2B9
dir32,0x0043C961,??1?$map@GHU?$FileIDLess@$0GGFBHA@@@V?$allocator@U?$pair@$$CBGH@_STL@@@_STL@@@_STL@@QAE@XZ,"nothing in the ledger owns 0x0043C961. Give the datum a data row first (tools/add_data_match.py), or use an address name (g_Va<VA>)"
dir32,0x0043D42E,?ownerAvailableForSupplying@SupplyTruckStateMachine@@SA_NPAVState@@PAX@Z,"nothing in the ledger owns 0x0043D42E. Give the datum a data row first (tools/add_data_match.py), or use an address name (g_Va<VA>)"
dir32,0x0043D4B0,??1WaterSetting@@UAE@XZ,"retail 0x0043D4B0 is already recorded as _bfmeDtorDAB; reference that name, not a new one"
dir32,0x0043EC8E,?j_0003ec8e@@YAXXZ,"retail 0x0043EC8E is already recorded as _CloudBreakSpecialPowerFieldParse; reference that name, not a new one"
dir32,0x0043ECF7,??0ConditionTemplate@@QAE@XZ,"nothing in the ledger owns 0x0043ECF7. Give the datum a data row first (tools/add_data_match.py), or use an address name (g_Va<VA>)"
dir32,0x0043EE50,??_F?$vector@W4ScienceType@@V?$allocator@W4ScienceType@@@_STL@@@_STL@@QAEXXZ,"nothing in the ledger owns 0x0043EE50. Give the datum a data row first (tools/add_data_match.py), or use an address name (g_Va<VA>)"
dir32,0x0043EF04,??1Rva006ABC60@@QAE@XZ,the name encodes 0x006ABC60 but retail reads 0x0043EF04
dir32,0x004402EB,??0BoneOCLInfo@@QAE@XZ,"nothing in the ledger owns 0x004402EB. Give the datum a data row first (tools/add_data_match.py), or use an address name (g_Va<VA>)"
dir32,0x0044128B,?j_0004128b@@YAXXZ,"retail 0x0044128B is already recorded as _LevelGrantSpecialPowerFieldParse; reference that name, not a new one"
dir32,0x00441B32,??1Rva0074EB10TextureSlot@@QAE@XZ,"retail 0x00441B32 is already recorded as ??1Rva0074DE60TextureSlot@@QAE@XZ (+1 more); reference that name, not a new one"
dir32,0x00443649,??0?$map@GHU?$FileIDLess@$0GGFBHA@@@V?$allocator@U?$pair@$$CBGH@_STL@@@_STL@@@_STL@@QAE@XZ,"nothing in the ledger owns 0x00443649. Give the datum a data row first (tools/add_data_match.py), or use an address name (g_Va<VA>)"
dir32,0x0044454E,??1MoveHint0043AAD0@@QAE@XZ,"nothing in the ledger owns 0x0044454E. Give the datum a data row first (tools/add_data_match.py), or use an address name (g_Va<VA>)"
dir32,0x00446D44,??1?$queue@URva006AADB0Element@@V?$deque@URva006AADB0Element@@V?$allocator@URva006AADB0Element@@@_STL@@@_STL@@@_STL@@QAE@XZ,"nothing in the ledger owns 0x00446D44. Give the datum a data row first (tools/add_data_match.py), or use an address name (g_Va<VA>)"
dir32,0x004470F5,??1ENUM_VALUE@EnumParameterClass@@QAE@XZ,"retail 0x004470F5 is already recorded as ??1AddInfoStruct@MixFileFactoryClass@@QAE@XZ (+3 more); reference that name, not a new one"
dir32,0x0044788E,??1BoneFXListInfo@@QAE@XZ,"nothing in the ledger owns 0x0044788E. Give the datum a data row first (tools/add_data_match.py), or use an address name (g_Va<VA>)"
dir32,0x00447DB1,??0Rva00127AB0Element@@QAE@XZ,"retail 0x00447DB1 is already recorded as ??0StructureCollapseFXVector@@QAE@XZ (+1 more); reference that name, not a new one"
dir32,0x004488EC,??_F?$list@U?$pair@VAsciiString@@W4ObjectID@@@_STL@@V?$allocator@U?$pair@VAsciiString@@W4ObjectID@@@_STL@@@2@@_STL@@QAEXXZ,"nothing in the ledger owns 0x004488EC. Give the datum a data row first (tools/add_data_match.py), or use an address name (g_Va<VA>)"
dir32,0x00448D42,??1ThingRef@@QAE@XZ,"retail 0x00448D42 is already recorded as ??1Rva0039B450Element@@QAE@XZ (+1 more); reference that name, not a new one"
dir32,0x00448DD3,??1?$list@PAVDrawable@@V?$allocator@PAVDrawable@@@_STL@@@_STL@@QAE@XZ,"nothing in the ledger owns 0x00448DD3. Give the datum a data row first (tools/add_data_match.py), or use an address name (g_Va<VA>)"
dir32,0x0044A4E4,??0Rva004029F0@@QAE@XZ,"retail 0x0044A4E4 is already recorded as ??0PathfindZoneBlock@@QAE@XZ; reference that name, not a new one"
dir32,0x006207F0,?bfmeGoFCD@@YAXPAVBfmeObjFCD@@PAUBfmePairFCD@@@Z,"retail 0x006207F0 is already recorded as ?rva220840Callback@@YAXXZ; reference that name, not a new one"
dir32,0x00810C90,?mark00410C90@@YAHPAX0@Z,"nothing in the ledger owns 0x00810C90. Give the datum a data row first (tools/add_data_match.py), or use an address name (g_Va<VA>)"
dir32,0x008CE850,?playerTooltip@Rva004CE850LanLobbyMenu@@YAXPAVGameWindow@@PAVWinInstanceData@@I@Z,"retail 0x008CE850 is already recorded as ?d_004ce850@@YAXXZ; reference that name, not a new one"
dir32,0x00948D90,?bfmeEnumThreadWndProc@@YGHPAXJ@Z,"retail 0x00948D90 is already recorded as ?b_00548d90@@YAXXZ; reference that name, not a new one"
dir32,0x00951DB0,?d_00551db0@@YAXXZ,"nothing in the ledger owns 0x00951DB0. Give the datum a data row first (tools/add_data_match.py), or use an address name (g_Va<VA>)"
dir32,0x00A5CAEB,?g_00A5CAEB@@3PADA,"nothing in the ledger owns 0x00A5CAEB. Give the datum a data row first (tools/add_data_match.py), or use an address name (g_Va<VA>)"
dir32,0x00BEAC10,?rva007EAC10BeginCallback@@YAXPAVRva007E9FC0Owner@@HPAX@Z,the name encodes 0x007E9FC0 but retail reads 0x00BEAC10
dir32,0x00BEAD10,?rva007EAD10BindCallback@@YAXPAVRva007EA320Owner@@PAX1@Z,the name encodes 0x007EA320 but retail reads 0x00BEAD10
dir32,0x00BEADA0,?rva007EADA0BindCallback@@YAXPAVRva007EA380Owner@@PAX1@Z,the name encodes 0x007EA380 but retail reads 0x00BEADA0
dir32,0x00BEB820,?Rva007EB820BoundCallback@@YAXXZ,"retail 0x00BEB820 is already recorded as ?Rva007EB820@@YAXXZ; reference that name, not a new one"
dir32,0x00BEFFE0,?g_00BEFFE0@@YAXXZ,"nothing in the ledger owns 0x00BEFFE0. Give the datum a data row first (tools/add_data_match.py), or use an address name (g_Va<VA>)"
dir32,0x00BEFFF0,?g_00BEFFF0@@YAXXZ,"nothing in the ledger owns 0x00BEFFF0. Give the datum a data row first (tools/add_data_match.py), or use an address name (g_Va<VA>)"
dir32,0x00BF4520,?g_00BF4520@@3PADA,"nothing in the ledger owns 0x00BF4520. Give the datum a data row first (tools/add_data_match.py), or use an address name (g_Va<VA>)"
dir32,0x00BF4740,?bfmeCbBZC@Rva007F4740@@SAXPAXPAVRva007F4740Context@@@Z,"retail 0x00BF4740 is already recorded as _bfmeCbBZC; reference that name, not a new one"
dir32,0x00BF4770,?bfmeCbAZC@Rva007F4770@@SAXHPAVBfmeThingVJL@@@Z,"retail 0x00BF4770 is already recorded as _bfmeCbAZC; reference that name, not a new one"
dir32,0x00BF5A70,?Rva007F5A70Callback@@YAXPAVRva007E8810Message@@PAVRva007F5920Owner@@@Z,"retail 0x00BF5A70 is already recorded as ?BfmeGameBrowserVJPCallback@@YGXXZ; reference that name, not a new one"
dir32,0x00BF5DF0,?Rva007F5DF0Callback@@YAXPAVRva007E8810Message@@PAVRva007F5D10GameBrowser@@@Z,the name encodes 0x007E8810 but retail reads 0x00BF5DF0
dir32,0x00BF6870,?rva007F6870GameLobbyCallback@@YAXPAVRva007E8810Message@@PAVRva007F65E0Owner@@@Z,"retail 0x00BF6870 is already recorded as ?bfmeCbVJM@@YGXXZ; reference that name, not a new one"
dir32,0x00BF6FA0,?Rva007F6FA0BrowserRegionReply@@YAXPAVRva007E8810Message@@PAVRva007F7980Browser@@@Z,the name encodes 0x007E8810 but retail reads 0x00BF6FA0
dir32,0x00BF6FB0,?Rva007F6FB0BrowserLobbyReply@@YAXPAVRva007E8810Message@@PAVRva007F7980Browser@@@Z,the name encodes 0x007E8810 but retail reads 0x00BF6FB0
dir32,0x00BF6FC0,?Rva007F6FC0BrowserGameReply@@YAXPAVRva007E8810Message@@PAVRva007F7980Browser@@@Z,the name encodes 0x007E8810 but retail reads 0x00BF6FC0
dir32,0x00BF7970,?g_00BF7970@@YAXXZ,"nothing in the ledger owns 0x00BF7970. Give the datum a data row first (tools/add_data_match.py), or use an address name (g_Va<VA>)"
dir32,0x00BF83E0,?g_00BF83E0@@YAXXZ,"nothing in the ledger owns 0x00BF83E0. Give the datum a data row first (tools/add_data_match.py), or use an address name (g_Va<VA>)"
dir32,0x00BF83F0,?g_00BF83F0@@YAXXZ,"nothing in the ledger owns 0x00BF83F0. Give the datum a data row first (tools/add_data_match.py), or use an address name (g_Va<VA>)"
dir32,0x00C52AC0,_bfmeINIParseUnsignedInt,"nothing in the ledger owns 0x00C52AC0. Give the datum a data row first (tools/add_data_match.py), or use an address name (g_Va<VA>)"
dir32,0x00C52E00,_bfmeINIParseBool,"retail 0x00C52E00 is already recorded as ?g_bfmeUserA450@@3QBDB (+1 more); reference that name, not a new one"
dir32,0x00C53380,_bfmeINIParseCoord3D,"nothing in the ledger owns 0x00C53380. Give the datum a data row first (tools/add_data_match.py), or use an address name (g_Va<VA>)"
dir32,0x00C6B810,_piUserChangedNickCallback,"retail 0x00C6B810 is already recorded as _piChannelUserChangedNickA; reference that name, not a new one"
dir32,0x00C81DB0,?d_00881db0@@YAXXZ,"nothing in the ledger owns 0x00C81DB0. Give the datum a data row first (tools/add_data_match.py), or use an address name (g_Va<VA>)"
dir32,0x00C81EA0,?d_00881ea0@@YAXXZ,"nothing in the ledger owns 0x00C81EA0. Give the datum a data row first (tools/add_data_match.py), or use an address name (g_Va<VA>)"
dir32,0x00C91B80,??1Rva00891B40@@QAE@XZ,"retail 0x00C91B80 is already recorded as _bfmeDtorDAE; reference that name, not a new one"
dir32,0x00C92B80,??0BfmeElemBW@@QAE@XZ,"retail 0x00C92B80 is already recorded as ??0Rva008947A0Elem@@QAE@XZ; reference that name, not a new one"
dir32,0x00CB5720,?Callback00CB5720@@3PADA,"nothing in the ledger owns 0x00CB5720. Give the datum a data row first (tools/add_data_match.py), or use an address name (g_Va<VA>)"
dir32,0x00CB5760,?Callback00CB5760@@3PADA,"nothing in the ledger owns 0x00CB5760. Give the datum a data row first (tools/add_data_match.py), or use an address name (g_Va<VA>)"
dir32,0x00CB5770,?Callback00CB5770@@3PADA,"nothing in the ledger owns 0x00CB5770. Give the datum a data row first (tools/add_data_match.py), or use an address name (g_Va<VA>)"
dir32,0x00DA91D0,?Rva009A91D0@@YAXPBXHPAX@Z,"retail 0x00DA91D0 is already recorded as ?Rva009A91D0@@YAXXZ; reference that name, not a new one"
dir32,0x00DA92D0,?Rva009A92D0@@YAPAEPAEHI@Z,"retail 0x00DA92D0 is already recorded as ?Rva009A92D0@@YAXXZ; reference that name, not a new one"
dir32,0x00DA9980,?d_009a9980@@YAXXZ,"retail 0x00DA9980 is already recorded as ?Rva009A9980@@YAXPBEHIIPAEHII@Z; reference that name, not a new one"
dir32,0x00DA9A20,?d_009a9a20@@YAXXZ,"retail 0x00DA9A20 is already recorded as ?Rva009A9A20@@YAXPBEHIIPAEHII@Z; reference that name, not a new one"
dir32,0x00DF7F4E,__RTC_Terminate,"nothing in the ledger owns 0x00DF7F4E. Give the datum a data row first (tools/add_data_match.py), or use an address name (g_Va<VA>)"
dir32,0x00DF7FB0,__matherr,"nothing in the ledger owns 0x00DF7FB0. Give the datum a data row first (tools/add_data_match.py), or use an address name (g_Va<VA>)"
dir32,0x01070EC0,?obj@?1??getRva008877A0Singleton@@YAPAXXZ@$AVRva008877A0Type@@A,the name encodes 0x008877A0 but retail reads 0x01070EC0
dir32,0x01070EE0,?obj@?1??getRva008876E0Singleton@@YAPAXXZ@$AVRva008876E0Type@@A,the name encodes 0x008876E0 but retail reads 0x01070EE0
dir32,0x01073744,?g_vtbl_01073744@@3PAPAXA,"retail 0x01073744 is already recorded as ??_7?$BasicTimerClass@VSystemTimerClass@@@@6B@ (+112 more); reference that name, not a new one"
dir32,0x01073758,?g_vtbl_01073758@@3PAPAXA,"retail 0x01073758 is already recorded as ??_7?$DLListClass@VSortingNodeStruct@@@@6B@ (+4 more); reference that name, not a new one"
dir32,0x01073760,?g_vtbl_01073760@@3PAPAXA,"retail 0x01073760 is already recorded as ??_7?$CategoryModuleInfo@$0A@@FXParticleSystem@@6B@ (+14 more); reference that name, not a new one"
dir32,0x0107388B,?TheNullChr@?1??str@?$StringBase@D@@QBEPBDXZ@4DB,"retail 0x0107388B is already recorded as ?Rva006A16B0Empty@@3PADA (+28 more); reference that name, not a new one"
dir32,0x0107388B,?TheNullChr@?1??str@Rva0025FBF0LayoutString@@QBEPBDXZ@4DB,"retail 0x0107388B is already recorded as ?Rva006A16B0Empty@@3PADA (+28 more); reference that name, not a new one"
dir32,0x0107388C,?BFMEEmptyUnicodeString@@3QBGB,"retail 0x0107388C is already recorded as ?BFMEEmptyUnicodeString@@3GB (+7 more); reference that name, not a new one"
dir32,0x0107388C,_g_bfmeEmptyUnicode,"retail 0x0107388C is already recorded as ?BFMEEmptyUnicodeString@@3GB (+7 more); reference that name, not a new one"
dir32,0x0107533C,?g_rva0107533C@@3MB,"retail 0x0107533C is already recorded as ?g_bfmeADL@@3MA (+15 more); reference that name, not a new one"
dir32,0x01075350,?BfmeZeroRange@@3MA,"retail 0x01075350 is already recorded as ?BfmeBoundaryZero3D@@3MB (+25 more); reference that name, not a new one"
dir32,0x01075350,?BfmeZeroRange@@3MB,"retail 0x01075350 is already recorded as ?BfmeBoundaryZero3D@@3MB (+25 more); reference that name, not a new one"
dir32,0x01075350,?g_rva01075350@@3MB,"retail 0x01075350 is already recorded as ?BfmeBoundaryZero3D@@3MB (+25 more); reference that name, not a new one"
dir32,0x0107C7D0,??_7ParserBase0019B030@@6B@,"retail 0x0107C7D0 is already recorded as ??_7BfmeParserBindingBaseVE@@6B@ (+3 more); reference that name, not a new one"
dir32,0x0107C7DC,??_7MapObjectBase@@6B@,"retail 0x0107C7DC is already recorded as ??_7Rva00087320@@6B@ (+1 more); reference that name, not a new one"
dir32,0x0107C7DC,?RvaData0107C7DC@@3PAIA,"retail 0x0107C7DC is already recorded as ??_7Rva00087320@@6B@ (+1 more); reference that name, not a new one"
dir32,0x0107C7E0,??_7MapObject@@6B@,"nothing in the ledger owns 0x0107C7E0. Give the datum a data row first (tools/add_data_match.py), or use an address name (g_Va<VA>)"
dir32,0x0107F984,??_7NameKeyGenerator@@6B@,"retail 0x0107F984 is already recorded as ??_7Rva0008FE00Owner@@6B@; reference that name, not a new one"
dir32,0x010806D8,?g_010806D8@@3QBGB,"nothing in the ledger owns 0x010806D8. Give the datum a data row first (tools/add_data_match.py), or use an address name (g_Va<VA>)"
dir32,0x01080FC0,?g_rva01080FC0@@3QBDB,"retail 0x01080FC0 is already recorded as ?g_aptPalantirBrightJewel@@3PADA (+5 more); reference that name, not a new one"
dir32,0x01081238,?g_rva01081238@@3QBDB,"retail 0x01081238 is already recorded as ?g_aptPalantirNormalJewel@@3PADA (+5 more); reference that name, not a new one"
dir32,0x0108132C,?g_0108132C@@3QBUFieldParse@@B,"retail 0x0108132C is already recorded as ?g_0108132C@@3QBDB; reference that name, not a new one"
dir32,0x010813F8,?g_010813F8@@3QBUFieldParse@@B,"nothing in the ledger owns 0x010813F8. Give the datum a data row first (tools/add_data_match.py), or use an address name (g_Va<VA>)"
dir32,0x01081D60,?g_01081D60@@3QBUFieldParse@@B,"nothing in the ledger owns 0x01081D60. Give the datum a data row first (tools/add_data_match.py), or use an address name (g_Va<VA>)"
dir32,0x01083B5C,?g_FilterVtable001AEA80@@3QBEB,"retail 0x01083B5C is already recorded as ??_7BfmeBaseS@@6B@ (+5 more); reference that name, not a new one"
dir32,0x01083CFC,??_7Rva000CBA50@@6B@,"retail 0x01083CFC is already recorded as ?R2Data01083CFC@@3HA; reference that name, not a new one"
dir32,0x01083D34,??_7Rva000CBAF0@@6B@,"retail 0x01083D34 is already recorded as ?Gen01083D34@@3HA; reference that name, not a new one"
dir32,0x01083E50,??_7Gen_000D1730@?A0x832bc2b1@@6B@,"retail 0x01083E50 is already recorded as ??_7DisplayString@@6B@ (+1 more); reference that name, not a new one"
dir32,0x01084168,_bfmeVftPlayerListSnapshot,"retail 0x01084168 is already recorded as ??_7PlayerList@@6BSnapshot@@@; reference that name, not a new one"
dir32,0x0108417C,_bfmeVftPlayerListSubsystemInterface,"retail 0x0108417C is already recorded as ??_7PlayerList@@6BSubsystemInterface@@@; reference that name, not a new one"
dir32,0x01084C10,?g_01084C10@@3QBGB,"nothing in the ledger owns 0x01084C10. Give the datum a data row first (tools/add_data_match.py), or use an address name (g_Va<VA>)"
dir32,0x01085DC0,__7PartitionFilterRelationship@@6B@,"retail 0x01085DC0 is already recorded as ??_7PartitionFilterRelationship@@6B@ (+2 more); reference that name, not a new one"
dir32,0x01085DD0,__7PartitionFilterSameMapStatus@@6B@,"retail 0x01085DD0 is already recorded as ??_7AggregatePrototypeClass@@6B@ (+7 more); reference that name, not a new one"
dir32,0x010860A0,??_7PartitionFilterWouldCollide@?A0x47eb9fc7@@6B@,"retail 0x010860A0 is already recorded as ??_7PartitionFilterWouldCollide@@6B@ (+1 more); reference that name, not a new one"
dir32,0x010860B0,??_7Rva000FBDC0Filter@@6B@,"retail 0x010860B0 is already recorded as ?g_target_000FBDC0@@3HA; reference that name, not a new one"
dir32,0x010860C4,??_7Rva000FC2E0Filter@@6B@,"retail 0x010860C4 is already recorded as ??_7DecalMeshClass@@6B@; reference that name, not a new one"
dir32,0x01089644,??_7Rva001129B0@@6BSubsystemInterface@@@,"retail 0x01089644 is already recorded as ??_7BfmeOwnCE@@6BSubsystemInterface@@@ (+1 more); reference that name, not a new one"
dir32,0x01089774,??_7ObjectModule@@6B@,"nothing in the ledger owns 0x01089774. Give the datum a data row first (tools/add_data_match.py), or use an address name (g_Va<VA>)"
dir32,0x0108E890,??_7SpawnUnitBehaviorModuleData@@6B@,"nothing in the ledger owns 0x0108E890. Give the datum a data row first (tools/add_data_match.py), or use an address name (g_Va<VA>)"
dir32,0x0108E9F0,??_7RunOffMapBehaviorModuleData@@6B@,"nothing in the ledger owns 0x0108E9F0. Give the datum a data row first (tools/add_data_match.py), or use an address name (g_Va<VA>)"
dir32,0x0108EAF8,??_7RubbleRiseUpdateModuleData@@6B@,"nothing in the ledger owns 0x0108EAF8. Give the datum a data row first (tools/add_data_match.py), or use an address name (g_Va<VA>)"
dir32,0x010941A0,?g_armorTemplateSetFieldParse@@3QBUFieldParse@@B,"retail 0x010941A0 is already recorded as ?g_armorTemplateSetFieldParse@@3QBEB; reference that name, not a new one"
dir32,0x010956C4,??_7PartitionFilter010956C4@@6B@,"retail 0x010956C4 is already recorded as ?g_010956C4@@3PAPBXA; reference that name, not a new one"
dir32,0x01095704,??_7PartitionFilterRepulsor@@6B@,"retail 0x01095704 is already recorded as ??_7ParticleEmitterPrototypeClass@@6B@; reference that name, not a new one"
dir32,0x01095734,??_7PartitionFilter01095734@@6B@,"retail 0x01095734 is already recorded as ??_7Rva0014A580FunctorValueWrapper@@6B@; reference that name, not a new one"
dir32,0x010959F4,?g_010959F4@@3QBUFieldParse@@B,"retail 0x010959F4 is already recorded as ?g_010959F4@@3QBDB; reference that name, not a new one"
dir32,0x01095A38,??_7AIDockMachine@@6B@,"retail 0x01095A38 is already recorded as ??_7Rva0014E640TailDtor@@6B@; reference that name, not a new one"
dir32,0x01095B80,??_7AIDockApproachState@@6B@,"retail 0x01095B80 is already recorded as ??_7Rva0014F380State@@6B@; reference that name, not a new one"
dir32,0x01095BF0,??_7AIDockWaitForClearanceState@@6B@,"retail 0x01095BF0 is already recorded as ??_7Rva0014F420State@@6B@; reference that name, not a new one"
dir32,0x01095C68,??_7AIDockAdvancePositionState@@6B@,"retail 0x01095C68 is already recorded as ??_7Rva0014F490State@@6B@; reference that name, not a new one"
dir32,0x01095CC0,??_7AIDockMoveToEntryState@@6B@,"retail 0x01095CC0 is already recorded as ??_7Rva0014F510State@@6B@; reference that name, not a new one"
dir32,0x01095D38,??_7AIDockMoveToDockState@@6B@,"retail 0x01095D38 is already recorded as ??_7Rva0014F590State@@6B@; reference that name, not a new one"
dir32,0x01095DB0,??_7AIDockMoveToRallyState@@6B@,"retail 0x01095DB0 is already recorded as ??_7Rva0014F610State@@6B@; reference that name, not a new one"
dir32,0x01095E28,??_7AIDockMoveToExitState@@6B@,"retail 0x01095E28 is already recorded as ??_7Rva0014F690State@@6B@; reference that name, not a new one"
dir32,0x01095EA0,??_7AIDockProcessDockState@@6B@,"retail 0x01095EA0 is already recorded as ??_7Rva0014F710State@@6B@; reference that name, not a new one"
dir32,0x01095FBC,??_7PartitionFilterIsFlying@@6B@,"retail 0x01095FBC is already recorded as ?g_target_0015B910@@3HA; reference that name, not a new one"
dir32,0x01095FE0,??_7AIGuardMachine@@6B@,"retail 0x01095FE0 is already recorded as ??_7Rva0015B9D0TailDtor@@6B@; reference that name, not a new one"
dir32,0x010961E0,??_7AIGuardIdleState@@6B@,"retail 0x010961E0 is already recorded as ??_7Rva0015CE80State@@6B@; reference that name, not a new one"
dir32,0x010962C8,??_7AIGuardReturnState@@6B@,"retail 0x010962C8 is already recorded as ??_7Rva0015CF50State@@6B@; reference that name, not a new one"
dir32,0x01096348,??_7AIGuardPickUpCrateState@@6B@,"retail 0x01096348 is already recorded as _bfmeVftableAU; reference that name, not a new one"
dir32,0x01096420,??_7AIGuardRetaliateMachine@@6B@,"retail 0x01096420 is already recorded as ??_7Rva0015E730TailDtor@@6B@; reference that name, not a new one"
dir32,0x01096520,??_7AIGuardRetaliateReturnState@@6B@,"retail 0x01096520 is already recorded as ??_7Rva0015EC40State@@6B@; reference that name, not a new one"
dir32,0x010965B8,?g_010965B8@@3NB,"nothing in the ledger owns 0x010965B8. Give the datum a data row first (tools/add_data_match.py), or use an address name (g_Va<VA>)"
dir32,0x01096650,_bfmeVftAIHarvestMachine,"retail 0x01096650 is already recorded as ??_7Rva0015F730TailDtor@@6B@; reference that name, not a new one"
dir32,0x01097144,??_7PartitionFilterSamePlayer@@6B@,"retail 0x01097144 is already recorded as ??_7Rva0016A9F0FunctorValueWrapper@@6B@; reference that name, not a new one"
dir32,0x01097144,??_7PlayerFilter0028AE90@@6B@,"retail 0x01097144 is already recorded as ??_7Rva0016A9F0FunctorValueWrapper@@6B@; reference that name, not a new one"
dir32,0x01097144,??_7PlayerFilter002A1780@@6B@,"retail 0x01097144 is already recorded as ??_7Rva0016A9F0FunctorValueWrapper@@6B@; reference that name, not a new one"
dir32,0x01097144,??_7PlayerFilter0041E9E0@@6B@,"retail 0x01097144 is already recorded as ??_7Rva0016A9F0FunctorValueWrapper@@6B@; reference that name, not a new one"
dir32,0x01097238,??_7Rva001812B0AIHordeMachine@@6B@,"retail 0x01097238 is already recorded as ??_7Rva0016ABA0TailDtor@@6B@; reference that name, not a new one"
dir32,0x010977E0,?g_Rva010977E0@@3MB,"retail 0x010977E0 is already recorded as ?g_pathfindDoubleCellSize@@3MB (+1 more); reference that name, not a new one"
dir32,0x010977F0,?g_010977F0@@3MB,"nothing in the ledger owns 0x010977F0. Give the datum a data row first (tools/add_data_match.py), or use an address name (g_Va<VA>)"
dir32,0x01097C60,??_7AIAttackAimAtTargetState@?A0x66c5bdcd@@6B@,"retail 0x01097C60 is already recorded as ??_7AIAttackAimAtTargetState@@6B@ (+1 more); reference that name, not a new one"
dir32,0x01097DC0,??_7AIAttackFireWeaponState@?A0x249e4e26@@6B@,"retail 0x01097DC0 is already recorded as ??_7AIAttackFireWeaponState@@6B@ (+2 more); reference that name, not a new one"
dir32,0x01097DC0,??_7AIAttackFireWeaponState@?A0x66c5bdcd@@6B@,"retail 0x01097DC0 is already recorded as ??_7AIAttackFireWeaponState@@6B@ (+2 more); reference that name, not a new one"
dir32,0x0109A028,?g_bfmeRva0109A028@@3MB,"retail 0x0109A028 is already recorded as __real@43160000; reference that name, not a new one"
dir32,0x0109A2F0,??_7BfmeStateBC@@6B@,"retail 0x0109A2F0 is already recorded as ??_7AIMoveAndTightenState@@6B@ (+1 more); reference that name, not a new one"
dir32,0x0109A640,??_7AIAttackFireDuringApproachState@@6B@,"retail 0x0109A640 is already recorded as ?g_AIAttackFireDuringApproachStateVTable@@3HA; reference that name, not a new one"
dir32,0x0109A738,??_7AIAttackMeleeSquishState@@6B@,"retail 0x0109A738 is already recorded as ?g_AIAttackMeleeSquishStateVTable@@3HA; reference that name, not a new one"
dir32,0x0109B828,??_7TurretStateMachine@@6B@,"retail 0x0109B828 is already recorded as ??_7Rva0018C2D0TailDtor@@6B@; reference that name, not a new one"
dir32,0x0109BFD4,?g_0109BFD4@@3PAHA,"retail 0x0109BFD4 is already recorded as ??_7BfmeParserBindingVE@@6B@; reference that name, not a new one"
dir32,0x0109C030,_g_0109C030,"nothing in the ledger owns 0x0109C030. Give the datum a data row first (tools/add_data_match.py), or use an address name (g_Va<VA>)"
dir32,0x0109C3DC,??_7Waypoint@@6B@,"nothing in the ledger owns 0x0109C3DC. Give the datum a data row first (tools/add_data_match.py), or use an address name (g_Va<VA>)"
dir32,0x0109D860,?TheFieldParse@?1??getFieldParse@LocomotorTemplate@@QBEPBUFieldParse@@XZ@4QBU3@B,"retail 0x0109D860 is already recorded as ?g_0109D860@@3PADA; reference that name, not a new one"
dir32,0x0109DEF0,??_7Locomotor@@6B@,"retail 0x0109DEF0 is already recorded as _bfmeVftTH; reference that name, not a new one"
dir32,0x0109DF58,?g_rva006D1D80Scale@@3MB,"retail 0x0109DF58 is already recorded as __real@3d800000; reference that name, not a new one"
dir32,0x0109EDD0,??_7Object@@6BRva00C9EDD0Base@@@,"nothing in the ledger owns 0x0109EDD0. Give the datum a data row first (tools/add_data_match.py), or use an address name (g_Va<VA>)"
dir32,0x0109EE00,??_7Object@@6BRva00C9EE00Base@@@,"nothing in the ledger owns 0x0109EE00. Give the datum a data row first (tools/add_data_match.py), or use an address name (g_Va<VA>)"
dir32,0x0109EE28,??_7Object@@6BRva00C9EE28Base@@@,"nothing in the ledger owns 0x0109EE28. Give the datum a data row first (tools/add_data_match.py), or use an address name (g_Va<VA>)"
dir32,0x0109EE44,??_7Object@@6BSnapshot@@@,"nothing in the ledger owns 0x0109EE44. Give the datum a data row first (tools/add_data_match.py), or use an address name (g_Va<VA>)"
dir32,0x0109EE58,??_7Object@@6BThing@@@,"nothing in the ledger owns 0x0109EE58. Give the datum a data row first (tools/add_data_match.py), or use an address name (g_Va<VA>)"
dir32,0x0109F748,?g_real3f400000@@3MB,"retail 0x0109F748 is already recorded as __real@3f400000; reference that name, not a new one"
dir32,0x0109FC28,?g_0109FC28@@3QBUFieldParse@@B,"retail 0x0109FC28 is already recorded as ?g_0109FC28@@3QBDB; reference that name, not a new one"
dir32,0x010A1DE4,??_7?$BezierProjectileBehaviorSecondaryBase@$01@@6B@,"retail 0x010A1DE4 is already recorded as ??_7?$BfmeBasePB@$00@@6B@ (+7 more); reference that name, not a new one"
dir32,0x010A1E00,??_7?$BezierProjectileBehaviorSecondaryBase@$00@@6B@,"retail 0x010A1E00 is already recorded as ??_7Rva001EF4F0@@6B@; reference that name, not a new one"
dir32,0x010A2580,??_7BridgeBehaviorInterface@@6B@,"retail 0x010A2580 is already recorded as ??_7Rva001F1F20@@6B@; reference that name, not a new one"
dir32,0x010A3128,??_7ClearanceTestingSlowDeathBehaviorModuleData@@6B@,"nothing in the ledger owns 0x010A3128. Give the datum a data row first (tools/add_data_match.py), or use an address name (g_Va<VA>)"
dir32,0x010A36CC,??_7UpgradeModule@@6BModuleInterface@@@,"retail 0x010A36CC is already recorded as ??_7DynamicPortalUpgradeModule@@6BDynamicPortalModuleInterface@@@ (+2 more); reference that name, not a new one"
dir32,0x010A36E0,??_7UpgradeModule@@6BALU_UpgradeMux@@@,"retail 0x010A36E0 is already recorded as ??_7DynamicPortalUpgradeModule@@6BDynamicPortalUpgradeMux@@@ (+2 more); reference that name, not a new one"
dir32,0x010A3740,??_7UpgradeModule@@6BBehaviorModuleInterface@@@,"nothing in the ledger owns 0x010A3740. Give the datum a data row first (tools/add_data_match.py), or use an address name (g_Va<VA>)"
dir32,0x010A3804,??_7UpgradeModule@@6BObjectModule@@@,"nothing in the ledger owns 0x010A3804. Give the datum a data row first (tools/add_data_match.py), or use an address name (g_Va<VA>)"
dir32,0x010A4210,??_7GateOpenAndCloseBehaviorModuleData@@6B@,"retail 0x010A4210 is already recorded as ??_7GateProxyBehaviorModuleData@@6B@; reference that name, not a new one"
dir32,0x010A49B8,??_7GiantBirdSlowDeathBehaviorModuleData@@6B@,"nothing in the ledger owns 0x010A49B8. Give the datum a data row first (tools/add_data_match.py), or use an address name (g_Va<VA>)"
dir32,0x010A5F8C,??_7RunOffMapBehavior@@6BObjectModule@@@,"retail 0x010A5F8C is already recorded as ??_7RunOffMapBehavior@@6BRunOffMapBehaviorBase@@@; reference that name, not a new one"
dir32,0x010A7348,??_7BodyModuleInterface@@6B@,"retail 0x010A7348 is already recorded as ??_7BfmeDamageModuleInterface@@6B@ (+2 more); reference that name, not a new one"
dir32,0x010A76C0,??_7ActiveBodyModuleData@@6B@,"nothing in the ledger owns 0x010A76C0. Give the datum a data row first (tools/add_data_match.py), or use an address name (g_Va<VA>)"
dir32,0x010A7718,??_7ActiveBody@@6BBodyModuleInterface@@@,"retail 0x010A7718 is already recorded as ??_7Rva0020F8E0Owner@@6B@; reference that name, not a new one"
dir32,0x010A77E8,??_7ActiveBody@@6BBehaviorModuleInterface@@@,"retail 0x010A77E8 is already recorded as ??_7Rva0020F8E0Owner@@6BRva0020F8E0_Iface1@@@; reference that name, not a new one"
dir32,0x010A78B0,??_7ActiveBody@@6BObjectModule@@@,"retail 0x010A78B0 is already recorded as ??_7Rva0020F8E0Owner@@6BRva0020F8E0_DeepBase@@@; reference that name, not a new one"
dir32,0x010A8E18,??_7PorcupineFormationBodyModule@@6B@,"retail 0x010A8E18 is already recorded as ??_7PorcupineFormationBodyModule@@6BBodyModuleInterface@@@; reference that name, not a new one"
dir32,0x010A8FB0,??_7PorcupineFormationBodyModule@@6BObjectModule@@@,"retail 0x010A8FB0 is already recorded as ??_7PorcupineFormationBodyModule@@6BBehaviorModule@@@; reference that name, not a new one"
dir32,0x010AA21C,??_7CivilianSpawnCollide@@6BObjectModule@@@,"retail 0x010AA21C is already recorded as ??_7CivilianSpawnCollide@@6BCivilianSpawnCollideBase@@@; reference that name, not a new one"
dir32,0x010AA378,??_7CrateCollideModuleData@@6B@,"??_7CrateCollideModuleData@@6B@ is a function the ledger places elsewhere, not at 0x010AA378"
dir32,0x010AC338,??_7OpenContainModuleData@@6B@,"nothing in the ledger owns 0x010AC338. Give the datum a data row first (tools/add_data_match.py), or use an address name (g_Va<VA>)"
dir32,0x010AD180,??_7HordeSiegeEngineContainModuleData@@6B@,"nothing in the ledger owns 0x010AD180. Give the datum a data row first (tools/add_data_match.py), or use an address name (g_Va<VA>)"
dir32,0x010ADE98,??_7GarrisonContainModuleData@@6B@,"nothing in the ledger owns 0x010ADE98. Give the datum a data row first (tools/add_data_match.py), or use an address name (g_Va<VA>)"
dir32,0x010AE8E0,??_7HordeContainEleventhBase@@6B@,"retail 0x010AE8E0 is already recorded as ??_7Rva002321A0@@6B@; reference that name, not a new one"
dir32,0x010AEFC4,??_7HordeContain@@6BTransportContain@@@,"retail 0x010AEFC4 is already recorded as ??_7HordeContain@@6BSiegeEngineContainBase@@@; reference that name, not a new one"
dir32,0x010AFAC4,??_7HordeGarrisonContain@@6B?$OpenContainSecondaryBase@$06@@@,"nothing in the ledger owns 0x010AFAC4. Give the datum a data row first (tools/add_data_match.py), or use an address name (g_Va<VA>)"
dir32,0x010AFAD4,??_7HordeGarrisonContain@@6B?$OpenContainSecondaryBase@$05@@@,"nothing in the ledger owns 0x010AFAD4. Give the datum a data row first (tools/add_data_match.py), or use an address name (g_Va<VA>)"
dir32,0x010AFB10,??_7HordeGarrisonContain@@6B?$OpenContainSecondaryBase@$04@@@,"nothing in the ledger owns 0x010AFB10. Give the datum a data row first (tools/add_data_match.py), or use an address name (g_Va<VA>)"
dir32,0x010AFB20,??_7HordeGarrisonContain@@6B?$OpenContainSecondaryBase@$03@@@,"nothing in the ledger owns 0x010AFB20. Give the datum a data row first (tools/add_data_match.py), or use an address name (g_Va<VA>)"
dir32,0x010AFB24,??_7HordeGarrisonContain@@6B?$OpenContainSecondaryBase@$02@@@,"nothing in the ledger owns 0x010AFB24. Give the datum a data row first (tools/add_data_match.py), or use an address name (g_Va<VA>)"
dir32,0x010AFB40,??_7HordeGarrisonContain@@6B?$OpenContainSecondaryBase@$01@@@,"nothing in the ledger owns 0x010AFB40. Give the datum a data row first (tools/add_data_match.py), or use an address name (g_Va<VA>)"
dir32,0x010AFCE8,??_7HordeGarrisonContain@@6BOpenContainWideSecondaryBase@@@,"nothing in the ledger owns 0x010AFCE8. Give the datum a data row first (tools/add_data_match.py), or use an address name (g_Va<VA>)"
dir32,0x010AFCF8,??_7HordeGarrisonContain@@6B?$OpenContainSecondaryBase@$00@@@,"nothing in the ledger owns 0x010AFCF8. Give the datum a data row first (tools/add_data_match.py), or use an address name (g_Va<VA>)"
dir32,0x010AFDC0,??_7HordeGarrisonContain@@6BOpenContainPrimaryBase@@@,"nothing in the ledger owns 0x010AFDC0. Give the datum a data row first (tools/add_data_match.py), or use an address name (g_Va<VA>)"
dir32,0x010B312C,??_7HeroDie@@6BObjectModule@@@,"retail 0x010B312C is already recorded as ??_7HeroDie@@6BHeroDieBase@@@; reference that name, not a new one"
dir32,0x010B3A08,??_7CashHackSpecialPowerModuleData@@6B@,"nothing in the ledger owns 0x010B3A08. Give the datum a data row first (tools/add_data_match.py), or use an address name (g_Va<VA>)"
dir32,0x010B7C6C,??_7SpecialPowerUpdateInterface@@6B@,"retail 0x010B7C6C is already recorded as ??_7Rva0026A700@@6B@ (+1 more); reference that name, not a new one"
dir32,0x010B933C,?g_real3f0ccccd@@3MB,"retail 0x010B933C is already recorded as __real@3f0ccccd; reference that name, not a new one"
dir32,0x010BAD08,??_7AttributeModifierAuraUpdate@@6B@,"retail 0x010BAD08 is already recorded as ??_7AttributeModifierAuraUpdate@@6BAttributeModifierAuraUpdateInterface@@@; reference that name, not a new one"
dir32,0x010BAFA0,??_7AttributeModifierAuraUpdate@@6BPB_Iface2@@@,"nothing in the ledger owns 0x010BAFA0. Give the datum a data row first (tools/add_data_match.py), or use an address name (g_Va<VA>)"
dir32,0x010BAFB0,??_7AttributeModifierAuraUpdate@@6BPB_Iface1@@@,"nothing in the ledger owns 0x010BAFB0. Give the datum a data row first (tools/add_data_match.py), or use an address name (g_Va<VA>)"
dir32,0x010BB074,??_7AttributeModifierAuraUpdate@@6BPB_DeepBase@@@,"nothing in the ledger owns 0x010BB074. Give the datum a data row first (tools/add_data_match.py), or use an address name (g_Va<VA>)"
dir32,0x010BBE90,??_7BattlePlanUpdate@@6BSpecialPowerUpdateInterface@@@,"retail 0x010BBE90 is already recorded as ??_7BattlePlanUpdate@@6BBattlePlanUpdateSecondaryBase@@@; reference that name, not a new one"
dir32,0x010BC940,??_7BoneFXUpdateModuleData@@6B@,"nothing in the ledger owns 0x010BC940. Give the datum a data row first (tools/add_data_match.py), or use an address name (g_Va<VA>)"
dir32,0x010BD53C,??_7DelayedWeaponSetUpgradeUpdate@@6BObjectModule@@@,"retail 0x010BD53C is already recorded as ??_7DelayedWeaponSetUpgradeUpdate@@6BDWSU_DeepBase@@@; reference that name, not a new one"
dir32,0x010BE9EC,??_7PartitionFilterFlammable@@6B@,"retail 0x010BE9EC is already recorded as ?g_target_00292520@@3HA; reference that name, not a new one"
dir32,0x010C08A8,??_7PartTheHeavensUpdateModuleData@@6B@,"nothing in the ledger owns 0x010C08A8. Give the datum a data row first (tools/add_data_match.py), or use an address name (g_Va<VA>)"
dir32,0x010C1324,??_7ProneUpdate@@6BUpdateModuleInterface@@@,"nothing in the ledger owns 0x010C1324. Give the datum a data row first (tools/add_data_match.py), or use an address name (g_Va<VA>)"
dir32,0x010C1330,??_7ProneUpdate@@6BBehaviorModuleInterface@@@,"nothing in the ledger owns 0x010C1330. Give the datum a data row first (tools/add_data_match.py), or use an address name (g_Va<VA>)"
dir32,0x010C13F4,??_7ProneUpdate@@6BObjectModule@@@,"nothing in the ledger owns 0x010C13F4. Give the datum a data row first (tools/add_data_match.py), or use an address name (g_Va<VA>)"
dir32,0x010C64B0,??_7DeployStyleAIUpdateRva002B53E0@@6BAIUpdateInterface@@@,"retail 0x010C64B0 is already recorded as ??_7DeployStyleAIUpdate@@6BDeployStyleAIUpdateBase@@@ (+1 more); reference that name, not a new one"
dir32,0x010C6788,?g_010C6788@@3MB,"nothing in the ledger owns 0x010C6788. Give the datum a data row first (tools/add_data_match.py), or use an address name (g_Va<VA>)"
dir32,0x010C6D28,??_7DozerActionPickActionPosState@?A0x8fc50225@@6B@,"retail 0x010C6D28 is already recorded as ??_7DozerActionPickActionPosState@@6B@; reference that name, not a new one"
dir32,0x010C722C,??_7FoundationAIUpdateIface3@@6B@,"retail 0x010C722C is already recorded as ??_7Rva002B9D50@@6B@; reference that name, not a new one"
dir32,0x010C7710,?g_010C7710@@3PADA,"nothing in the ledger owns 0x010C7710. Give the datum a data row first (tools/add_data_match.py), or use an address name (g_Va<VA>)"
dir32,0x010C8E30,??_7Rva010C8E90Base@@6B@,"retail 0x010C8E30 is already recorded as ??_7BfmeWorkerInterfaceTail1@@6B@ (+1 more); reference that name, not a new one"
dir32,0x010C8E90,??_7SupplyTruckAIUpdate@@6BRva010C8E90Base@@@,"retail 0x010C8E90 is already recorded as ??_7SupplyTruckAIUpdate@@6B@; reference that name, not a new one"
dir32,0x010C8EF0,??_7SupplyTruckAIUpdate@@6BRva010C8EF0Base@@@,"retail 0x010C8EF0 is already recorded as ??_7SupplyTruckAIUpdate@@6BST_Iface4@@@; reference that name, not a new one"
dir32,0x010C8F0C,??_7SupplyTruckAIUpdate@@6B?$Rva010C8F20Base@$01@@@,"retail 0x010C8F0C is already recorded as ??_7SupplyTruckAIUpdate@@6BST_Iface3@@@; reference that name, not a new one"
dir32,0x010C8F10,??_7SupplyTruckAIUpdate@@6BRva010C8F10Base@@@,"retail 0x010C8F10 is already recorded as ??_7SupplyTruckAIUpdate@@6BST_Iface2@@@; reference that name, not a new one"
dir32,0x010C8F20,??_7SupplyTruckAIUpdate@@6B?$Rva010C8F20Base@$00@@@,"retail 0x010C8F20 is already recorded as ??_7SupplyTruckAIUpdate@@6BST_Iface1@@@; reference that name, not a new one"
dir32,0x010C8FE8,??_7SupplyTruckAIUpdate@@6BAnimalAIUpdateBase@@@,"retail 0x010C8FE8 is already recorded as ??_7SupplyTruckAIUpdate@@6BST_RootBase@@@; reference that name, not a new one"
dir32,0x010C9280,??_7SupplyTruckStateMachine@@6B@,"retail 0x010C9280 is already recorded as ??_7Rva002C59E0TailDtor@@6B@; reference that name, not a new one"
dir32,0x010C9308,??_7SupplyTruckWantsToPickUpOrDeliverBoxesState@@6B@,"retail 0x010C9308 is already recorded as ??_7Rva002C6100State@@6B@; reference that name, not a new one"
dir32,0x010C9390,??_7RegroupingState@@6B@,"retail 0x010C9390 is already recorded as ??_7Rva002C6170State@@6B@; reference that name, not a new one"
dir32,0x010C93F8,??_7DockingState@@6B@,"retail 0x010C93F8 is already recorded as ??_7Rva002C61F0State@@6B@; reference that name, not a new one"
dir32,0x010C9460,??_7HarvestingState@@6B@,"retail 0x010C9460 is already recorded as ??_7Rva002C6260State@@6B@; reference that name, not a new one"
dir32,0x010C94C8,??_7SupplyTruckBusyState@@6B@,"retail 0x010C94C8 is already recorded as ??_7Rva002C62D0State@@6B@; reference that name, not a new one"
dir32,0x010C9538,??_7SupplyTruckIdleState@@6B@,"retail 0x010C9538 is already recorded as ??_7Rva002C63A0State@@6B@; reference that name, not a new one"
dir32,0x010C995C,??_7RootFilter0041E9E0@@6B@,"retail 0x010C995C is already recorded as ?g_target_002C74F0@@3HA; reference that name, not a new one"
dir32,0x010E7A18,??_7ScriptEngine@@6BSnapshot@@@,"nothing in the ledger owns 0x010E7A18. Give the datum a data row first (tools/add_data_match.py), or use an address name (g_Va<VA>)"
dir32,0x010E7A30,??_7ScriptEngine@@6BSubsystemInterface@@@,"nothing in the ledger owns 0x010E7A30. Give the datum a data row first (tools/add_data_match.py), or use an address name (g_Va<VA>)"
dir32,0x010E84E4,_g_010E84E4,"nothing in the ledger owns 0x010E84E4. Give the datum a data row first (tools/add_data_match.py), or use an address name (g_Va<VA>)"
dir32,0x010E8538,_g_010E8538,"nothing in the ledger owns 0x010E8538. Give the datum a data row first (tools/add_data_match.py), or use an address name (g_Va<VA>)"
dir32,0x010EA21C,??_7Gen_00378650@@6BSnapshot@@@,"retail 0x010EA21C is already recorded as ??_7Gen_00378650@@6BBfmeBaseQ@@@ (+1 more); reference that name, not a new one"
dir32,0x010EA230,??_7Gen_00378650@@6BSubsystemInterface@@@,"retail 0x010EA230 is already recorded as ??_7Gen_00378650@@6BBfmeBaseP@@@ (+1 more); reference that name, not a new one"
dir32,0x010EAB48,?g_010EAB48@@3QBDB,"retail 0x010EAB48 is already recorded as ?g_010EAB48@@3PADA; reference that name, not a new one"
dir32,0x010EAD58,??_7BfmeDBaseB@Rva003828E0@@6B@,"retail 0x010EAD58 is already recorded as ??_7BfmeDBaseB@@6B@ (+5 more); reference that name, not a new one"
dir32,0x010EB560,??_7GameLogic@@6BSnapshot@@@,"retail 0x010EB560 is already recorded as ??_7GameLogic@@6BBfmeBaseVUQ@@@; reference that name, not a new one"
dir32,0x010ECB78,??_7BfmeThingAVB@@6BSubsystemInterface@@@,"retail 0x010ECB78 is already recorded as ??_7BfmeThingAVB@@6BS4Base009A1A40@@@ (+1 more); reference that name, not a new one"
dir32,0x010EDBC8,??_7LivingWorldLogic@@6BSnapshot@@@,"nothing in the ledger owns 0x010EDBC8. Give the datum a data row first (tools/add_data_match.py), or use an address name (g_Va<VA>)"
dir32,0x010EDBDC,??_7LivingWorldLogic@@6BSubsystemInterface@@@,"nothing in the ledger owns 0x010EDBDC. Give the datum a data row first (tools/add_data_match.py), or use an address name (g_Va<VA>)"
dir32,0x010EE13C,??_7LargeGroupAudio@@6BSubsystemInterface@@@,"retail 0x010EE13C is already recorded as ??_7LargeGroupAudio@@6BRva004948B0Base@@@ (+1 more); reference that name, not a new one"
dir32,0x010F0AE0,??_9@$BBI@AE,"retail 0x010F0AE0 is already recorded as ??_7BfmeA1134@@6B@ (+1 more); reference that name, not a new one"
dir32,0x010F154C,??_7Drawable@@6BSnapshot@@@,"nothing in the ledger owns 0x010F154C. Give the datum a data row first (tools/add_data_match.py), or use an address name (g_Va<VA>)"
dir32,0x010F1560,??_7Drawable@@6BGen_dtor_00132940@@@,"nothing in the ledger owns 0x010F1560. Give the datum a data row first (tools/add_data_match.py), or use an address name (g_Va<VA>)"
dir32,0x010F1560,??_7Drawable@@6BThing@@@,"nothing in the ledger owns 0x010F1560. Give the datum a data row first (tools/add_data_match.py), or use an address name (g_Va<VA>)"
dir32,0x010F3554,??_7Gen_0042B9F0@@6BBfmeDBaseB@Rva003828E0@@@,"retail 0x010F3554 is already recorded as ??_7Gen_0042B9F0@@6BBfmeDBaseB@@@ (+1 more); reference that name, not a new one"
dir32,0x010F37DC,??_7GameClient@@6BSnapshot@@@,"nothing in the ledger owns 0x010F37DC. Give the datum a data row first (tools/add_data_match.py), or use an address name (g_Va<VA>)"
dir32,0x010F37F0,??_7GameClient@@6BSubsystemInterface@@@,"nothing in the ledger owns 0x010F37F0. Give the datum a data row first (tools/add_data_match.py), or use an address name (g_Va<VA>)"
dir32,0x010F5B24,??_7InGameUI@@6BSnapshot@@@,"nothing in the ledger owns 0x010F5B24. Give the datum a data row first (tools/add_data_match.py), or use an address name (g_Va<VA>)"
dir32,0x010F5B38,??_7InGameUI@@6BSubsystemInterface@@@,"nothing in the ledger owns 0x010F5B38. Give the datum a data row first (tools/add_data_match.py), or use an address name (g_Va<VA>)"
dir32,0x010F5E84,_g_010F5E84,"nothing in the ledger owns 0x010F5E84. Give the datum a data row first (tools/add_data_match.py), or use an address name (g_Va<VA>)"
dir32,0x010F6940,??_7View@@6B@,"??_7View@@6B@ is a function the ledger places elsewhere, not at 0x010F6940"
dir32,0x010F7118,??_7_bfme_AptGameWindow@@6BS4Owner@@@,"retail 0x010F7118 is already recorded as ??_7_bfme_AptGameWindow@@6BGen_dtor_004654c0Base@@@ (+1 more); reference that name, not a new one"
dir32,0x010F9830,?g_010F9830@@3QBUFieldParse@@B,"retail 0x010F9830 is already recorded as ?g_010F9830@@3QBEB; reference that name, not a new one"
dir32,0x010FA3B8,?s_commandButtonFieldParseTable@CommandButton@@2QBUFieldParse@@B,"retail 0x010FA3B8 is already recorded as ?m_commandButtonFieldParseTable@CommandButton@@2QBUFieldParse@@B; reference that name, not a new one"
dir32,0x010FB888,??_7ControlBar@@6B@,"retail 0x010FB888 is already recorded as ??_7Rva0049DA40Object@@6B@; reference that name, not a new one"
dir32,0x010FD030,?g_controlBarSchemeImageFieldParse@@3QBUFieldParse@@B,"retail 0x010FD030 is already recorded as ?g_controlBarSchemeImageFieldParse@@3QBEB; reference that name, not a new one"
dir32,0x010FD0A8,?g_controlBarSchemeAnimationFieldParse@@3QBUFieldParse@@B,"retail 0x010FD0A8 is already recorded as ?g_controlBarSchemeAnimationFieldParse@@3QBEB; reference that name, not a new one"
dir32,0x011052B8,?g_011052B8@@3URva00511430OutElse@@B,the name encodes 0x00511430 but retail reads 0x011052B8
dir32,0x011052C4,?g_011052C4@@3URva00511430Out3@@B,the name encodes 0x00511430 but retail reads 0x011052C4
dir32,0x01105690,?g_01105690@@3QBDB,"retail 0x01105690 is already recorded as ??_7BfmeAptScreenSecondary@@6B@ (+3 more); reference that name, not a new one"
dir32,0x01105A28,?g_01105A28@@3QBDB,"retail 0x01105A28 is already recorded as ??_7BfmeAptScreenLanLobby@@6B@; reference that name, not a new one"
dir32,0x01105A74,?g_01105A74@@3QBDB,"retail 0x01105A74 is already recorded as ??_7BfmeAptScreenLanLobby@@6BS4Owner@@@; reference that name, not a new one"
dir32,0x01105A78,?g_01105A78@@3QBDB,"retail 0x01105A78 is already recorded as ??_7BfmeAptScreenLanLobby@@6BBfmeAptScreenBase@@@; reference that name, not a new one"
dir32,0x01106070,??_7LoadScreen0051BF30@@6B@,"nothing in the ledger owns 0x01106070. Give the datum a data row first (tools/add_data_match.py), or use an address name (g_Va<VA>)"
dir32,0x011060C0,??_7FunctorWrapper011060C0@@6B@,"retail 0x011060C0 is already recorded as ??_7Rva0051BDE0FunctorSingleWrapper@@6B@; reference that name, not a new one"
dir32,0x01109128,?g_01109128@@3QBDB,"retail 0x01109128 is already recorded as ??_7BfmeAptScreenOptions@@6BS4Owner@@@; reference that name, not a new one"
dir32,0x0110912C,?g_0110912C@@3QBDB,"retail 0x0110912C is already recorded as ??_7BfmeAptScreenOptions@@6BBfmeAptScreenBase@@@; reference that name, not a new one"
dir32,0x0110B5F0,?m_shellMenuSchemeFieldParseTable@ShellMenuSchemeManager@@2QBUFieldParse@@B,"retail 0x0110B5F0 is already recorded as ?m_shellMenuSchemeFieldParseTable@BfmeShellMenuSchemeManager@@2QBUFieldParse@@B; reference that name, not a new one"
dir32,0x0110B638,?g_shellMenuSchemeImageFieldParse@@3QBUFieldParse@@B,"retail 0x0110B638 is already recorded as ?g_shellMenuSchemeImageFieldParse@@3QBEB; reference that name, not a new one"
dir32,0x0110B6A0,?g_shellMenuSchemeLineFieldParse@@3QBUFieldParse@@B,"retail 0x0110B6A0 is already recorded as ?g_shellMenuSchemeLineFieldParse@@3QBEB; reference that name, not a new one"
dir32,0x0110F978,?g_vtbl_0110F978@@3PAPAXA,"retail 0x0110F978 is already recorded as ??_7BaseY005E7360Secondary@@6B@ (+13 more); reference that name, not a new one"
dir32,0x0110F97C,?g_vtbl_0110F97C@@3PAPAXA,"retail 0x0110F97C is already recorded as ??_7?$CategoryModuleInfo@$05@FXParticleSystem@@6B@ (+9 more); reference that name, not a new one"
dir32,0x0110F980,?g_vtbl_0110F980@@3PAPAXA,"retail 0x0110F980 is already recorded as ??_7EmissionVolumeInfo@FXParticleSystem@@6B@ (+1 more); reference that name, not a new one"
dir32,0x0110F9AC,?g_0110F9AC@@3QBDB,"retail 0x0110F9AC is already recorded as ??_7?$CategoryModuleInfo@$04@FXParticleSystem@@6B@ (+10 more); reference that name, not a new one"
dir32,0x0110F9AC,?g_vtbl_0110F9AC@@3PAPAXA,"retail 0x0110F9AC is already recorded as ??_7?$CategoryModuleInfo@$04@FXParticleSystem@@6B@ (+10 more); reference that name, not a new one"
dir32,0x0110F9CC,?g_vtbl_0110F9CC@@3PAPAXA,"retail 0x0110F9CC is already recorded as ??_7?$CategoryModuleInfo@$03@FXParticleSystem@@6B@ (+6 more); reference that name, not a new one"
dir32,0x0110F9E4,?g_vtbl_0110F9E4@@3PAPAXA,"retail 0x0110F9E4 is already recorded as ??_7?$CategoryModuleInfo@$02@FXParticleSystem@@6B@ (+15 more); reference that name, not a new one"
dir32,0x0110F9E8,?g_vtbl_0110F9E8@@3PAPAXA,"retail 0x0110F9E8 is already recorded as ??_7?$CategoryModuleInfo@$01@FXParticleSystem@@6B@ (+16 more); reference that name, not a new one"
dir32,0x0110FA14,?g_vtbl_0110FA14@@3PAPAXA,"retail 0x0110FA14 is already recorded as ??_7?$CategoryModuleInfo@$06@FXParticleSystem@@6B@ (+15 more); reference that name, not a new one"
dir32,0x0110FE48,??_7ParticleSystem@@6B@,"nothing in the ledger owns 0x0110FE48. Give the datum a data row first (tools/add_data_match.py), or use an address name (g_Va<VA>)"
dir32,0x0110FE78,??_7ParticleInfo@@6B@,"retail 0x0110FE78 is already recorded as ??_7Rva005CE890Object@@6B@ (+1 more); reference that name, not a new one"
dir32,0x01110180,?g_01110180@FXParticleSystem@@3PAXA,"nothing in the ledger owns 0x01110180. Give the datum a data row first (tools/add_data_match.py), or use an address name (g_Va<VA>)"
dir32,0x011101B0,?g_011101B0@FXParticleSystem@@3PAXA,"nothing in the ledger owns 0x011101B0. Give the datum a data row first (tools/add_data_match.py), or use an address name (g_Va<VA>)"
dir32,0x01110208,?g_01110208@FXParticleSystem@@3PAXA,"nothing in the ledger owns 0x01110208. Give the datum a data row first (tools/add_data_match.py), or use an address name (g_Va<VA>)"
dir32,0x01110258,?RotationTypeNames@FXParticleSystem@@3QBQBDB,"nothing in the ledger owns 0x01110258. Give the datum a data row first (tools/add_data_match.py), or use an address name (g_Va<VA>)"
dir32,0x01110258,?g_01110258@FXParticleSystem@@3PAXA,"nothing in the ledger owns 0x01110258. Give the datum a data row first (tools/add_data_match.py), or use an address name (g_Va<VA>)"
dir32,0x01110500,?g_01110500@FXParticleSystem@@3QBUModuleCategoryEntry@1@B,"nothing in the ledger owns 0x01110500. Give the datum a data row first (tools/add_data_match.py), or use an address name (g_Va<VA>)"
dir32,0x011106F4,?g_011106F4@@3QBDB,"retail 0x011106F4 is already recorded as ??_7ParticleModuleSnapshotSlice@FXParticleSystem@@6B@ (+4 more); reference that name, not a new one"
dir32,0x0111098C,?g_vtbl_0111098C@@3PAPAXA,"retail 0x0111098C is already recorded as ??_7LineEmissionVolumeInfo@FXParticleSystem@@6B@ (+1 more); reference that name, not a new one"
dir32,0x011109CC,?g_vtbl_011109CC@@3PAPAXA,"retail 0x011109CC is already recorded as ??_7BoxEmissionVolumeInfo@FXParticleSystem@@6B@ (+1 more); reference that name, not a new one"
dir32,0x01110A0C,?g_vtbl_01110A0C@@3PAPAXA,"retail 0x01110A0C is already recorded as ??_7SphereEmissionVolumeInfo@FXParticleSystem@@6B@ (+1 more); reference that name, not a new one"
dir32,0x01110A4C,?g_vtbl_01110A4C@@3PAPAXA,"retail 0x01110A4C is already recorded as ??_7CylinderEmissionVolumeInfo@FXParticleSystem@@6B@ (+1 more); reference that name, not a new one"
dir32,0x01110E78,?g_vtbl_01110E78@@3PAPAXA,"nothing in the ledger owns 0x01110E78. Give the datum a data row first (tools/add_data_match.py), or use an address name (g_Va<VA>)"
dir32,0x01110E90,?g_vtbl_01110E90@@3PAPAXA,"nothing in the ledger owns 0x01110E90. Give the datum a data row first (tools/add_data_match.py), or use an address name (g_Va<VA>)"
dir32,0x0111105C,?g_vtbl_0111105C@@3PAPAXA,"nothing in the ledger owns 0x0111105C. Give the datum a data row first (tools/add_data_match.py), or use an address name (g_Va<VA>)"
dir32,0x01111070,?g_vtbl_01111070@@3PAPAXA,"nothing in the ledger owns 0x01111070. Give the datum a data row first (tools/add_data_match.py), or use an address name (g_Va<VA>)"
dir32,0x01111074,?g_vtbl_01111074@@3PAPAXA,"nothing in the ledger owns 0x01111074. Give the datum a data row first (tools/add_data_match.py), or use an address name (g_Va<VA>)"
dir32,0x01111088,?g_vtbl_01111088@@3PAPAXA,"nothing in the ledger owns 0x01111088. Give the datum a data row first (tools/add_data_match.py), or use an address name (g_Va<VA>)"
dir32,0x0111109C,?g_vtbl_0111109C@@3PAPAXA,"nothing in the ledger owns 0x0111109C. Give the datum a data row first (tools/add_data_match.py), or use an address name (g_Va<VA>)"
dir32,0x011110A0,?g_vtbl_011110A0@@3PAPAXA,"nothing in the ledger owns 0x011110A0. Give the datum a data row first (tools/add_data_match.py), or use an address name (g_Va<VA>)"
dir32,0x011110B4,?g_vtbl_011110B4@@3PAPAXA,"nothing in the ledger owns 0x011110B4. Give the datum a data row first (tools/add_data_match.py), or use an address name (g_Va<VA>)"
dir32,0x011110C8,?g_vtbl_011110C8@@3PAPAXA,"nothing in the ledger owns 0x011110C8. Give the datum a data row first (tools/add_data_match.py), or use an address name (g_Va<VA>)"
dir32,0x011110CC,?g_vtbl_011110CC@@3PAPAXA,"nothing in the ledger owns 0x011110CC. Give the datum a data row first (tools/add_data_match.py), or use an address name (g_Va<VA>)"
dir32,0x011110E0,?g_vtbl_011110E0@@3PAPAXA,"nothing in the ledger owns 0x011110E0. Give the datum a data row first (tools/add_data_match.py), or use an address name (g_Va<VA>)"
dir32,0x011110F4,?g_vtbl_011110F4@@3PAPAXA,"nothing in the ledger owns 0x011110F4. Give the datum a data row first (tools/add_data_match.py), or use an address name (g_Va<VA>)"
dir32,0x011110F8,?g_vtbl_011110F8@@3PAPAXA,"nothing in the ledger owns 0x011110F8. Give the datum a data row first (tools/add_data_match.py), or use an address name (g_Va<VA>)"
dir32,0x0111110C,?g_vtbl_0111110C@@3PAPAXA,"nothing in the ledger owns 0x0111110C. Give the datum a data row first (tools/add_data_match.py), or use an address name (g_Va<VA>)"
dir32,0x01111120,?g_vtbl_01111120@@3PAPAXA,"nothing in the ledger owns 0x01111120. Give the datum a data row first (tools/add_data_match.py), or use an address name (g_Va<VA>)"
dir32,0x01111124,?g_vtbl_01111124@@3PAPAXA,"nothing in the ledger owns 0x01111124. Give the datum a data row first (tools/add_data_match.py), or use an address name (g_Va<VA>)"
dir32,0x01111138,?g_vtbl_01111138@@3PAPAXA,"nothing in the ledger owns 0x01111138. Give the datum a data row first (tools/add_data_match.py), or use an address name (g_Va<VA>)"
dir32,0x0111114C,?g_vtbl_0111114C@@3PAPAXA,"nothing in the ledger owns 0x0111114C. Give the datum a data row first (tools/add_data_match.py), or use an address name (g_Va<VA>)"
dir32,0x01111150,?g_vtbl_01111150@@3PAPAXA,"nothing in the ledger owns 0x01111150. Give the datum a data row first (tools/add_data_match.py), or use an address name (g_Va<VA>)"
dir32,0x01111164,?g_vtbl_01111164@@3PAPAXA,"nothing in the ledger owns 0x01111164. Give the datum a data row first (tools/add_data_match.py), or use an address name (g_Va<VA>)"
dir32,0x01111178,?g_vtbl_01111178@@3PAPAXA,"nothing in the ledger owns 0x01111178. Give the datum a data row first (tools/add_data_match.py), or use an address name (g_Va<VA>)"
dir32,0x0111117C,?g_vtbl_0111117C@@3PAPAXA,"nothing in the ledger owns 0x0111117C. Give the datum a data row first (tools/add_data_match.py), or use an address name (g_Va<VA>)"
dir32,0x011111E8,?g_vtbl_011111E8@@3PAPAXA,"nothing in the ledger owns 0x011111E8. Give the datum a data row first (tools/add_data_match.py), or use an address name (g_Va<VA>)"
dir32,0x011111FC,?g_vtbl_011111FC@@3PAPAXA,"nothing in the ledger owns 0x011111FC. Give the datum a data row first (tools/add_data_match.py), or use an address name (g_Va<VA>)"
dir32,0x01111200,?g_vtbl_01111200@@3PAPAXA,"nothing in the ledger owns 0x01111200. Give the datum a data row first (tools/add_data_match.py), or use an address name (g_Va<VA>)"
dir32,0x01111240,?g_vtbl_01111240@@3PAPAXA,retail 0x01111240 is already recorded as ??_7?$ConcreteModuleTemplate@V?$ModuleTag@$04$E?LIGHTNING_EMISSION_MODULE_KEY@FXParticleSystem@@3QBDB$E?LIGHTNING_EMISS
dir32,0x01111254,?g_vtbl_01111254@@3PAPAXA,retail 0x01111254 is already recorded as ??_7?$ConcreteModuleTemplate@V?$ModuleTag@$04$E?LIGHTNING_EMISSION_MODULE_KEY@FXParticleSystem@@3QBDB$E?LIGHTNING_EMISS
dir32,0x01111258,?g_vtbl_01111258@@3PAPAXA,retail 0x01111258 is already recorded as ??_7?$ConcreteModuleTemplate@V?$ModuleTag@$04$E?LIGHTNING_EMISSION_MODULE_KEY@FXParticleSystem@@3QBDB$E?LIGHTNING_EMISS
dir32,0x0111126C,??_7BfmeHolderCU@@6B@,"retail 0x0111126C is already recorded as ??_7Rva005DD320MultiTailDtor@@6B@ (+13 more); reference that name, not a new one"
dir32,0x01111348,??_7T1Derived_005DEC00@@6BBfmeHolderCU@@@,"retail 0x01111348 is already recorded as ??_7Rva005ED8B0@@6BV3NodeHead@@@ (+1 more); reference that name, not a new one"
dir32,0x01111360,??_7T1Derived_005DEC40@@6BBfmeHolderCU@@@,"retail 0x01111360 is already recorded as ??_7Rva005ED310@@6BV3NodeHead@@@ (+1 more); reference that name, not a new one"
dir32,0x0111140C,?g_vtbl_0111140C@@3PAPAXA,"retail 0x0111140C is already recorded as ??_7ParticleLifeEventModuleTemplate@FXParticleSystem@@6BPLEMT_IfaceB@1@@ (+1 more); reference that name, not a new one"
dir32,0x01111420,?g_vtbl_01111420@@3PAPAXA,"retail 0x01111420 is already recorded as ??_7ParticleLifeEventModuleTemplate@FXParticleSystem@@6BPLEMT_IfaceA@1@@ (+1 more); reference that name, not a new one"
dir32,0x01111424,?g_vtbl_01111424@@3PAPAXA,"retail 0x01111424 is already recorded as ??_7ParticleLifeEventModuleTemplate@FXParticleSystem@@6BPLEMT_Base@1@@ (+1 more); reference that name, not a new one"
dir32,0x01111438,?g_vtbl_01111438@@3PAPAXA,retail 0x01111438 is already recorded as ??_7ParticleTerrainCollisionModuleTemplate@FXParticleSystem@@6BTerrainCollisionTemplateIfaceB@1@@ (+1 more); reference 
dir32,0x0111144C,?g_vtbl_0111144C@@3PAPAXA,retail 0x0111144C is already recorded as ??_7ParticleTerrainCollisionModuleTemplate@FXParticleSystem@@6BTerrainCollisionTemplateIfaceA@1@@ (+1 more); reference 
dir32,0x01111450,?g_vtbl_01111450@@3PAPAXA,retail 0x01111450 is already recorded as ??_7ParticleTerrainCollisionModuleTemplate@FXParticleSystem@@6BTerrainCollisionModuleTemplate@1@@ (+1 more); reference 
dir32,0x01111824,?g_01111824@@3QBDB,"retail 0x01111824 is already recorded as ??_7?$DefaultParticleModule@$04@FXParticleSystem@@6BParticleModuleSnapshotSlice@1@@ (+3 more); reference that name, not"
dir32,0x01111828,?g_01111828@@3QBDB,"retail 0x01111828 is already recorded as ??_7?$DefaultParticleModule@$04@FXParticleSystem@@6BParticleModuleCategorySlice@1@@ (+3 more); reference that name, not"
dir32,0x0111182C,??_7?$DefaultParticleModule@$04@FXParticleSystem@@6BBfmeHolderCU@@@,"retail 0x0111182C is already recorded as ??_7?$DefaultParticleModule@$04@FXParticleSystem@@6BT1A1_005DD290@@@ (+3 more); reference that name, not a new one"
dir32,0x0111182C,??_7U1Ctor_005E3300@@6BBfmeHolderCU@@@,"retail 0x0111182C is already recorded as ??_7?$DefaultParticleModule@$04@FXParticleSystem@@6BT1A1_005DD290@@@ (+3 more); reference that name, not a new one"
dir32,0x0111182C,?g_0111182C@@3QBDB,"retail 0x0111182C is already recorded as ??_7?$DefaultParticleModule@$04@FXParticleSystem@@6BT1A1_005DD290@@@ (+3 more); reference that name, not a new one"
dir32,0x011118EC,??_7BoxEmissionVolumeModule@FXParticleSystem@@6BBfmeHolderCU@@@,"retail 0x011118EC is already recorded as ??_7BoxEmissionVolumeModule@FXParticleSystem@@6BT1A1_005DD290@@@ (+1 more); reference that name, not a new one"
dir32,0x0111196C,??_7CylinderEmissionVolumeModule@FXParticleSystem@@6BBfmeHolderCU@@@,"retail 0x0111196C is already recorded as ??_7CylinderEmissionVolumeModule@FXParticleSystem@@6BT1A1_005DD290@@@ (+1 more); reference that name, not a new one"
dir32,0x01111994,??_7?$DefaultParticleModule@$03@FXParticleSystem@@6BBfmeHolderCU@@@,"retail 0x01111994 is already recorded as ??_7?$DefaultParticleModule@$03@FXParticleSystem@@6BT1A1_005DD290@@@ (+3 more); reference that name, not a new one"
dir32,0x01111994,??_7T1Derived_005E38E0@@6BBfmeHolderCU@@@,"retail 0x01111994 is already recorded as ??_7?$DefaultParticleModule@$03@FXParticleSystem@@6BT1A1_005DD290@@@ (+3 more); reference that name, not a new one"
dir32,0x011119B0,??_7OrthoEmissionVelocityModule@FXParticleSystem@@6BBfmeHolderCU@@@,"retail 0x011119B0 is already recorded as ??_7OrthoEmissionVelocityModule@FXParticleSystem@@6BT1A1_005DD290@@@ (+1 more); reference that name, not a new one"
dir32,0x011119F4,??_7SphericalEmissionVelocityModule@FXParticleSystem@@6BBfmeHolderCU@@@,"retail 0x011119F4 is already recorded as ??_7Rva005ED3E0@@6BV3Head14@@@ (+1 more); reference that name, not a new one"
dir32,0x01111A54,??_7CylindricalEmissionVelocityModule@FXParticleSystem@@6BBfmeHolderCU@@@,"retail 0x01111A54 is already recorded as ??_7CylindricalEmissionVelocityModule@FXParticleSystem@@6BT1A1_005DD290@@@ (+1 more); reference that name, not a new on"
dir32,0x01111A84,??_7OutwardEmissionVelocityModule@FXParticleSystem@@6BBfmeHolderCU@@@,"retail 0x01111A84 is already recorded as ??_7OutwardEmissionVelocityModule@FXParticleSystem@@6BT1A1_005DD290@@@ (+1 more); reference that name, not a new one"
dir32,0x01111F04,??_7GenY005E5D90@@6BBfmeA1189@@@,"retail 0x01111F04 is already recorded as ??_7T1Derived_005E9540@@6BT1P2_005E9570@@@ (+1 more); reference that name, not a new one"
dir32,0x01111F18,??_7GenY005E5D90@@6BPolymorphicVptrBase01073760@@@,"retail 0x01111F18 is already recorded as ??_7MidY005E5D90@@6B@ (+1 more); reference that name, not a new one"
dir32,0x01111F1C,??_7GenY005E5D90@@6BBaseY005E5D90Primary@@@,"retail 0x01111F1C is already recorded as ??_7GenY005E5D90@@6B@ (+1 more); reference that name, not a new one"
dir32,0x011121D4,?g_vtbl_011121D4@@3PAPAXA,"retail 0x011121D4 is already recorded as ??_7T1Derived_005E6580@@6BT1P2_005E3950@@@ (+1 more); reference that name, not a new one"
dir32,0x011121E8,?g_vtbl_011121E8@@3PAPAXA,"retail 0x011121E8 is already recorded as ??_7MidX005ED230@@6B@ (+1 more); reference that name, not a new one"
dir32,0x011121EC,?g_vtbl_011121EC@@3PAPAXA,"retail 0x011121EC is already recorded as ??_7GenX005ED230@@6B@ (+1 more); reference that name, not a new one"
dir32,0x01112204,?g_vtbl_01112204@@3PAPAXA,"retail 0x01112204 is already recorded as ??_7T1Derived_005E6670@@6BT1P2_005E3A20@@@ (+1 more); reference that name, not a new one"
dir32,0x01112218,?g_vtbl_01112218@@3PAPAXA,"retail 0x01112218 is already recorded as ??_7MidX005ED360@@6B@ (+1 more); reference that name, not a new one"
dir32,0x0111221C,?g_vtbl_0111221C@@3PAPAXA,"retail 0x0111221C is already recorded as ??_7GenX005ED360@@6B@ (+1 more); reference that name, not a new one"
dir32,0x01112234,?g_vtbl_01112234@@3PAPAXA,"retail 0x01112234 is already recorded as ??_7Rva005ED4E0@@6BV3Slot2@@@ (+1 more); reference that name, not a new one"
dir32,0x01112248,?g_vtbl_01112248@@3PAPAXA,"retail 0x01112248 is already recorded as ??_7Rva005ED4E0@@6BV3Slot1@@@ (+1 more); reference that name, not a new one"
dir32,0x0111224C,?g_vtbl_0111224C@@3PAPAXA,"retail 0x0111224C is already recorded as ??_7Rva005ED4E0@@6BV3Slot0@@@ (+1 more); reference that name, not a new one"
dir32,0x01112264,?g_vtbl_01112264@@3PAPAXA,"retail 0x01112264 is already recorded as ??_7T1Derived_005E6850@@6BT1P2_005E3B90@@@ (+1 more); reference that name, not a new one"
dir32,0x01112278,?g_vtbl_01112278@@3PAPAXA,"retail 0x01112278 is already recorded as ??_7MidX005ED510@@6B@ (+1 more); reference that name, not a new one"
dir32,0x0111227C,?g_vtbl_0111227C@@3PAPAXA,"retail 0x0111227C is already recorded as ??_7GenX005ED510@@6B@ (+1 more); reference that name, not a new one"
dir32,0x01112294,?g_vtbl_01112294@@3PAPAXA,"retail 0x01112294 is already recorded as ??_7T1Derived_005E6940@@6BT1P2_005E3C90@@@ (+1 more); reference that name, not a new one"
dir32,0x011122A8,?g_vtbl_011122A8@@3PAPAXA,"retail 0x011122A8 is already recorded as ??_7MidX005ED630@@6B@ (+1 more); reference that name, not a new one"
dir32,0x011122AC,?g_vtbl_011122AC@@3PAPAXA,"retail 0x011122AC is already recorded as ??_7GenX005ED630@@6B@ (+1 more); reference that name, not a new one"
dir32,0x011122C4,?g_vtbl_011122C4@@3PAPAXA,"retail 0x011122C4 is already recorded as ??_7Rva005ED7D0@@6BV3Slot3@@@ (+1 more); reference that name, not a new one"
dir32,0x011122D8,?g_vtbl_011122D8@@3PAPAXA,"retail 0x011122D8 is already recorded as ??_7Rva005ED7D0@@6BV3Slot2@@@ (+1 more); reference that name, not a new one"
dir32,0x011122DC,?g_vtbl_011122DC@@3PAPAXA,"retail 0x011122DC is already recorded as ??_7Rva005ED7D0@@6BV3Slot1@@@ (+1 more); reference that name, not a new one"
dir32,0x011122E0,?g_vtbl_011122E0@@3PAPAXA,"retail 0x011122E0 is already recorded as ??_7Rva005ED7D0@@6BV3Slot0@@@ (+1 more); reference that name, not a new one"
dir32,0x01112304,?g_vtbl_01112304@@3PAPAXA,"retail 0x01112304 is already recorded as ??_7Rva005ED980@@6BV3Slot3@@@ (+1 more); reference that name, not a new one"
dir32,0x01112318,?g_vtbl_01112318@@3PAPAXA,"retail 0x01112318 is already recorded as ??_7Rva005ED980@@6BV3Slot2@@@ (+1 more); reference that name, not a new one"
dir32,0x0111231C,?g_vtbl_0111231C@@3PAPAXA,"retail 0x0111231C is already recorded as ??_7Rva005ED980@@6BV3Slot1@@@ (+1 more); reference that name, not a new one"
dir32,0x01112320,?g_vtbl_01112320@@3PAPAXA,"retail 0x01112320 is already recorded as ??_7Rva005ED980@@6BV3Slot0@@@ (+1 more); reference that name, not a new one"
dir32,0x01112344,?g_vtbl_01112344@@3PAPAXA,"retail 0x01112344 is already recorded as ??_7Rva005EDB10@@6BV3Slot3@@@ (+1 more); reference that name, not a new one"
dir32,0x01112358,?g_vtbl_01112358@@3PAPAXA,"retail 0x01112358 is already recorded as ??_7Rva005EDB10@@6BV3Slot2@@@ (+1 more); reference that name, not a new one"
dir32,0x0111235C,?g_vtbl_0111235C@@3PAPAXA,"retail 0x0111235C is already recorded as ??_7Rva005EDB10@@6BV3Slot1@@@ (+1 more); reference that name, not a new one"
dir32,0x01112360,?g_vtbl_01112360@@3PAPAXA,"retail 0x01112360 is already recorded as ??_7Rva005EDB10@@6BV3Slot0@@@ (+1 more); reference that name, not a new one"
dir32,0x01112384,?g_vtbl_01112384@@3PAPAXA,"retail 0x01112384 is already recorded as ??_7Rva005EDC80@@6BV3Slot3@@@ (+1 more); reference that name, not a new one"
dir32,0x01112398,?g_vtbl_01112398@@3PAPAXA,"retail 0x01112398 is already recorded as ??_7Rva005EDC80@@6BV3Slot2@@@ (+1 more); reference that name, not a new one"
dir32,0x0111239C,?g_vtbl_0111239C@@3PAPAXA,"retail 0x0111239C is already recorded as ??_7Rva005EDC80@@6BV3Slot1@@@ (+1 more); reference that name, not a new one"
dir32,0x011123A0,?g_vtbl_011123A0@@3PAPAXA,"retail 0x011123A0 is already recorded as ??_7Rva005EDC80@@6BV3Slot0@@@ (+1 more); reference that name, not a new one"
dir32,0x011123C4,?g_vtbl_011123C4@@3PAPAXA,"retail 0x011123C4 is already recorded as ??_7Rva005EDDE0@@6BV3Slot3@@@ (+1 more); reference that name, not a new one"
dir32,0x011123D8,?g_vtbl_011123D8@@3PAPAXA,"retail 0x011123D8 is already recorded as ??_7Rva005EDDE0@@6BV3Slot2@@@ (+1 more); reference that name, not a new one"
dir32,0x011123DC,?g_vtbl_011123DC@@3PAPAXA,"retail 0x011123DC is already recorded as ??_7Rva005EDDE0@@6BV3Slot1@@@ (+1 more); reference that name, not a new one"
dir32,0x011123E0,?g_vtbl_011123E0@@3PAPAXA,"retail 0x011123E0 is already recorded as ??_7Rva005EDDE0@@6BV3Slot0@@@ (+1 more); reference that name, not a new one"
dir32,0x01112404,?g_01112404@@3QBDB,"nothing in the ledger owns 0x01112404. Give the datum a data row first (tools/add_data_match.py), or use an address name (g_Va<VA>)"
dir32,0x01112404,?g_vtbl_01112404@@3PAPAXA,"nothing in the ledger owns 0x01112404. Give the datum a data row first (tools/add_data_match.py), or use an address name (g_Va<VA>)"
dir32,0x01112418,?g_01112418@@3QBDB,"nothing in the ledger owns 0x01112418. Give the datum a data row first (tools/add_data_match.py), or use an address name (g_Va<VA>)"
dir32,0x01112418,?g_vtbl_01112418@@3PAPAXA,"nothing in the ledger owns 0x01112418. Give the datum a data row first (tools/add_data_match.py), or use an address name (g_Va<VA>)"
dir32,0x0111241C,?g_0111241C@@3QBDB,"nothing in the ledger owns 0x0111241C. Give the datum a data row first (tools/add_data_match.py), or use an address name (g_Va<VA>)"
dir32,0x0111241C,?g_vtbl_0111241C@@3PAPAXA,"nothing in the ledger owns 0x0111241C. Give the datum a data row first (tools/add_data_match.py), or use an address name (g_Va<VA>)"
dir32,0x01112420,?g_01112420@@3QBDB,"nothing in the ledger owns 0x01112420. Give the datum a data row first (tools/add_data_match.py), or use an address name (g_Va<VA>)"
dir32,0x01112420,?g_vtbl_01112420@@3PAPAXA,"nothing in the ledger owns 0x01112420. Give the datum a data row first (tools/add_data_match.py), or use an address name (g_Va<VA>)"
dir32,0x01112EA0,??_7T4Derived_005F2C60@@6BBfmeHolderCU@@@,"retail 0x01112EA0 is already recorded as ??_7Rva005EB7B0@@6BV3NodeHead@@@ (+1 more); reference that name, not a new one"
dir32,0x01113040,??_7T4Derived_005EEB70@@6BBfmeHolderCU@@@,"retail 0x01113040 is already recorded as ??_7T1BaseForward_005EEBC0@@6BBfmeHolderCU@@@ (+2 more); reference that name, not a new one"
dir32,0x0111305C,??_7T4Derived_005EEA10@@6BBfmeHolderCU@@@,"retail 0x0111305C is already recorded as ??_7Rva005EC230@@6BV3NodeHead@@@ (+1 more); reference that name, not a new one"
dir32,0x011130AC,??_7T4Derived_005EFD10@@6BBfmeHolderCU@@@,"retail 0x011130AC is already recorded as ??_7T4Derived_005EFD10@@6BT1A1_005DD290@@@; reference that name, not a new one"
dir32,0x011130CC,??_7T4Derived_005EFCC0@@6BBfmeHolderCU@@@,"retail 0x011130CC is already recorded as ??_7Rva005EC4C0@@6BV3NodeHead@@@ (+1 more); reference that name, not a new one"
dir32,0x01113120,??_7T4Derived_005FDE30@@6BBfmeHolderCU@@@,"retail 0x01113120 is already recorded as ??_7T1Intermediate_005FDE80@@6BT1A1_005DD290@@@ (+2 more); reference that name, not a new one"
dir32,0x01113144,??_7T4Derived_005FDDE0@@6BBfmeHolderCU@@@,"retail 0x01113144 is already recorded as ??_7Rva005EC730@@6BV3NodeHead@@@ (+1 more); reference that name, not a new one"
dir32,0x01113190,??_7T4Derived_005FFD60@@6BBfmeHolderCU@@@,"retail 0x01113190 is already recorded as ??_7DefaultModule2Base@@6BBfmeHolderCU@@@ (+2 more); reference that name, not a new one"
dir32,0x011131AC,??_7T4Derived_005FFB60@@6BBfmeHolderCU@@@,"retail 0x011131AC is already recorded as ??_7Rva005EC930@@6BV3NodeHead@@@ (+1 more); reference that name, not a new one"
dir32,0x011131F8,??_7T4Derived_005FEA00@@6BBfmeHolderCU@@@,"retail 0x011131F8 is already recorded as ??_7Rva005ECB80@@6BV3NodeHead@@@ (+2 more); reference that name, not a new one"
dir32,0x0111323C,??_7TerrainCollisionParticleBase@FXParticleSystem@@6B?$CategoryModuleInfo@$07@1@@,"retail 0x0111323C is already recorded as ??_7ParticleLifeEventModule@FXParticleSystem@@6BLifeEventFlagsSlice@1@@ (+4 more); reference that name, not a new one"
dir32,0x01113244,??_7T4Derived_005FC8C0@@6BBfmeHolderCU@@@,"retail 0x01113244 is already recorded as ??_7ParticleLifeEventModule@FXParticleSystem@@6BBfmeHolderCU@@@ (+4 more); reference that name, not a new one"
dir32,0x01113260,??_7T4Derived_005FC870@@6BBfmeHolderCU@@@,"retail 0x01113260 is already recorded as ??_7Rva005ECE20@@6BV3NodeHead@@@ (+1 more); reference that name, not a new one"
dir32,0x011132B8,??_7TerrainCollisionModule@FXParticleSystem@@6B?$CategoryModuleInfo@$07@1@@,"retail 0x011132B8 is already recorded as ??_7TerrainCollisionModule@FXParticleSystem@@6BTerrainCollisionFlagsSlice@1@@ (+1 more); reference that name, not a new"
dir32,0x01114BB0,?m_terrainRoadFieldParseTable@TerrainRoadType@@1QBUFieldParse@@B,"retail 0x01114BB0 is already recorded as ?m_terrainRoadFieldParseTable@TerrainRoadType@@2QBUFieldParse@@B; reference that name, not a new one"
dir32,0x01115588,??_7ASCB_Iface@@6B@,"retail 0x01115588 is already recorded as ??_7Rva00604B30@@6B@ (+1 more); reference that name, not a new one"
dir32,0x011155A0,??_7AnimationSoundClientBehavior@@6BDrawableModule@@@,"retail 0x011155A0 is already recorded as ??_7AnimationSoundClientBehavior@@6BASCB_MiddleBase@@@ (+1 more); reference that name, not a new one"
dir32,0x01116F40,?g_01116F40@@3PAULookupListRec@@A,"nothing in the ledger owns 0x01116F40. Give the datum a data row first (tools/add_data_match.py), or use an address name (g_Va<VA>)"
dir32,0x0111A2B0,??_7ConnectionManager@@6B@,"nothing in the ledger owns 0x0111A2B0. Give the datum a data row first (tools/add_data_match.py), or use an address name (g_Va<VA>)"
dir32,0x0111BAC8,?g_rva0111BAC8@@3PAURva006A16B0Entry@@A,"retail 0x0111BAC8 is already recorded as ?Rva006A16B0Table@@3PAURva006A16B0Entry@@A; reference that name, not a new one"
dir32,0x0111BD80,??_7Rva00694E00@@6BSubsystemInterface@@@,"retail 0x0111BD80 is already recorded as ??_7Rva00694E00@@6BGenBase009A1A30@@@; reference that name, not a new one"
dir32,0x0111C0AC,??_7MilesAudioManager@@6BSnapshot@@@,"nothing in the ledger owns 0x0111C0AC. Give the datum a data row first (tools/add_data_match.py), or use an address name (g_Va<VA>)"
dir32,0x0111C0C0,??_7MilesAudioManager@@6BSubsystemInterface@@@,"nothing in the ledger owns 0x0111C0C0. Give the datum a data row first (tools/add_data_match.py), or use an address name (g_Va<VA>)"
dir32,0x0111C2A0,?g_rva0111C2A0@@3QBDB,"retail 0x0111C2A0 is already recorded as ?g_bfmeMsgUVB@@3PADA; reference that name, not a new one"
dir32,0x0111D770,?g_111d770@@3QBDB,"nothing in the ledger owns 0x0111D770. Give the datum a data row first (tools/add_data_match.py), or use an address name (g_Va<VA>)"
dir32,0x0111EDD0,??_7Gen006EF850@@6B@,"retail 0x0111EDD0 is already recorded as ??_7W3DDisplay@@6B@; reference that name, not a new one"
dir32,0x01120A4C,?g_01120A4C@@3PAPBXA,"nothing in the ledger owns 0x01120A4C. Give the datum a data row first (tools/add_data_match.py), or use an address name (g_Va<VA>)"
dir32,0x01121748,?g_01121748@@3QBDB,"nothing in the ledger owns 0x01121748. Give the datum a data row first (tools/add_data_match.py), or use an address name (g_Va<VA>)"
dir32,0x011217A0,??_7Rva00745B10Owner@@6BView@@@,"retail 0x011217A0 is already recorded as ??_7Rva00745B10Owner@@6BRva0045C1B0Base@@@; reference that name, not a new one"
dir32,0x01121AE8,??_7GDIFileStream@@6B@,"retail 0x01121AE8 is already recorded as ??_7Gen_00749740@@6B@; reference that name, not a new one"
dir32,0x011229A0,??_7LaserDrawInterface@@6B@,"retail 0x011229A0 is already recorded as ??_7Rva00756C70@@6B@; reference that name, not a new one"
dir32,0x01126AE4,?R2Data01126AE4@@3HA,"retail 0x01126AE4 is already recorded as ??_7Gen_007875E0@@6B@; reference that name, not a new one"
dir32,0x01126C28,??_7Rva00789650@?A0xf8b512bf@@6B@,"retail 0x01126C28 is already recorded as ??_7Rva00789650@@6B@; reference that name, not a new one"
dir32,0x01126CCC,??_7Rva00789900Init@@6B@,"retail 0x01126CCC is already recorded as ?g_Rva00789900Table@@3PAPAXA; reference that name, not a new one"
dir32,0x01126D84,??_7Rva0078CFB0SentenceHolderBase@@6B@,"retail 0x01126D84 is already recorded as ??_7Gen0078D1C0Base@@6B@ (+1 more); reference that name, not a new one"
dir32,0x01126DA0,??_7Rva0078CFB0SentenceHolder@@6B@,"retail 0x01126DA0 is already recorded as ??_7Gen0078D1C0@@6B@ (+1 more); reference that name, not a new one"
dir32,0x01127A34,??_7AptPalantir@@6BSnapshot@@@,"retail 0x01127A34 is already recorded as ??_7Rva0079D1D0AptPalantir@@6BSnapshot@@@; reference that name, not a new one"
dir32,0x01127A48,??_7AptPalantir@@6BSubsystemInterface@@@,"retail 0x01127A48 is already recorded as ??_7Rva0079D1D0AptPalantir@@6BSubsystemInterface@@@; reference that name, not a new one"
dir32,0x011283AC,??_7ProjectedShadowManager@@6B@,"retail 0x011283AC is already recorded as ??_7Rva007AE380Deleting@@6B@ (+1 more); reference that name, not a new one"
dir32,0x01128C0C,?g_01128C0C@@3PAPBXA,"nothing in the ledger owns 0x01128C0C. Give the datum a data row first (tools/add_data_match.py), or use an address name (g_Va<VA>)"
dir32,0x011296B0,??_7Rva008038F0Tail@@6B@,"retail 0x011296B0 is already recorded as ??_7Energy@@6B@ (+8 more); reference that name, not a new one"
dir32,0x01129744,??_7Rva007E92F0BaseB@@6B@,"retail 0x01129744 is already recorded as ??_7Q3MakeBaseB@@6B@ (+3 more); reference that name, not a new one"
dir32,0x01129758,??_7Rva007E9080ReseatTailDtor@@6B@,"retail 0x01129758 is already recorded as ??_7Gen007E9B10@@6B@ (+1 more); reference that name, not a new one"
dir32,0x01129808,??_7Rva007E92F0Object@@6BRva007E92F0BaseB@@@,"retail 0x01129808 is already recorded as ??_7Rva007E9B40Object@@6BQ3MakeBaseB@@@; reference that name, not a new one"
dir32,0x01129810,??_7Rva007E92F0Object@@6BRva007E92F0BaseA@@@,"retail 0x01129810 is already recorded as ??_7Rva007E9B40Object@@6BQ3MakeBaseA@@@; reference that name, not a new one"
dir32,0x01129AF4,??_7Rva007EA6C0VtableReseat@@6B@,"retail 0x01129AF4 is already recorded as ??_7Rva007EA6D0Deleting@@6B@ (+1 more); reference that name, not a new one"
dir32,0x01129D1C,??_7Rva007EB730VfptrCtor@@6B@,the name encodes 0x007EB730 but retail reads 0x01129D1C
dir32,0x01129D30,??_7Rva007EB850Log@@6B@,"retail 0x01129D30 is already recorded as ?g_bfmeVftTDA@@3PAPAXA (+3 more); reference that name, not a new one"
dir32,0x0112A590,??_7Rva007EFF30VfptrCtor@@6B@,the name encodes 0x007EFF30 but retail reads 0x0112A590
dir32,0x0112A5C4,??_7Rva007F0080Owner@@6B@,the name encodes 0x007F0080 but retail reads 0x0112A5C4
dir32,0x0112A5C4,?g_0112A5C4@@3PAPAXA,"nothing in the ledger owns 0x0112A5C4. Give the datum a data row first (tools/add_data_match.py), or use an address name (g_Va<VA>)"
dir32,0x0112A5F8,??_7Rva007F03B0ReseatTailDtor@@6B@,"retail 0x0112A5F8 is already recorded as ??_7Gen007F1BF0@@6B@ (+1 more); reference that name, not a new one"
dir32,0x0112AB34,??_7Rva007F1C80ReseatTailDtor@@6B@,"retail 0x0112AB34 is already recorded as ??_7Gen007F2120@@6B@ (+1 more); reference that name, not a new one"
dir32,0x0112AC70,??_7Rva007F2200ReseatTailDtor@@6B@,"retail 0x0112AC70 is already recorded as ??_7Gen007F2E30@@6B@ (+1 more); reference that name, not a new one"
dir32,0x0112AF04,??_7Rva007F2E90ReseatTailDtor@@6B@,"retail 0x0112AF04 is already recorded as ??_7Gen007F33E0@@6B@ (+1 more); reference that name, not a new one"
dir32,0x0112B048,??_7Rva007F3590ReseatTailDtor@@6B@,"retail 0x0112B048 is already recorded as ??_7Gen007F40C0@@6B@ (+1 more); reference that name, not a new one"
dir32,0x0112B248,??_7Rva007F4120ReseatTailDtor@@6B@,"retail 0x0112B248 is already recorded as ??_7Gen007F47E0@@6B@ (+1 more); reference that name, not a new one"
dir32,0x0112B3AC,??_7Rva007F48B0VtableReseat@@6B@,"retail 0x0112B3AC is already recorded as ??_7Rva007F4860Owner@@6B@ (+3 more); reference that name, not a new one"
dir32,0x0112B3B8,??_7Rva007FA670VtableReseat@@6B@,"retail 0x0112B3B8 is already recorded as ??_7Rva007FA8E0Deleting@@6B@ (+2 more); reference that name, not a new one"
dir32,0x0112B3C8,??_7Rva007F48A0ReseatTailDtor@@6B@,"retail 0x0112B3C8 is already recorded as ??_7Rva007F4900CleanupDeleting@@6B@ (+1 more); reference that name, not a new one"
dir32,0x0112B3E4,??_7Rva007F48C0VtableReseat@@6B@,"retail 0x0112B3E4 is already recorded as ??_7Rva007F48D0Deleting@@6B@; reference that name, not a new one"
dir32,0x0112B568,?g_0112B568@@3PADA,"nothing in the ledger owns 0x0112B568. Give the datum a data row first (tools/add_data_match.py), or use an address name (g_Va<VA>)"
dir32,0x0112B598,??_7Rva007F5540VfptrCtor@@6B@,"retail 0x0112B598 is already recorded as ?g_bfmeVftBTWB@@3PAPAXA; reference that name, not a new one"
dir32,0x0112B680,?Rva0112B680@@3PAPBXA,"retail 0x0112B680 is already recorded as ?g_0112B680@@3PAPBXA; reference that name, not a new one"
dir32,0x0112B890,??_7Rva007F8720VtableReseat@@6B@,"retail 0x0112B890 is already recorded as ??_7Rva007F89B0Deleting@@6B@ (+1 more); reference that name, not a new one"
dir32,0x0112B954,??_7Rva007F8DA0VtableReseat@@6B@,"retail 0x0112B954 is already recorded as ??_7Rva007F8F40Deleting@@6B@ (+1 more); reference that name, not a new one"
dir32,0x0112B980,??_7Rva007F8F60VfptrCtor@@6B@,the name encodes 0x007F8F60 but retail reads 0x0112B980
dir32,0x0112B9A8,??_7Rva007F95D0VtableReseat@@6B@,"retail 0x0112B9A8 is already recorded as ??_7Rva007F96A0Deleting@@6B@ (+1 more); reference that name, not a new one"
dir32,0x0112B9C0,??_7Rva007F9130VfptrCtor@@6B@,"retail 0x0112B9C0 is already recorded as ?g_0112B9C0@@3PAPBXA; reference that name, not a new one"
dir32,0x0112BC0C,??_7Rva007FA970VtableReseat@@6B@,"retail 0x0112BC0C is already recorded as ??_7Rva007FAD50Deleting@@6B@ (+1 more); reference that name, not a new one"
dir32,0x0112BCD0,??_7Rva007FADD0ReseatTailDtor@@6B@,"retail 0x0112BCD0 is already recorded as ??_7Gen007FBAF0@@6B@ (+1 more); reference that name, not a new one"
dir32,0x0112BEB0,??_7Rva007FBB50VtableReseat@@6B@,"retail 0x0112BEB0 is already recorded as ??_7Rva007FBBE0Deleting@@6B@ (+1 more); reference that name, not a new one"
dir32,0x0112BEE8,??_7Rva007FBC20ReseatTailDtor@@6B@,"retail 0x0112BEE8 is already recorded as ??_7Gen007FCF50@@6B@ (+1 more); reference that name, not a new one"
dir32,0x0112C148,??_7Rva007FCFB0VtableReseat@@6B@,"retail 0x0112C148 is already recorded as ??_7Rva007FD040Deleting@@6B@ (+1 more); reference that name, not a new one"
dir32,0x0112C358,??_7Rva008011C0VfptrCtor@@6B@,"retail 0x0112C358 is already recorded as ?g_bfmeVftBVHW@@3PAHA; reference that name, not a new one"
dir32,0x0112C408,??_7Rva00801420VtableReseat@@6B@,"retail 0x0112C408 is already recorded as ??_7T2EmptyDtor_008018a0@@6B@ (+1 more); reference that name, not a new one"
dir32,0x0112C4E8,??_7Rva00802200VtableReseat@@6B@,"retail 0x0112C4E8 is already recorded as ??_7Rva00802380Base@@6B@ (+1 more); reference that name, not a new one"
dir32,0x0112C4FC,??_7Rva00802280VtableReseat@@6B@,"retail 0x0112C4FC is already recorded as ??_7Rva00802680Base@@6B@ (+1 more); reference that name, not a new one"
dir32,0x0112C570,??_7Rva00802870VtableReseat@@6B@,"retail 0x0112C570 is already recorded as ??_7Rva00802CA0Base@@6B@ (+1 more); reference that name, not a new one"
dir32,0x0112C640,??_7Rva00802E30VtableReseat@@6B@,"retail 0x0112C640 is already recorded as ??_7Rva00802EC0Base@@6B@ (+1 more); reference that name, not a new one"
dir32,0x0112C754,??_7Rva008062F0VtableReseat@@6B@,"retail 0x0112C754 is already recorded as ??_7T2EmptyDtor_00806460@@6B@; reference that name, not a new one"
dir32,0x0112C7C0,?g_0112C7C0@@3PAXA,"nothing in the ledger owns 0x0112C7C0. Give the datum a data row first (tools/add_data_match.py), or use an address name (g_Va<VA>)"
dir32,0x0112C8A0,?g_0112C8A0@@3QBDB,"nothing in the ledger owns 0x0112C8A0. Give the datum a data row first (tools/add_data_match.py), or use an address name (g_Va<VA>)"
dir32,0x0112C8B8,?g_0112C8B8@@3QBDB,"nothing in the ledger owns 0x0112C8B8. Give the datum a data row first (tools/add_data_match.py), or use an address name (g_Va<VA>)"
dir32,0x0112E8AC,?g_Va0112E8AC@@3TRva0112E8ACValue@@B,"retail 0x0112E8AC is already recorded as ?g_bfmeDefaultQA@@3HA; reference that name, not a new one"
dir32,0x0112E95C,??_7?$money_get@DV?$istreambuf_iterator@DV?$char_traits@D@_STL@@@_STL@@@_STL@@6B@,"??_7?$money_get@DV?$istreambuf_iterator@DV?$char_traits@D@_STL@@@_STL@@@_STL@@6B@ is a function the ledger places elsewhere, not at 0x0112E95C"
dir32,0x0112E96C,??_7?$money_put@DV?$ostreambuf_iterator@DV?$char_traits@D@_STL@@@_STL@@@_STL@@6B@,"nothing in the ledger owns 0x0112E96C. Give the datum a data row first (tools/add_data_match.py), or use an address name (g_Va<VA>)"
dir32,0x0112E97C,??_7?$num_get@DV?$istreambuf_iterator@DV?$char_traits@D@_STL@@@_STL@@@_STL@@6B@,"??_7?$num_get@DV?$istreambuf_iterator@DV?$char_traits@D@_STL@@@_STL@@@_STL@@6B@ is a function the ledger places elsewhere, not at 0x0112E97C"
dir32,0x0112E9B0,??_7?$num_put@DV?$ostreambuf_iterator@DV?$char_traits@D@_STL@@@_STL@@@_STL@@6B@,"??_7?$num_put@DV?$ostreambuf_iterator@DV?$char_traits@D@_STL@@@_STL@@@_STL@@6B@ is a function the ledger places elsewhere, not at 0x0112E9B0"
dir32,0x0112E9D8,??_7?$money_get@GV?$istreambuf_iterator@GV?$char_traits@G@_STL@@@_STL@@@_STL@@6B@,"??_7?$money_get@GV?$istreambuf_iterator@GV?$char_traits@G@_STL@@@_STL@@@_STL@@6B@ is a function the ledger places elsewhere, not at 0x0112E9D8"
dir32,0x0112E9E8,??_7?$money_put@GV?$ostreambuf_iterator@GV?$char_traits@G@_STL@@@_STL@@@_STL@@6B@,"??_7?$money_put@GV?$ostreambuf_iterator@GV?$char_traits@G@_STL@@@_STL@@@_STL@@6B@ is a function the ledger places elsewhere, not at 0x0112E9E8"
dir32,0x0112E9F8,??_7?$num_get@GV?$istreambuf_iterator@GV?$char_traits@G@_STL@@@_STL@@@_STL@@6B@,"??_7?$num_get@GV?$istreambuf_iterator@GV?$char_traits@G@_STL@@@_STL@@@_STL@@6B@ is a function the ledger places elsewhere, not at 0x0112E9F8"
dir32,0x0112EA2C,??_7?$num_put@GV?$ostreambuf_iterator@GV?$char_traits@G@_STL@@@_STL@@@_STL@@6B@,"??_7?$num_put@GV?$ostreambuf_iterator@GV?$char_traits@G@_STL@@@_STL@@@_STL@@6B@ is a function the ledger places elsewhere, not at 0x0112EA2C"
dir32,0x0112EB34,??_7_Locale_impl@_STL@@6B@,"retail 0x0112EB34 is already recorded as _bfmeVft1030B; reference that name, not a new one"
dir32,0x0112F27C,??_7stdio_istreambuf@_SgI@@6B@,"??_7stdio_istreambuf@_SgI@@6B@ is a function the ledger places elsewhere, not at 0x0112F27C"
dir32,0x0112F2B8,??_7stdio_ostreambuf@_SgI@@6B@,"??_7stdio_ostreambuf@_SgI@@6B@ is a function the ledger places elsewhere, not at 0x0112F2B8"
dir32,0x0112F430,?__narrow_atoms@_STL@@3QBDB,"nothing in the ledger owns 0x0112F430. Give the datum a data row first (tools/add_data_match.py), or use an address name (g_Va<VA>)"
dir32,0x0112FBDC,??_7stdio_streambuf_base@_SgI@@6B@,"retail 0x0112FBDC is already recorded as _bfmeVftDFA (+3 more); reference that name, not a new one"
dir32,0x01132ECC,?g_01132ECC@@3PAPBXA,"retail 0x01132ECC is already recorded as ??_7Cftp@@6B@; reference that name, not a new one"
dir32,0x01135D68,_bfmeVftAptValue,"retail 0x01135D68 is already recorded as ??_7AptValue@@6B@ (+22 more); reference that name, not a new one"
dir32,0x01136058,??_7Rva008B2DF0Middle@@6B@,"retail 0x01136058 is already recorded as ??_7Gen_uwm_00899380@@6B@ (+14 more); reference that name, not a new one"
dir32,0x01136400,_bfmeVftAptInteger,"retail 0x01136400 is already recorded as ??_7AptInteger@@6B@ (+1 more); reference that name, not a new one"
dir32,0x01137808,??_7Rva008DCC70Link@@6B@,the name encodes 0x008DCC70 but retail reads 0x01137808
dir32,0x0113A6F8,?g_0113A6F8@@3PAPBXA,"nothing in the ledger owns 0x0113A6F8. Give the datum a data row first (tools/add_data_match.py), or use an address name (g_Va<VA>)"
dir32,0x0113BD28,?BfmeDynamicFVFTable@@3QBIB,"retail 0x0113BD28 is already recorded as ?BfmeDynamicFVFTable@@3PAIA (+1 more); reference that name, not a new one"
dir32,0x0113CBAC,??_7Rva00938BA0Triple@@6B@,"retail 0x0113CBAC is already recorded as ??_7Rva00938BF0Deleting@@6B@ (+1 more); reference that name, not a new one"
dir32,0x0113CBAC,??_7Rva00938BC0VtableReseat@@6B@,"retail 0x0113CBAC is already recorded as ??_7Rva00938BF0Deleting@@6B@ (+1 more); reference that name, not a new one"
dir32,0x0113CE24,??_7?$VectorClass@UENUM_VALUE@EnumParameterClass@@@@6B@,"retail 0x0113CE24 is already recorded as ??_7?$VectorClass@UAddInfoStruct@MixFileFactoryClass@@@@6B@ (+2 more); reference that name, not a new one"
dir32,0x0113DF00,___GUID_ee883b17_0778_4b18_a12b_e44c0d298412,"retail 0x0113DF00 is already recorded as ?g_bfmeIidTSA@@3UBfmeGuidTSA@@A (+4 more); reference that name, not a new one"
dir32,0x0113DF48,__GUID_2b2cc8b0_2dc0_48c6_b6fd_c07820a6477e,"nothing in the ledger owns 0x0113DF48. Give the datum a data row first (tools/add_data_match.py), or use an address name (g_Va<VA>)"
dir32,0x01145854,_GUID_ATLVer70,"nothing in the ledger owns 0x01145854. Give the datum a data row first (tools/add_data_match.py), or use an address name (g_Va<VA>)"
dir32,0x011DF9A0,__TI1?AVCAtlException@ATL@@,"retail 0x011DF9A0 is already recorded as __TI1?AVCAtlException@@; reference that name, not a new one"
dir32,0x012A5000,___xc_a,"nothing in the ledger owns 0x012A5000. Give the datum a data row first (tools/add_data_match.py), or use an address name (g_Va<VA>)"
dir32,0x012A617C,___xc_z,"nothing in the ledger owns 0x012A617C. Give the datum a data row first (tools/add_data_match.py), or use an address name (g_Va<VA>)"
dir32,0x012A6280,___xi_a,"nothing in the ledger owns 0x012A6280. Give the datum a data row first (tools/add_data_match.py), or use an address name (g_Va<VA>)"
dir32,0x012A6384,___xi_z,"nothing in the ledger owns 0x012A6384. Give the datum a data row first (tools/add_data_match.py), or use an address name (g_Va<VA>)"
dir32,0x012A6918,?Rva00EA6918ModelConditionNames@@3PAPBDA,"retail 0x012A6918 is already recorded as ?ModelConditionNames@@3QBQBDB (+3 more); reference that name, not a new one"
dir32,0x012A6918,?names1CB270@@3PAPBDA,"retail 0x012A6918 is already recorded as ?ModelConditionNames@@3QBQBDB (+3 more); reference that name, not a new one"
dir32,0x012A7040,?NET_CRC_INTERVAL@@3HA,"retail 0x012A7040 is already recorded as ?OpenBFME5_netCRCInterval@@3HA (+2 more); reference that name, not a new one"
dir32,0x012A7244,?g_012A7244@@3PAHA,"nothing in the ledger owns 0x012A7244. Give the datum a data row first (tools/add_data_match.py), or use an address name (g_Va<VA>)"
dir32,0x012A72A4,?g_012A72A4@@3MA,"nothing in the ledger owns 0x012A72A4. Give the datum a data row first (tools/add_data_match.py), or use an address name (g_Va<VA>)"
dir32,0x012A742C,?g_012A742C@@3PAPADA,"nothing in the ledger owns 0x012A742C. Give the datum a data row first (tools/add_data_match.py), or use an address name (g_Va<VA>)"
dir32,0x012A77B8,?g_Key001ABC90_012A77B8@@3VKey001ABC90@@A,"nothing in the ledger owns 0x012A77B8. Give the datum a data row first (tools/add_data_match.py), or use an address name (g_Va<VA>)"
dir32,0x012A77C0,?g_Key001ABC90_012A77C0@@3VKey001ABC90@@A,"nothing in the ledger owns 0x012A77C0. Give the datum a data row first (tools/add_data_match.py), or use an address name (g_Va<VA>)"
dir32,0x012A77C8,?g_Key001ABC90_012A77C8@@3VKey001ABC90@@A,"nothing in the ledger owns 0x012A77C8. Give the datum a data row first (tools/add_data_match.py), or use an address name (g_Va<VA>)"
dir32,0x012A77D0,?g_Key001ABC90_012A77D0@@3VKey001ABC90@@A,"nothing in the ledger owns 0x012A77D0. Give the datum a data row first (tools/add_data_match.py), or use an address name (g_Va<VA>)"
dir32,0x012A77D8,?g_Key001ABC90_012A77D8@@3VKey001ABC90@@A,"nothing in the ledger owns 0x012A77D8. Give the datum a data row first (tools/add_data_match.py), or use an address name (g_Va<VA>)"
dir32,0x012A77E0,?g_Key001ABC90_012A77E0@@3VKey001ABC90@@A,"nothing in the ledger owns 0x012A77E0. Give the datum a data row first (tools/add_data_match.py), or use an address name (g_Va<VA>)"
dir32,0x012A7838,?g_012A7838@@3VStaticNameKey@@B,"nothing in the ledger owns 0x012A7838. Give the datum a data row first (tools/add_data_match.py), or use an address name (g_Va<VA>)"
dir32,0x012A7968,?TheKey_multiplayerStartIndex@@3VStaticNameKey@@B,"nothing in the ledger owns 0x012A7968. Give the datum a data row first (tools/add_data_match.py), or use an address name (g_Va<VA>)"
dir32,0x012A7978,?TheKey_multiplayerIsLocal@@3VStaticNameKey@@B,"retail 0x012A7978 is already recorded as ?TheKey_multiplayerIsLocal@@3VStaticNameKey@@A; reference that name, not a new one"
dir32,0x012A79A0,?g_012A79A0@@3VStaticNameKey@@A,"nothing in the ledger owns 0x012A79A0. Give the datum a data row first (tools/add_data_match.py), or use an address name (g_Va<VA>)"
dir32,0x012A79A8,?g_012A79A8@@3VStaticNameKey@@A,"nothing in the ledger owns 0x012A79A8. Give the datum a data row first (tools/add_data_match.py), or use an address name (g_Va<VA>)"
dir32,0x012A79E8,?g_012A79E8@@3VStaticNameKey@@A,"nothing in the ledger owns 0x012A79E8. Give the datum a data row first (tools/add_data_match.py), or use an address name (g_Va<VA>)"
dir32,0x012A8280,?g_012A8280@@3QBQBDB,"nothing in the ledger owns 0x012A8280. Give the datum a data row first (tools/add_data_match.py), or use an address name (g_Va<VA>)"
dir32,0x012A86A8,?g_012A86A8@@3MB,"nothing in the ledger owns 0x012A86A8. Give the datum a data row first (tools/add_data_match.py), or use an address name (g_Va<VA>)"
dir32,0x012A9308,?g_012A9308@@3PAUTableEntry@FunctionLexicon@@A,"nothing in the ledger owns 0x012A9308. Give the datum a data row first (tools/add_data_match.py), or use an address name (g_Va<VA>)"
dir32,0x012A93D4,?g_012A93D4@@3PAUTableEntry@FunctionLexicon@@A,"nothing in the ledger owns 0x012A93D4. Give the datum a data row first (tools/add_data_match.py), or use an address name (g_Va<VA>)"
dir32,0x012A9960,?g_012A9960@@3PAUTableEntry@FunctionLexicon@@A,"nothing in the ledger owns 0x012A9960. Give the datum a data row first (tools/add_data_match.py), or use an address name (g_Va<VA>)"
dir32,0x012A9B10,?g_012A9B10@@3PAUTableEntry@FunctionLexicon@@A,"nothing in the ledger owns 0x012A9B10. Give the datum a data row first (tools/add_data_match.py), or use an address name (g_Va<VA>)"
dir32,0x012A9C40,?g_012A9C40@@3PAUTableEntry@FunctionLexicon@@A,"nothing in the ledger owns 0x012A9C40. Give the datum a data row first (tools/add_data_match.py), or use an address name (g_Va<VA>)"
dir32,0x012AA008,?g_012AA008@@3PAPAXA,"nothing in the ledger owns 0x012AA008. Give the datum a data row first (tools/add_data_match.py), or use an address name (g_Va<VA>)"
dir32,0x012AA068,?g_bfmeRva012AA068@@3PAPBDA,"retail 0x012AA068 is already recorded as ?TheKindOfBitNames@@3PAPBDA (+4 more); reference that name, not a new one"
dir32,0x012ABFC8,?g_012ABFC8@@3PBDB,"nothing in the ledger owns 0x012ABFC8. Give the datum a data row first (tools/add_data_match.py), or use an address name (g_Va<VA>)"
dir32,0x012ACC34,?g_rva001AF610RingSpacing@@3MA,the name encodes 0x001AF610 but retail reads 0x012ACC34
dir32,0x012B2C98,?g_012B2C98@@3PAIA,"nothing in the ledger owns 0x012B2C98. Give the datum a data row first (tools/add_data_match.py), or use an address name (g_Va<VA>)"
dir32,0x012B3DC0,?TheShellHookNames@@3PAPADA,"retail 0x012B3DC0 is already recorded as ?TheShellHookNames@@3PAPBDA; reference that name, not a new one"
dir32,0x012B4180,?Names00377AF0@@3QBQBDB,"nothing in the ledger owns 0x012B4180. Give the datum a data row first (tools/add_data_match.py), or use an address name (g_Va<VA>)"
dir32,0x012B4FC8,?g_lighting012B4FC8@@3URva00748860Triple@@A,"retail 0x012B4FC8 is already recorded as ?HighlightColors@@3PAUColor@@A (+2 more); reference that name, not a new one"
dir32,0x012B5080,?bfmeRva012B5080FirstCopy@@3URvaTriple@@A,"?bfmeRva012B5080FirstCopy@@3URvaTriple@@A is a function the ledger places elsewhere, not at 0x012B5080"
dir32,0x012B50E0,?bfmeRva012B50E0FirstCopy@@3URvaTriple@@A,"?bfmeRva012B50E0FirstCopy@@3URvaTriple@@A is a function the ledger places elsewhere, not at 0x012B50E0"
dir32,0x012B5140,?bfmeRva012B5140FirstCopy@@3URvaTriple@@A,"?bfmeRva012B5140FirstCopy@@3URvaTriple@@A is a function the ledger places elsewhere, not at 0x012B5140"
dir32,0x012B5198,?bfmeRva012B5198FirstCopy@@3URvaTriple@@A,"?bfmeRva012B5198FirstCopy@@3URvaTriple@@A is a function the ledger places elsewhere, not at 0x012B5198"
dir32,0x012B534C,?g_012B534C@@3_NA,"nothing in the ledger owns 0x012B534C. Give the datum a data row first (tools/add_data_match.py), or use an address name (g_Va<VA>)"
dir32,0x012B53A8,?g_012B53A8@@3PBDB,"nothing in the ledger owns 0x012B53A8. Give the datum a data row first (tools/add_data_match.py), or use an address name (g_Va<VA>)"
dir32,0x012B5AB0,?gameWindowFieldList@@3PAUGameWindowParse@@A,"nothing in the ledger owns 0x012B5AB0. Give the datum a data row first (tools/add_data_match.py), or use an address name (g_Va<VA>)"
dir32,0x012B7828,?g_rva012B7828EvilRanks@@3PAPBDA,"nothing in the ledger owns 0x012B7828. Give the datum a data row first (tools/add_data_match.py), or use an address name (g_Va<VA>)"
dir32,0x012B78C8,_g_012B78C8,"nothing in the ledger owns 0x012B78C8. Give the datum a data row first (tools/add_data_match.py), or use an address name (g_Va<VA>)"
dir32,0x012B78F0,_g_012B78F0,"nothing in the ledger owns 0x012B78F0. Give the datum a data row first (tools/add_data_match.py), or use an address name (g_Va<VA>)"
dir32,0x012B7AE0,?RankLabels00554510Good@@3PAPBDA,"nothing in the ledger owns 0x012B7AE0. Give the datum a data row first (tools/add_data_match.py), or use an address name (g_Va<VA>)"
dir32,0x012B7B08,?RankLabels00554510Evil@@3PAPBDA,"nothing in the ledger owns 0x012B7B08. Give the datum a data row first (tools/add_data_match.py), or use an address name (g_Va<VA>)"
dir32,0x012B7C58,?g_012B7C58@@3PAUGen_t_012b7c58_entry@@A,"nothing in the ledger owns 0x012B7C58. Give the datum a data row first (tools/add_data_match.py), or use an address name (g_Va<VA>)"
dir32,0x012B7FF0,?g_012B7FF0@@3PAPBDA,"nothing in the ledger owns 0x012B7FF0. Give the datum a data row first (tools/add_data_match.py), or use an address name (g_Va<VA>)"
dir32,0x012B85D0,?g_012B85D0@@3PAPAXA,"nothing in the ledger owns 0x012B85D0. Give the datum a data row first (tools/add_data_match.py), or use an address name (g_Va<VA>)"
dir32,0x012B9469,?isHttpOk@@3_NA,"retail 0x012B9469 is already recorded as ?bfmeHttpOk@@3EA; reference that name, not a new one"
dir32,0x012BA084,?g_012BA084@@3GA,"nothing in the ledger owns 0x012BA084. Give the datum a data row first (tools/add_data_match.py), or use an address name (g_Va<VA>)"
dir32,0x012BA12C,?g_milesVolume012BA12C@@3MA,"?g_milesVolume012BA12C@@3MA is a function the ledger places elsewhere, not at 0x012BA12C"
dir32,0x012BA130,?g_milesVolume012BA130@@3MA,"?g_milesVolume012BA130@@3MA is a function the ledger places elsewhere, not at 0x012BA130"
dir32,0x012BA134,?g_milesVolume012BA134@@3MA,"?g_milesVolume012BA134@@3MA is a function the ledger places elsewhere, not at 0x012BA134"
dir32,0x012BA138,?g_milesVolume012BA138@@3MA,"?g_milesVolume012BA138@@3MA is a function the ledger places elsewhere, not at 0x012BA138"
dir32,0x012BA13C,?g_milesVolume012BA13C@@3MA,"?g_milesVolume012BA13C@@3MA is a function the ledger places elsewhere, not at 0x012BA13C"
dir32,0x012BAB3C,?g_floorBufferShader012BAB3C@@3VShaderClass@@A,"nothing in the ledger owns 0x012BAB3C. Give the datum a data row first (tools/add_data_match.py), or use an address name (g_Va<VA>)"
dir32,0x012BAD1C,?g_roadShader012BAD1C@@3VShaderClass@@A,"nothing in the ledger owns 0x012BAD1C. Give the datum a data row first (tools/add_data_match.py), or use an address name (g_Va<VA>)"
dir32,0x012BAD20,?g_roadShader012BAD20@@3VShaderClass@@A,"nothing in the ledger owns 0x012BAD20. Give the datum a data row first (tools/add_data_match.py), or use an address name (g_Va<VA>)"
dir32,0x012BAE40,?MasterShaderList@@3PAPAPAVW3DShaderInterface@@A,"nothing in the ledger owns 0x012BAE40. Give the datum a data row first (tools/add_data_match.py), or use an address name (g_Va<VA>)"
dir32,0x012BAE60,?MasterFilterList@@3PAPAPAVW3DFilterInterface@@A,"nothing in the ledger owns 0x012BAE60. Give the datum a data row first (tools/add_data_match.py), or use an address name (g_Va<VA>)"
dir32,0x012BAF40,?g_012BAF40@@3VShaderClass@@B,"nothing in the ledger owns 0x012BAF40. Give the datum a data row first (tools/add_data_match.py), or use an address name (g_Va<VA>)"
dir32,0x012BB5BC,?AnimModeNames012BB5BC@@3PAPBDA,"nothing in the ledger owns 0x012BB5BC. Give the datum a data row first (tools/add_data_match.py), or use an address name (g_Va<VA>)"
dir32,0x012C7388,?g_classicFacets012C7388@@3PAPAVfacet@locale@_STL@@A,"nothing in the ledger owns 0x012C7388. Give the datum a data row first (tools/add_data_match.py), or use an address name (g_Va<VA>)"
dir32,0x012C743C,?g_012C743C@@3Vid@locale@_STL@@A,"nothing in the ledger owns 0x012C743C. Give the datum a data row first (tools/add_data_match.py), or use an address name (g_Va<VA>)"
dir32,0x012C7440,?g_012C7440@@3Vid@locale@_STL@@A,"nothing in the ledger owns 0x012C7440. Give the datum a data row first (tools/add_data_match.py), or use an address name (g_Va<VA>)"
dir32,0x012C7454,?g_012C7454@@3Vid@locale@_STL@@A,"nothing in the ledger owns 0x012C7454. Give the datum a data row first (tools/add_data_match.py), or use an address name (g_Va<VA>)"
dir32,0x012C7458,?g_012C7458@@3Vid@locale@_STL@@A,"nothing in the ledger owns 0x012C7458. Give the datum a data row first (tools/add_data_match.py), or use an address name (g_Va<VA>)"
dir32,0x012C7B85,?_S_was_synced@ios_base@_STL@@1_NA,"nothing in the ledger owns 0x012C7B85. Give the datum a data row first (tools/add_data_match.py), or use an address name (g_Va<VA>)"
dir32,0x012C8398,___category_name,"nothing in the ledger owns 0x012C8398. Give the datum a data row first (tools/add_data_match.py), or use an address name (g_Va<VA>)"
dir32,0x012C83A0,_g_Rva012C83A0,"retail 0x012C83A0 is already recorded as ?g_Rva012C83A0@@3PBDB; reference that name, not a new one"
dir32,0x012D4CB8,?g_rva012D4CB8@@3HA,"retail 0x012D4CB8 is already recorded as ?g_bfmeSeed790B0@@3HA (+1 more); reference that name, not a new one"
dir32,0x012D4CBC,?g_rva012D4CBC@@3HA,"retail 0x012D4CBC is already recorded as ?g_bfmeCarry790B0@@3HA (+1 more); reference that name, not a new one"
dir32,0x012D4D14,?g_012D4D14@@3PAPAXA,"nothing in the ledger owns 0x012D4D14. Give the datum a data row first (tools/add_data_match.py), or use an address name (g_Va<VA>)"
dir32,0x012D5298,?g_bfmeDefaultString1284@@3URva008CAAE0StringBlock@@A,"retail 0x012D5298 is already recorded as ?Rva012D5298Empty@@3URva00893410Block@@A (+30 more); reference that name, not a new one"
dir32,0x012D5298,?g_default012D5298@@3UStringBlock008A73E0@@A,"retail 0x012D5298 is already recorded as ?Rva012D5298Empty@@3URva00893410Block@@A (+30 more); reference that name, not a new one"
dir32,0x012D5298,?g_default012D5298@@3UStringBlock008B3AA0@@A,"retail 0x012D5298 is already recorded as ?Rva012D5298Empty@@3URva00893410Block@@A (+30 more); reference that name, not a new one"
dir32,0x012D5298,?g_default012D5298@@3UStringBlock008B3C40@@A,"retail 0x012D5298 is already recorded as ?Rva012D5298Empty@@3URva00893410Block@@A (+30 more); reference that name, not a new one"
dir32,0x012D5298,?g_rva012D5298Empty@@3VStringDataC@EAStringC@@A,"retail 0x012D5298 is already recorded as ?Rva012D5298Empty@@3URva00893410Block@@A (+30 more); reference that name, not a new one"
dir32,0x012D5980,?g_bfmeRouteTable1282@@3PAUBfmeRoute1281@@A,"retail 0x012D5980 is already recorded as ?g_bfmeRouteTable1282@@3PAUBfmeRoute1285@@A; reference that name, not a new one"
dir32,0x012D6DA8,?g_012D6DA8@@3_NA,"retail 0x012D6DA8 is already recorded as ?g_Va012D6DA8@@3EA (+1 more); reference that name, not a new one"
dir32,0x012D6DE0,?g_bfmeRva012D6DE0CriticalSection@@3U_RTL_CRITICAL_SECTION@@A,"retail 0x012D6DE0 is already recorded as ?g_012D6DE0@@3DA; reference that name, not a new one"
dir32,0x012D6E04,?g_rva012D6E04Value@@3EA,"retail 0x012D6E04 is already recorded as ?g_00710e20@@3EA; reference that name, not a new one"
dir32,0x012D6E18,?Rva00ED6E18@@3VShaderClass@@A,"retail 0x012D6E18 is already recorded as ?_PresetMultiplicativeShader@ShaderClass@@2V1@A; reference that name, not a new one"
dir32,0x012D71A4,?_EnableTriangleDraw@SortingRendererClass@@0_NA,"nothing in the ledger owns 0x012D71A4. Give the datum a data row first (tools/add_data_match.py), or use an address name (g_Va<VA>)"
dir32,0x012D7798,?g_012D7798@@3QAY03$$CBHA,"nothing in the ledger owns 0x012D7798. Give the datum a data row first (tools/add_data_match.py), or use an address name (g_Va<VA>)"
dir32,0x012D7818,?g_012D7818@@3QAY01$$CBHA,"nothing in the ledger owns 0x012D7818. Give the datum a data row first (tools/add_data_match.py), or use an address name (g_Va<VA>)"
dir32,0x012D9930,?CRC32_Table@@3PAKA,"nothing in the ledger owns 0x012D9930. Give the datum a data row first (tools/add_data_match.py), or use an address name (g_Va<VA>)"
dir32,0x012D9DF0,?_Table@CRC@@0PAKA,"nothing in the ledger owns 0x012D9DF0. Give the datum a data row first (tools/add_data_match.py), or use an address name (g_Va<VA>)"
dir32,0x012DBD60,?g_012DBD60@@3PAP6AMPAX0M@ZA,"nothing in the ledger owns 0x012DBD60. Give the datum a data row first (tools/add_data_match.py), or use an address name (g_Va<VA>)"
dir32,0x012DBD60,?g_rva00EDBD60DistanceProcs@@3PAP6AMPBX0H@ZA,"nothing in the ledger owns 0x012DBD60. Give the datum a data row first (tools/add_data_match.py), or use an address name (g_Va<VA>)"
dir32,0x012DBDE0,___defaultmatherr,"nothing in the ledger owns 0x012DBDE0. Give the datum a data row first (tools/add_data_match.py), or use an address name (g_Va<VA>)"
dir32,0x012E6010,?g_bfmeArgDXE@@3UtagVARIANT@@A,"retail 0x012E6010 is already recorded as ?g_bfmeArgDXE@@3PAEA; reference that name, not a new one"
dir32,0x012ED4EC,?g_rva012ED4EC@@3VAsciiString@@A,"retail 0x012ED4EC is already recorded as _g_bfmeNameVSF; reference that name, not a new one"
dir32,0x012ED4F0,?g_rva012ED4F0@@3VAsciiString@@A,"retail 0x012ED4F0 is already recorded as _g_bfmeHostVSF; reference that name, not a new one"
dir32,0x012ED524,?EngineGlobal0040E9E0@@3PAUEngine0040E9E0@@A,"retail 0x012ED524 is already recorded as ?EngineGlobal007629F0@@3PAUEngine007629F0@@A (+9 more); reference that name, not a new one"
dir32,0x012ED5AC,?TheGameLODManager@@3PAVGameLODManager006B8220@@A,"retail 0x012ED5AC is already recorded as ?Rva012ED5AC@@3PAVOptionPreferences@@A (+7 more); reference that name, not a new one"
dir32,0x012ED5C8,?Rva00EED5C8@@3PAEA,"retail 0x012ED5C8 is already recorded as ?GenFallback0012ED5C8@@3PAVGenFallback@@A (+57 more); reference that name, not a new one"
dir32,0x012ED5C8,?TheGlobalData@@3PAURva002FE590Globals@@A,"retail 0x012ED5C8 is already recorded as ?GenFallback0012ED5C8@@3PAVGenFallback@@A (+57 more); reference that name, not a new one"
dir32,0x012ED5C8,?TheWritableGlobalData@@3PAUGlo012ED5C8Type@@A,"retail 0x012ED5C8 is already recorded as ?GenFallback0012ED5C8@@3PAVGenFallback@@A (+57 more); reference that name, not a new one"
dir32,0x012ED5C8,?TheWritableGlobalData@@3PAUGlobalData007B14A0@@A,"retail 0x012ED5C8 is already recorded as ?GenFallback0012ED5C8@@3PAVGenFallback@@A (+57 more); reference that name, not a new one"
dir32,0x012ED5C8,?TheWritableGlobalData@@3PAUGlobalData0BC8@@A,"retail 0x012ED5C8 is already recorded as ?GenFallback0012ED5C8@@3PAVGenFallback@@A (+57 more); reference that name, not a new one"
dir32,0x012ED5C8,?TheWritableGlobalData@@3PAUGlobalData367470@@A,"retail 0x012ED5C8 is already recorded as ?GenFallback0012ED5C8@@3PAVGenFallback@@A (+57 more); reference that name, not a new one"
dir32,0x012ED5C8,?lightingData@@3PAURva00748860LightingData@@A,"retail 0x012ED5C8 is already recorded as ?GenFallback0012ED5C8@@3PAVGenFallback@@A (+57 more); reference that name, not a new one"
dir32,0x012ED5CC,?m_theOriginal@GlobalData@@2PAV1@A,"retail 0x012ED5CC is already recorded as ?g_bfmeGlobalDataOriginal@@3PAVGlobalData@@A (+1 more); reference that name, not a new one"
dir32,0x012ED5E0,?RvaObject012ED5E0@@3UGen00014475@@A,"retail 0x012ED5E0 is already recorded as ?BfmeTheMapObjectExtra@@3VBfmeMapObjectExtra@@A (+2 more); reference that name, not a new one"
dir32,0x012ED5E0,?g_Va012ED5E0@@3VDict@@A,"retail 0x012ED5E0 is already recorded as ?BfmeTheMapObjectExtra@@3VBfmeMapObjectExtra@@A (+2 more); reference that name, not a new one"
dir32,0x012ED600,?TheNameKeyGeneratorShim@@3PAVNameKeyGenerator@@A,"retail 0x012ED600 is already recorded as ?TheBfmeGenAE@@3PAVBfmeGenAE@@A (+19 more); reference that name, not a new one"
dir32,0x012ED600,?g_bfmeKeyGenERA@@3PAVNameKeyGenerator@@A,"retail 0x012ED600 is already recorded as ?TheBfmeGenAE@@3PAVBfmeGenAE@@A (+19 more); reference that name, not a new one"
dir32,0x012ED600,?g_bfmeKeyGenERK@@3PAVNameKeyGenerator@@A,"retail 0x012ED600 is already recorded as ?TheBfmeGenAE@@3PAVBfmeGenAE@@A (+19 more); reference that name, not a new one"
dir32,0x012ED600,?g_bfmeMap996@@3PAVNameKeyGenerator@@A,"retail 0x012ED600 is already recorded as ?TheBfmeGenAE@@3PAVBfmeGenAE@@A (+19 more); reference that name, not a new one"
dir32,0x012ED600,?g_bfmeQ1060@@3PAVNameKeyGenerator@@A,"retail 0x012ED600 is already recorded as ?TheBfmeGenAE@@3PAVBfmeGenAE@@A (+19 more); reference that name, not a new one"
dir32,0x012ED600,?g_bfmeTwoAOA@@3PAVNameKeyGenerator@@A,"retail 0x012ED600 is already recorded as ?TheBfmeGenAE@@3PAVBfmeGenAE@@A (+19 more); reference that name, not a new one"
dir32,0x012ED648,?g_012ED648@@3PAVRva000AF530Table@@A,the name encodes 0x000AF530 but retail reads 0x012ED648
dir32,0x012ED828,?RvaObject012ED828@@3VAsciiString@@A,"nothing in the ledger owns 0x012ED828. Give the datum a data row first (tools/add_data_match.py), or use an address name (g_Va<VA>)"
dir32,0x012ED82C,?RvaObject012ED82C@@3VAsciiString@@A,"nothing in the ledger owns 0x012ED82C. Give the datum a data row first (tools/add_data_match.py), or use an address name (g_Va<VA>)"
dir32,0x012ED8B8,?KINDOFMASK_NONE@@3UVptrZeroBlock24@@B,"retail 0x012ED8B8 is already recorded as ?KINDOFMASK_NONE@@3UKindOfMaskType@@B (+8 more); reference that name, not a new one"
dir32,0x012ED8D8,?g_012ED8D8@@3PADA,"nothing in the ledger owns 0x012ED8D8. Give the datum a data row first (tools/add_data_match.py), or use an address name (g_Va<VA>)"
dir32,0x012EDDA8,?g_012EDDA8@@3PADA,"nothing in the ledger owns 0x012EDDA8. Give the datum a data row first (tools/add_data_match.py), or use an address name (g_Va<VA>)"
dir32,0x012EEC18,?g_012EEC18@@3PAEA,"nothing in the ledger owns 0x012EEC18. Give the datum a data row first (tools/add_data_match.py), or use an address name (g_Va<VA>)"
dir32,0x012EF0E8,?RvaObject012EF0E8@@3UGen00026F35@@A,"nothing in the ledger owns 0x012EF0E8. Give the datum a data row first (tools/add_data_match.py), or use an address name (g_Va<VA>)"
dir32,0x012EF180,?RvaObject012EF180@@3VAsciiString@@A,"nothing in the ledger owns 0x012EF180. Give the datum a data row first (tools/add_data_match.py), or use an address name (g_Va<VA>)"
dir32,0x012EF1E4,?RvaObject012EF1E4@@3VAsciiString@@A,"nothing in the ledger owns 0x012EF1E4. Give the datum a data row first (tools/add_data_match.py), or use an address name (g_Va<VA>)"
dir32,0x012EF1F0,?RvaObject012EF1F0@@3VAsciiString@@A,"nothing in the ledger owns 0x012EF1F0. Give the datum a data row first (tools/add_data_match.py), or use an address name (g_Va<VA>)"
dir32,0x012EF418,?g_Rva00EEF418@@3IA,"retail 0x012EF418 is already recorded as ?TheBfmeDrawableDirtyFlags@@3HA (+8 more); reference that name, not a new one"
dir32,0x012EF430,?g_rva012EF430@@3PAVAsciiString@@A,"retail 0x012EF430 is already recorded as _bfmeObjDAA; reference that name, not a new one"
dir32,0x012EF4CC,?g_012EF4CC@@3PAVTerrain006E2540@@A,"retail 0x012EF4CC is already recorded as ?Rva012ef4cc@@3PAVRva0041D290Client@@A (+25 more); reference that name, not a new one"
dir32,0x012EF5D0,?RvaObject012EF5D0@@3UGen_001c0d00@@A,"nothing in the ledger owns 0x012EF5D0. Give the datum a data row first (tools/add_data_match.py), or use an address name (g_Va<VA>)"
dir32,0x012EF5E0,?RvaObject012EF5E0@@3UGen_001bdcb0@@A,"nothing in the ledger owns 0x012EF5E0. Give the datum a data row first (tools/add_data_match.py), or use an address name (g_Va<VA>)"
dir32,0x012EF5F0,?RvaObject012EF5F0@@3UGen_001bdc30@@A,"nothing in the ledger owns 0x012EF5F0. Give the datum a data row first (tools/add_data_match.py), or use an address name (g_Va<VA>)"
dir32,0x012EF600,?RvaObject012EF600@@3UGen_001bdc10@@A,"nothing in the ledger owns 0x012EF600. Give the datum a data row first (tools/add_data_match.py), or use an address name (g_Va<VA>)"
dir32,0x012EF610,?RvaObject012EF610@@3UGen_001bdc70@@A,"nothing in the ledger owns 0x012EF610. Give the datum a data row first (tools/add_data_match.py), or use an address name (g_Va<VA>)"
dir32,0x012EF620,?RvaObject012EF620@@3UGen_001bdc50@@A,"nothing in the ledger owns 0x012EF620. Give the datum a data row first (tools/add_data_match.py), or use an address name (g_Va<VA>)"
dir32,0x012EF630,?RvaObject012EF630@@3UGen_001bdc90@@A,"nothing in the ledger owns 0x012EF630. Give the datum a data row first (tools/add_data_match.py), or use an address name (g_Va<VA>)"
dir32,0x012F0054,?$S198@?1??getClassMemoryPool@SpecialAbilityUpdate@@CAPAVMemoryPool@@XZ@4IA,"retail 0x012F0054 is already recorded as ?$S281@?1??getClassMemoryPool@SpecialAbilityUpdate@@CAPAVMemoryPool@@XZ@4IA; reference that name, not a new one"
dir32,0x012F02D4,?g_Rva012F02D4@@3HA,"retail 0x012F02D4 is already recorded as ?g_012F02D4@@3HA; reference that name, not a new one"
dir32,0x012F02D8,?g_012F02D8@@3HA,"nothing in the ledger owns 0x012F02D8. Give the datum a data row first (tools/add_data_match.py), or use an address name (g_Va<VA>)"
dir32,0x012F075C,?ClientCanAppContinue@@3_NA,"retail 0x012F075C is already recorded as ?g_012F075C@@3_NA; reference that name, not a new one"
dir32,0x012F075D,?LogicCanAppContinue@@3_NA,"retail 0x012F075D is already recorded as ?g_012F075D@@3_NA; reference that name, not a new one"
dir32,0x012F076C,?TheScriptEngine@@3PAVRva00336C20FieldAddress@@A,"retail 0x012F076C is already recorded as ?TheBfmeGlobal_012f076c@@3PAVBfmeGlobal_012f076c@@A (+44 more); reference that name, not a new one"
dir32,0x012F0770,?g_rva012F0770@@3VShellGameLoadScreen@@A,"retail 0x012F0770 is already recorded as ?TheBfmeObject_00C6FE50@@3VGen_00C6FE50Target@@A; reference that name, not a new one"
dir32,0x012F0898,?TheBfmeGameLogic@@3PAVBfmeGameLogicLike@@A,"retail 0x012F0898 is already recorded as ?Clock00200420@@3PAUFrame00200420@@A (+147 more); reference that name, not a new one"
dir32,0x012F0898,?TheGameLogic0037C030@@3PAUGameLogic0037C030@@A,"retail 0x012F0898 is already recorded as ?Clock00200420@@3PAUFrame00200420@@A (+147 more); reference that name, not a new one"
dir32,0x012F0898,?g00251530Va012F0898@@3PAVRoute00251530@@A,"retail 0x012F0898 is already recorded as ?Clock00200420@@3PAUFrame00200420@@A (+147 more); reference that name, not a new one"
dir32,0x012F0FE0,?g_012F0FE0@@3PAVGen_0039B020@@A,"retail 0x012F0FE0 is already recorded as ?R2Ptr012F0FE0@@3PAVGen00049FDA@@A (+6 more); reference that name, not a new one"
dir32,0x012F1024,?TheLivingWorldCampaignManager@@3PAVLivingWorldCampaignManager@@A,"retail 0x012F1024 is already recorded as ?Campaign00598950@@3PAXA (+12 more); reference that name, not a new one"
dir32,0x012F1028,?Campaign@@3PAUCampaign367470@@A,"retail 0x012F1028 is already recorded as ?Glo012F1028@@3PAVGlo012F1028Type@@A (+29 more); reference that name, not a new one"
dir32,0x012F1028,?Glo012F1028@@3PAXA,"retail 0x012F1028 is already recorded as ?Glo012F1028@@3PAVGlo012F1028Type@@A (+29 more); reference that name, not a new one"
dir32,0x012F1028,?TheLivingWorldLogic@@3PAVLivingWorldLogic@@A,"retail 0x012F1028 is already recorded as ?Glo012F1028@@3PAVGlo012F1028Type@@A (+29 more); reference that name, not a new one"
dir32,0x012F1028,?TheLivingWorldLogic@@3PAVRva003BF540@@A,"retail 0x012F1028 is already recorded as ?Glo012F1028@@3PAVGlo012F1028Type@@A (+29 more); reference that name, not a new one"
dir32,0x012F1050,?g_rva012F1050@@3URva00C6B390Init@@A,"retail 0x012F1050 is already recorded as ?TheBfmeObject_00C6FF00@@3VGen_00C6FF00Target@@A (+2 more); reference that name, not a new one"
dir32,0x012F1094,?g_rva012F1094@@3PAXA,"retail 0x012F1094 is already recorded as ?TheMixFileInfoPool@@3HA (+2 more); reference that name, not a new one"
dir32,0x012F1098,?g_rva012F1098@@3HA,"retail 0x012F1098 is already recorded as ?TheBfmeMixFileInfoCount@@3HA (+2 more); reference that name, not a new one"
dir32,0x012F10DC,?g_rva012F10DC@@3URva00C6B3D0Init@@A,"retail 0x012F10DC is already recorded as ?TheBfmeObject_00C6FF10@@3VGen_00C6FF10Target@@A (+1 more); reference that name, not a new one"
dir32,0x012F10F4,?g_rva012F10F4@@3URva00C6B3F0Init@@A,"retail 0x012F10F4 is already recorded as ?TheBfmeObject_00C6FF30@@3VGen_00C6FF30Target@@A (+2 more); reference that name, not a new one"
dir32,0x012F10F8,?g_rva012F10F8@@3URva00C6B3F0Init@@A,"retail 0x012F10F8 is already recorded as ?TheBfmeObject_00C6FF20@@3VGen_00C6FF20Target@@A (+3 more); reference that name, not a new one"
dir32,0x012F1108,?g_rva012F1108@@3URva00C6B450Init@@A,"retail 0x012F1108 is already recorded as ?TheCloudEffectSaved@@3UCloudEffect@@A (+1 more); reference that name, not a new one"
dir32,0x012F1198,?g_rva012F1198@@3URva00C6B450Init@@A,"retail 0x012F1198 is already recorded as ?TheCloudEffectActive@@3UCloudEffect@@A (+2 more); reference that name, not a new one"
dir32,0x012F1270,?display00487F80@@3PAVDisplay00487F80@@A,"retail 0x012F1270 is already recorded as ?Rva00367810TheVirtualGate@@3PAVRva00367810VirtualGate@@A (+20 more); reference that name, not a new one"
dir32,0x012F1270,?display004B1C80@@3PAVDisplay004B1C80@@A,"retail 0x012F1270 is already recorded as ?Rva00367810TheVirtualGate@@3PAVRva00367810VirtualGate@@A (+20 more); reference that name, not a new one"
dir32,0x012F1404,?g_rva012F1404@@3URva00C6B4E0Init@@A,"retail 0x012F1404 is already recorded as ?TheBfmeObject_00C6FFA0@@3VGen_00C6FFA0Target@@A (+2 more); reference that name, not a new one"
dir32,0x012F1464,?g_012F1464@@3PAVClient006E2540@@A,"retail 0x012F1464 is already recorded as ?ClientAt012F1464@@3PAVClient0009A580@@A (+27 more); reference that name, not a new one"
dir32,0x012F146C,?g_rva012F146C@@3VRva00C6B6C0Init@@A,"retail 0x012F146C is already recorded as ?TheBfmeObject_00C6FFC0@@3VGen_00C6FFC0Target@@A (+1 more); reference that name, not a new one"
dir32,0x012F1598,?g_rva012F1598@@3VRva00C6B720Init@@A,"retail 0x012F1598 is already recorded as ?TheBfmeObject_00C70000@@3VGen_00C70000Target@@A; reference that name, not a new one"
dir32,0x012F1600,?Rva00EF1600@@3PAURva0071A730View@@A,"retail 0x012F1600 is already recorded as ?FadeTacticalView@@3PAVFadeView@@A (+25 more); reference that name, not a new one"
dir32,0x012F18F0,?water012F18F0@@3PAUWaterTransparency006CFAE0@@A,"retail 0x012F18F0 is already recorded as ?TheWaterTransparency@@3V?$OVERRIDE@VWaterTransparencySetting@@@@A (+1 more); reference that name, not a new one"
dir32,0x012F1990,?g_rva012F1990@@3URva00C6B840Init@@A,"retail 0x012F1990 is already recorded as ?TheBfmeObject_00C70090@@3VGen_00C70090Target@@A; reference that name, not a new one"
dir32,0x012F19A4,?g_rva012F19A4@@3URva00C6B860Init@@A,"retail 0x012F19A4 is already recorded as ?TheBfmeObject_00C700A0@@3VGen_00C700A0Target@@A (+2 more); reference that name, not a new one"
dir32,0x012F19B8,?g_rva012F19B8@@3URva00C6B880Init@@A,"retail 0x012F19B8 is already recorded as ?TheBfmeObject_00C70070@@3VGen_00C70070Target@@A (+2 more); reference that name, not a new one"
dir32,0x012F19CC,?g_rva012F19CC@@3URva00C6B8A0Init@@A,"retail 0x012F19CC is already recorded as ?TheBfmeObject_00C70080@@3VGen_00C70080Target@@A; reference that name, not a new one"
dir32,0x012F19CC,?g_rva012F19CCMap@@3V?$map@VAsciiString@@W4Rva00461630Mapped@@U?$less@VAsciiString@@@_STL@@V?$allocator@U?$pair@$$CBVAsciiString@@W4Rva00461630Mapped@@@_STL@@@4@@_STL@@A,"retail 0x012F19CC is already recorded as ?TheBfmeObject_00C70080@@3VGen_00C70080Target@@A; reference that name, not a new one"
dir32,0x012F19E8,?g_rva012F19E8WindowManager@@3PAVBfmeLevelAN@@A,"retail 0x012F19E8 is already recorded as ?R2Ptr012F19E8@@3PAVGen000290D2@@A (+66 more); reference that name, not a new one"
dir32,0x012F19E8,?g_rva012F19E8WindowManager@@3PAVWindowManager@@A,"retail 0x012F19E8 is already recorded as ?R2Ptr012F19E8@@3PAVGen000290D2@@A (+66 more); reference that name, not a new one"
dir32,0x012F19E8,?g_theWindowManager@@3PAVBfmeC977@@A,"retail 0x012F19E8 is already recorded as ?R2Ptr012F19E8@@3PAVGen000290D2@@A (+66 more); reference that name, not a new one"
dir32,0x012F2564,?tooltipFunc@@3P6AXPAVGameWindow@@PAVWinInstanceData@@I@ZA,"nothing in the ledger owns 0x012F2564. Give the datum a data row first (tools/add_data_match.py), or use an address name (g_Va<VA>)"
dir32,0x012F2570,?g_rva012F2570@@3URva00C6B900Init@@A,"retail 0x012F2570 is already recorded as ?TheBfmeObject_00C700B0@@3VGen_00C700B0Target@@A; reference that name, not a new one"
dir32,0x012F2578,?g_rva012F2578@@3URva00C6B900Init@@A,"retail 0x012F2578 is already recorded as ?TheBfmeObject_00C700D0@@3VGen_00C700D0Target@@A; reference that name, not a new one"
dir32,0x012F2578,?theTooltipString@@3VAsciiString@@A,"retail 0x012F2578 is already recorded as ?TheBfmeObject_00C700D0@@3VGen_00C700D0Target@@A; reference that name, not a new one"
dir32,0x012F333C,?TheHeaderTemplateManager@@3PAVGen_0048C5B0@@A,"retail 0x012F333C is already recorded as ?TheHeaderTemplateManager@@3PAVHeaderTemplateManager@@A; reference that name, not a new one"
dir32,0x012F3638,?g_Va012F3638@@3HA,"retail 0x012F3638 is already recorded as ?g_buttonFlashNumber@@3HA; reference that name, not a new one"
dir32,0x012F3930,?g_012F3930@@3HA,"nothing in the ledger owns 0x012F3930. Give the datum a data row first (tools/add_data_match.py), or use an address name (g_Va<VA>)"
dir32,0x012F3930,_g_012F3930,"nothing in the ledger owns 0x012F3930. Give the datum a data row first (tools/add_data_match.py), or use an address name (g_Va<VA>)"
dir32,0x012F3934,?g_012F3934@@3HA,"nothing in the ledger owns 0x012F3934. Give the datum a data row first (tools/add_data_match.py), or use an address name (g_Va<VA>)"
dir32,0x012F3934,_g_012F3934,"nothing in the ledger owns 0x012F3934. Give the datum a data row first (tools/add_data_match.py), or use an address name (g_Va<VA>)"
dir32,0x012F3F24,?buttonCancel@@3PAVGameWindow@@A,"nothing in the ledger owns 0x012F3F24. Give the datum a data row first (tools/add_data_match.py), or use an address name (g_Va<VA>)"
dir32,0x012F3F2C,?textEntryLadderPassword@@3PAVGameWindow@@A,"nothing in the ledger owns 0x012F3F2C. Give the datum a data row first (tools/add_data_match.py), or use an address name (g_Va<VA>)"
dir32,0x012F3F44,?parentPopupID@PopupJoinGameState@@3W4NameKeyType@@A,"retail 0x012F3F44 is already recorded as ?parentPopupID@PopupJoinGameState@@3HA; reference that name, not a new one"
dir32,0x012F496C,?g_rva012F496CBfmeAptScreenMapTransfer@@3PAVBfmeAptScreenMapTransfer@@A,"retail 0x012F496C is already recorded as ?TheBfmeAptScreenMapTransfer@@3PAVBfmeAptScreenMapTransfer@@A (+3 more); reference that name, not a new one"
dir32,0x012F49B0,?g_loadScreen012F49B0@@3PAVLoadScreen0051BF30@@A,"retail 0x012F49B0 is already recorded as ?g_Va012F49B0@@3HA; reference that name, not a new one"
dir32,0x012F49D0,?g_rva012F49D0@@3PAXA,"retail 0x012F49D0 is already recorded as ?TheBfmeCampaignManager@@3PAVBfmeDeletable@@A (+5 more); reference that name, not a new one"
dir32,0x012F4A00,?id@?$num_get@DV?$istreambuf_iterator@DV?$char_traits@D@_STL@@@_STL@@@_STL@@2V0locale@2@A,"retail 0x012F4A00 is already recorded as ?g_bfmeSlot04VA@@3HA (+2 more); reference that name, not a new one"
dir32,0x012F4ABC,?g_rva012F4ABC@@3PAURva0055A240Global@@A,"retail 0x012F4ABC is already recorded as ?g_Va012F4ABC@@3HA (+3 more); reference that name, not a new one"
dir32,0x012F4B58,?shell004B1C80@@3PAUShell004B1C80@@A,"retail 0x012F4B58 is already recorded as ?TheShell@@3PAVBfmeShell@@A (+13 more); reference that name, not a new one"
dir32,0x012F4B78,?Glo012F4B78@@3PAVGlo012F4B78Type@@A,"retail 0x012F4B78 is already recorded as ?TheGen00587600@@3PAVGen00587600@@A (+2 more); reference that name, not a new one"
dir32,0x012F4B80,?key012F4B80@@3VAsciiString@@A,"?key012F4B80@@3VAsciiString@@A is a function the ledger places elsewhere, not at 0x012F4B80"
dir32,0x012F4B84,?key012F4B84@@3VAsciiString@@A,"?key012F4B84@@3VAsciiString@@A is a function the ledger places elsewhere, not at 0x012F4B84"
dir32,0x012F4B88,?key012F4B88@@3VAsciiString@@A,"?key012F4B88@@3VAsciiString@@A is a function the ledger places elsewhere, not at 0x012F4B88"
dir32,0x012F4B98,?g_012F4B98@@3PAUGlobal0041EBD0@@A,"retail 0x012F4B98 is already recorded as ?Glo012F4B98@@3PAVGlo012F4B98Type@@A (+18 more); reference that name, not a new one"
dir32,0x012F4C5C,?Rva00EF4C5C@@3PAVRva005A49E0RangeTest@@A,"retail 0x012F4C5C is already recorded as ?Mouse0040F780@@3PAVMouse@@A (+12 more); reference that name, not a new one"
dir32,0x012F4C84,?Rva00EF4C84@@3PAVRva005B5440@@A,"retail 0x012F4C84 is already recorded as ?g_bfmeSingletonVVD@@3PAVBfmeOwnVVD@@A (+1 more); reference that name, not a new one"
dir32,0x012F4CB8,_g_bfmeBufferEQH,"retail 0x012F4CB8 is already recorded as ?g_bfmeBufferEQH@@3PAEA; reference that name, not a new one"
dir32,0x012F6850,?g_012F6850@@3PAEA,"nothing in the ledger owns 0x012F6850. Give the datum a data row first (tools/add_data_match.py), or use an address name (g_Va<VA>)"
dir32,0x012F7014,?TheTerrainVisual@@3PAVTerrainVisual001AC3D0@@A,"retail 0x012F7014 is already recorded as ?TheTerrainVisual@@3PAVRva001A8820TerrainVisual@@A (+10 more); reference that name, not a new one"
dir32,0x012F7014,?TheTerrainVisual@@3PAVTerrainVisual001AE610@@A,"retail 0x012F7014 is already recorded as ?TheTerrainVisual@@3PAVRva001A8820TerrainVisual@@A (+10 more); reference that name, not a new one"
dir32,0x012F7020,?nk@?1??getModuleNameKey@BeaconClientUpdate@@UBE?AW4NameKeyType@@XZ@4W43@A,"retail 0x012F7020 is already recorded as ?TheBeaconClientUpdatePool@?1??getClassMemoryPool@BeaconClientUpdate@@CAPAVMemoryPool@@XZ@4PAV3@A; reference that name,"
dir32,0x012F7024,??_B?1??getModuleNameKey@BeaconClientUpdate@@UBE?AW4NameKeyType@@XZ@51,"retail 0x012F7024 is already recorded as ?$S288@?1??getClassMemoryPool@BeaconClientUpdate@@CAPAVMemoryPool@@XZ@4IA; reference that name, not a new one"
dir32,0x012F7048,?g_bfmeStateDF@@3PAURva006174D0State@@A,"retail 0x012F7048 is already recorded as ?Glo012F7048@@3PAVGlo012F7048CampaignGateMode@@A (+16 more); reference that name, not a new one"
dir32,0x012F7048,?g_rva012F7048LivingWorld@@3PAVRva006092D0State@@A,"retail 0x012F7048 is already recorded as ?Glo012F7048@@3PAVGlo012F7048CampaignGateMode@@A (+16 more); reference that name, not a new one"
dir32,0x012F706C,?TheLivingWorldManager@@3PAVLivingWorldManager@@A,"retail 0x012F706C is already recorded as ?TheBfmeGlobal012F706C@@3PAVBfmeGlobal012F706C@@A (+20 more); reference that name, not a new one"
dir32,0x012F7078,?g_bfmeBoxYP@@3URegion2D@@A,"retail 0x012F7078 is already recorded as ?Rva012F7078Region@@3URegion2D@@A (+2 more); reference that name, not a new one"
dir32,0x012F716C,?mustDownloadPatch@@3_NA,"retail 0x012F716C is already recorded as ?g_rva012F716C@@3EA (+1 more); reference that name, not a new one"
dir32,0x012F716D,?cantConnectBeforeOnline@@3_NA,"retail 0x012F716D is already recorded as ?bfmeCantConnectBeforeOnline@@3EA (+2 more); reference that name, not a new one"
dir32,0x012F717A,?s_asyncDNSLookupInProgress@@3_NA,"retail 0x012F717A is already recorded as ?bfmeAsyncDNSLookupInProgress@@3EA (+1 more); reference that name, not a new one"
dir32,0x012F77A8,?cursorResources@@3PAY07PAXA,"retail 0x012F77A8 is already recorded as _g_bfmeSITable (+1 more); reference that name, not a new one"
dir32,0x012F7FE0,?TheTerrainRenderObject@@3PAVRva0074B480TerrainAbi@@A,"retail 0x012F7FE0 is already recorded as ?TheBfmeGlobal_012f7fe0@@3PAVBfmeGlobal_012f7fe0@@A (+14 more); reference that name, not a new one"
dir32,0x012F7FE0,?g_012F7FE0@@3PAVDisplay006E2540@@A,"retail 0x012F7FE0 is already recorded as ?TheBfmeGlobal_012f7fe0@@3PAVBfmeGlobal_012f7fe0@@A (+14 more); reference that name, not a new one"
dir32,0x012F8044,?g_rva012F8044Object@@3VAsciiString@@A,"retail 0x012F8044 is already recorded as ?TheBfmeObject_00C70970@@3VGen_00C70970Target@@A; reference that name, not a new one"
dir32,0x012F8054,?g_012F8054@@3HA,"nothing in the ledger owns 0x012F8054. Give the datum a data row first (tools/add_data_match.py), or use an address name (g_Va<VA>)"
dir32,0x012F8058,?g_012F8058@@3PAVSink006E2540@@A,"retail 0x012F8058 is already recorded as ?Rva012F8058@@3PAVRva00712F60@@A (+10 more); reference that name, not a new one"
dir32,0x012F805C,?m_2DScene@Gen006EF850@@2PAVRTS2DScene@@A,"retail 0x012F805C is already recorded as ?Rva012F805C@@3PAVRTS2DScene@@A (+1 more); reference that name, not a new one"
dir32,0x012F8060,?m_3DInterfaceScene@Gen006EF850@@2PAVRTS3DInterfaceScene@@A,"retail 0x012F8060 is already recorded as ?Rva012F8060@@3PAVRva00711B00@@A (+1 more); reference that name, not a new one"
dir32,0x012F878C,?g_rva012F878CObject@@3VCriticalSectionClass@@A,"retail 0x012F878C is already recorded as ?TheBfmeObject_00C709A0@@3VGen_00C709A0Target@@A; reference that name, not a new one"
dir32,0x012F8798,?g_w3dMouseCursorTextures@@3PAY0BF@VBfmeHandleCX@@A,"retail 0x012F8798 is already recorded as ?g_w3dMouseCursorTextures@@3PAY0BF@PAVTextureClass@@A (+1 more); reference that name, not a new one"
dir32,0x012F9808,?g_rva012F9808Object@@3VMouseThreadClass@@A,"retail 0x012F9808 is already recorded as ?TheBfmeObject_00C709C0@@3VGen_00C709C0Target@@A (+1 more); reference that name, not a new one"
dir32,0x012F9D08,?m_renderTexture@W3DShaderManager@@2PAUIDirect3DTexture8@@A,"retail 0x012F9D08 is already recorded as ?m_renderTexture@W3DShaderManager@@1PAUIDirect3DTexture8@@A (+2 more); reference that name, not a new one"
dir32,0x012F9D14,??m_resource012F9D14@W3DShaderManager@@1PAUShaderComResource@@A@@3PAUShaderComResource@@A,"retail 0x012F9D14 is already recorded as ?m_resource012F9D14@W3DShaderManager@@1PAUShaderComResource@@A (+1 more); reference that name, not a new one"
dir32,0x012F9D18,??m_resource012F9D18@W3DShaderManager@@1PAUShaderComResource@@A@@3PAUShaderComResource@@A,"retail 0x012F9D18 is already recorded as ?m_resource012F9D18@W3DShaderManager@@1PAUShaderComResource@@A (+1 more); reference that name, not a new one"
dir32,0x012F9D24,??m_resource012F9D24@W3DShaderManager@@1PAUShaderComResource@@A@@3PAUShaderComResource@@A,"retail 0x012F9D24 is already recorded as ?HighlightFVF@@3IA (+1 more); reference that name, not a new one"
dir32,0x012F9D2C,?m_Textures@W3DShaderManager@@2PAPAVTextureBaseClass@@A,"nothing in the ledger owns 0x012F9D2C. Give the datum a data row first (tools/add_data_match.py), or use an address name (g_Va<VA>)"
dir32,0x012F9D8C,??m_needUpdate@W3DStatusCircle@@1_NA@@3_NA,"retail 0x012F9D8C is already recorded as ?g_w3dStatusCircleNeedUpdate@@3_NA (+1 more); reference that name, not a new one"
dir32,0x01306978,?g_rva01306978Object@@3VRvaList@@A,"retail 0x01306978 is already recorded as ?TheBfmeObject_00C70AB0@@3VGen_00C70AB0Target@@A (+2 more); reference that name, not a new one"
dir32,0x01306C6C,?g_rva01306C6CObject@@3VRvaSimpleDynVec@@A,"retail 0x01306C6C is already recorded as ?TheBfmeObject_00C70AD0@@3VGen_00C70AD0Target@@A (+1 more); reference that name, not a new one"
dir32,0x01306E04,?g_01306E04@@3PAVShadowBuffer@@A,"nothing in the ledger owns 0x01306E04. Give the datum a data row first (tools/add_data_match.py), or use an address name (g_Va<VA>)"
dir32,0x01306E08,?g_01306E08@@3PAVShadowBuffer@@A,"nothing in the ledger owns 0x01306E08. Give the datum a data row first (tools/add_data_match.py), or use an address name (g_Va<VA>)"
dir32,0x01306EEC,?TheW3DShadowManager@@3PAUW3DShadowManager@@A,"retail 0x01306EEC is already recorded as ?R2Ptr01306EEC@@3PAVGen0003AC38@@A (+10 more); reference that name, not a new one"
dir32,0x01306EEC,?g_01306EEC@@3PAUState006E2540@@A,"retail 0x01306EEC is already recorded as ?R2Ptr01306EEC@@3PAVGen0003AC38@@A (+10 more); reference that name, not a new one"
dir32,0x01306F34,?lastActiveVertexBuffer@@3PAUShadowBuffer007BC270@@A,"nothing in the ledger owns 0x01306F34. Give the datum a data row first (tools/add_data_match.py), or use an address name (g_Va<VA>)"
dir32,0x01306F3C,?g_rva01306F3CObject@@3UShadowPool@@A,"retail 0x01306F3C is already recorded as ?ShadowPoolA@@3UShadowPool@@A (+1 more); reference that name, not a new one"
dir32,0x01306F54,?g_rva01306F54Object@@3UShadowPool@@A,"retail 0x01306F54 is already recorded as ?ShadowPoolB@@3UShadowPool@@A (+1 more); reference that name, not a new one"
dir32,0x013071D4,?g_rva013071D4Object@@3VRva007D2360@@A,"retail 0x013071D4 is already recorded as ?Rva00F071D4Target986B@@3PADA; reference that name, not a new one"
dir32,0x013071E4,?g_rva013071E4Object@@3VRva007D3580@@A,"retail 0x013071E4 is already recorded as ?g_bfmeTarget986B@@3PADA; reference that name, not a new one"
dir32,0x01307200,?m_curFadeValue@ScreenCrossFadeFilter@@1MA,"retail 0x01307200 is already recorded as ?g_Va01307200@@3MA (+2 more); reference that name, not a new one"
dir32,0x01307204,??m_fadeDirection@ScreenCrossFadeFilter@@1HA@@3HA,"retail 0x01307204 is already recorded as ?R2Glob01307204@@3HA (+2 more); reference that name, not a new one"
dir32,0x01307208,??m_fadeFrames@ScreenCrossFadeFilter@@1HA@@3HA,"retail 0x01307208 is already recorded as ?R2Glob01307208@@3HA (+2 more); reference that name, not a new one"
dir32,0x0130720C,??m_curFadeFrame@ScreenCrossFadeFilter@@1HA@@3HA,"retail 0x0130720C is already recorded as ?R2Glob0130720C@@3HA (+3 more); reference that name, not a new one"
dir32,0x01307284,?g_rva01307284Object@@3VScreenHilightFilter@@A,"retail 0x01307284 is already recorded as ?TheBfmeObject_00C70B60@@3VGen_00C70B60Target@@A; reference that name, not a new one"
dir32,0x013072B8,?g_rva013072B8Object@@3VRva007D85C0@@A,"retail 0x013072B8 is already recorded as ?TheBfmeObject_00C70B70@@3VGen_00C70B70Target@@A; reference that name, not a new one"
dir32,0x013073C0,?g_rva013073C0Object@@3VRva007DCA80@@A,"retail 0x013073C0 is already recorded as ?TheBfmeObject_00C70BB0@@3VGen_00C70BB0Target@@A; reference that name, not a new one"
dir32,0x01309C18,?g_rva01309C18Object@@3VRva007E4960@@A,"retail 0x01309C18 is already recorded as ?TheBfmeObject_00C70BC0@@3VGen_00C70BC0Target@@A; reference that name, not a new one"
dir32,0x0130A450,?g_rva0130A450@@3VRva00C6C7B0Init@@A,"retail 0x0130A450 is already recorded as ?TheBfmeObject_00C70BE0@@3VGen_00C70BE0Target@@A; reference that name, not a new one"
dir32,0x0130A451,?g_rva0130A451@@3VRva00C6C790Init@@A,"retail 0x0130A451 is already recorded as ?TheBfmeObject_00C70BD0@@3VGen_00C70BD0Target@@A; reference that name, not a new one"
dir32,0x0130A45C,?g_rva0130A45CObject@@3VCAtlWinModule@ATL@@A,"retail 0x0130A45C is already recorded as ?TheBfmeObject_00C70C00@@3VGen_00C70C00Target@@A; reference that name, not a new one"
dir32,0x0130A580,?g_Va0130A580@@3PADA,"retail 0x0130A580 is already recorded as ?g_bfme912B@@3VGen_007f0300@@A; reference that name, not a new one"
dir32,0x0130A5D0,?g_0130A5D0@@3PAXA,"nothing in the ledger owns 0x0130A5D0. Give the datum a data row first (tools/add_data_match.py), or use an address name (g_Va<VA>)"
dir32,0x0130ACF8,?g_0130ACF8@@3PADA,"nothing in the ledger owns 0x0130ACF8. Give the datum a data row first (tools/add_data_match.py), or use an address name (g_Va<VA>)"
dir32,0x0130B18C,?g_0130B18C@@3PADA,"nothing in the ledger owns 0x0130B18C. Give the datum a data row first (tools/add_data_match.py), or use an address name (g_Va<VA>)"
dir32,0x0130B19C,?g_bfmeRva0130B19CStatic@@3VGen_0081c9c0@@A,"retail 0x0130B19C is already recorded as ?Rva0130B19CVideoTable@@3V?$vector@UVideo@@V?$allocator@UVideo@@@_STL@@@_STL@@A (+4 more); reference that name, not a n"
dir32,0x0130B260,?g_classic0130B260@@3VBfmeF1124@@A,"nothing in the ledger owns 0x0130B260. Give the datum a data row first (tools/add_data_match.py), or use an address name (g_Va<VA>)"
dir32,0x0130B270,?g_classic0130B270@@3V?$numpunct@D@_STL@@A,"nothing in the ledger owns 0x0130B270. Give the datum a data row first (tools/add_data_match.py), or use an address name (g_Va<VA>)"
dir32,0x0130B280,?g_classic0130B280@@3V?$ctype@G@_STL@@A,"nothing in the ledger owns 0x0130B280. Give the datum a data row first (tools/add_data_match.py), or use an address name (g_Va<VA>)"
dir32,0x0130B290,?g_classic0130B290@@3VBfmeE1124@@A,"nothing in the ledger owns 0x0130B290. Give the datum a data row first (tools/add_data_match.py), or use an address name (g_Va<VA>)"
dir32,0x0130B2A0,?g_classic0130B2A0@@3V_Locale_impl@_STL@@A,"nothing in the ledger owns 0x0130B2A0. Give the datum a data row first (tools/add_data_match.py), or use an address name (g_Va<VA>)"
dir32,0x0130B2B8,?g_classic0130B2B8@@3V?$num_get@DV?$istreambuf_iterator@DV?$char_traits@D@_STL@@@_STL@@@_STL@@A,"nothing in the ledger owns 0x0130B2B8. Give the datum a data row first (tools/add_data_match.py), or use an address name (g_Va<VA>)"
dir32,0x0130B2C8,?g_classic0130B2C8@@3V?$num_put@GV?$ostreambuf_iterator@GV?$char_traits@G@_STL@@@_STL@@@_STL@@A,"nothing in the ledger owns 0x0130B2C8. Give the datum a data row first (tools/add_data_match.py), or use an address name (g_Va<VA>)"
dir32,0x0130B2D8,?g_classic0130B2D8@@3V?$money_get@GV?$istreambuf_iterator@GV?$char_traits@G@_STL@@@_STL@@@_STL@@A,"nothing in the ledger owns 0x0130B2D8. Give the datum a data row first (tools/add_data_match.py), or use an address name (g_Va<VA>)"
dir32,0x0130B2E8,?g_classic0130B2E8@@3V?$num_put@DV?$ostreambuf_iterator@DV?$char_traits@D@_STL@@@_STL@@@_STL@@A,"nothing in the ledger owns 0x0130B2E8. Give the datum a data row first (tools/add_data_match.py), or use an address name (g_Va<VA>)"
dir32,0x0130B2F8,?g_classic0130B2F8@@3VBfmeChannelPair848030@@A,"nothing in the ledger owns 0x0130B2F8. Give the datum a data row first (tools/add_data_match.py), or use an address name (g_Va<VA>)"
dir32,0x0130B310,?g_classic0130B310@@3V?$time_get@GV?$istreambuf_iterator@GV?$char_traits@G@_STL@@@_STL@@@_STL@@A,"nothing in the ledger owns 0x0130B310. Give the datum a data row first (tools/add_data_match.py), or use an address name (g_Va<VA>)"
dir32,0x0130B538,?g_classic0130B538@@3VBfmeChannelPair847F90@@A,"nothing in the ledger owns 0x0130B538. Give the datum a data row first (tools/add_data_match.py), or use an address name (g_Va<VA>)"
dir32,0x0130B550,?g_classic0130B550@@3V?$codecvt@GDH@_STL@@A,"nothing in the ledger owns 0x0130B550. Give the datum a data row first (tools/add_data_match.py), or use an address name (g_Va<VA>)"
dir32,0x0130B560,?g_classic0130B560@@3V?$numpunct@G@_STL@@A,"nothing in the ledger owns 0x0130B560. Give the datum a data row first (tools/add_data_match.py), or use an address name (g_Va<VA>)"
dir32,0x0130B570,?g_classic0130B570@@3V?$time_put@DV?$ostreambuf_iterator@DV?$char_traits@D@_STL@@@_STL@@@_STL@@A,"nothing in the ledger owns 0x0130B570. Give the datum a data row first (tools/add_data_match.py), or use an address name (g_Va<VA>)"
dir32,0x0130B798,?g_classic0130B798@@3V?$collate@G@_STL@@A,"nothing in the ledger owns 0x0130B798. Give the datum a data row first (tools/add_data_match.py), or use an address name (g_Va<VA>)"
dir32,0x0130B7A8,?g_classic0130B7A8@@3V?$num_get@GV?$istreambuf_iterator@GV?$char_traits@G@_STL@@@_STL@@@_STL@@A,"nothing in the ledger owns 0x0130B7A8. Give the datum a data row first (tools/add_data_match.py), or use an address name (g_Va<VA>)"
dir32,0x0130B7B8,?g_classic0130B7B8@@3V?$money_put@GV?$ostreambuf_iterator@GV?$char_traits@G@_STL@@@_STL@@@_STL@@A,"nothing in the ledger owns 0x0130B7B8. Give the datum a data row first (tools/add_data_match.py), or use an address name (g_Va<VA>)"
dir32,0x0130B7C8,?g_classic0130B7C8@@3VBfmeChannelPair8480D0@@A,"nothing in the ledger owns 0x0130B7C8. Give the datum a data row first (tools/add_data_match.py), or use an address name (g_Va<VA>)"
dir32,0x0130B7E0,?g_classic0130B7E0@@3V?$codecvt@DDH@_STL@@A,"nothing in the ledger owns 0x0130B7E0. Give the datum a data row first (tools/add_data_match.py), or use an address name (g_Va<VA>)"
dir32,0x0130B7F0,?g_classic0130B7F0@@3V?$time_put@GV?$ostreambuf_iterator@GV?$char_traits@G@_STL@@@_STL@@@_STL@@A,"nothing in the ledger owns 0x0130B7F0. Give the datum a data row first (tools/add_data_match.py), or use an address name (g_Va<VA>)"
dir32,0x0130BA18,?g_classic0130BA18@@3V?$money_get@DV?$istreambuf_iterator@DV?$char_traits@D@_STL@@@_STL@@@_STL@@A,"nothing in the ledger owns 0x0130BA18. Give the datum a data row first (tools/add_data_match.py), or use an address name (g_Va<VA>)"
dir32,0x0130BA28,?g_classic0130BA28@@3VBfmeChannelPair847EF0@@A,"nothing in the ledger owns 0x0130BA28. Give the datum a data row first (tools/add_data_match.py), or use an address name (g_Va<VA>)"
dir32,0x0130BA40,?g_classic0130BA40@@3V?$money_put@DV?$ostreambuf_iterator@DV?$char_traits@D@_STL@@@_STL@@@_STL@@A,"nothing in the ledger owns 0x0130BA40. Give the datum a data row first (tools/add_data_match.py), or use an address name (g_Va<VA>)"
dir32,0x0130BA50,?g_classic0130BA50@@3V?$time_get@DV?$istreambuf_iterator@DV?$char_traits@D@_STL@@@_STL@@@_STL@@A,"nothing in the ledger owns 0x0130BA50. Give the datum a data row first (tools/add_data_match.py), or use an address name (g_Va<VA>)"
dir32,0x0130BC78,?g_classic0130BC78@@3V?$ctype@D@_STL@@A,"nothing in the ledger owns 0x0130BC78. Give the datum a data row first (tools/add_data_match.py), or use an address name (g_Va<VA>)"
dir32,0x0130BC90,?g_classic0130BC90@@3V?$collate@D@_STL@@A,"nothing in the ledger owns 0x0130BC90. Give the datum a data row first (tools/add_data_match.py), or use an address name (g_Va<VA>)"
dir32,0x0130BCAC,?g_bfmeRva0130BCACStatic@@3VRva00848AB0@@A,"retail 0x0130BCAC is already recorded as ?TheBfmeObject_00C70C80@@3VGen_00C70C80Target@@A; reference that name, not a new one"
dir32,0x0130BCB4,?Rva0130BCB4@_STL@@3V?$basic_string@DV?$char_traits@D@_STL@@V?$allocator@D@2@@1@A,"retail 0x0130BCB4 is already recorded as ?TheBfmeObject_00C70CC0@@3VGen_00C70CC0Target@@A; reference that name, not a new one"
dir32,0x0130C074,?g_rva0130C074@@3VRva00C6DAD0Init@@A,"retail 0x0130C074 is already recorded as ?TheBfmeObject_00C70E20@@3VGen_00C70E20Target@@A; reference that name, not a new one"
dir32,0x0130C0B0,?g_rva0130C0B0@@3VRva00C6DAA0Init@@A,"retail 0x0130C0B0 is already recorded as ?Gen_g_0130c0b0@@3V?$basic_string@GV?$char_traits@G@_STL@@V?$allocator@G@2@@_STL@@A (+1 more); reference that name, not"
dir32,0x0130C0BC,?g_rva0130C0BC@@3VRva00C6DB30Init@@A,"retail 0x0130C0BC is already recorded as ?Gen_g_0130c0bc@@3V?$basic_string@GV?$char_traits@G@_STL@@V?$allocator@G@2@@_STL@@A (+1 more); reference that name, not"
dir32,0x0130C0C8,?g_rva0130C0C8@@3VRva00C6DB00Init@@A,"retail 0x0130C0C8 is already recorded as ?Gen_g_0130c0c8@@3V?$basic_string@DV?$char_traits@D@_STL@@V?$allocator@D@2@@_STL@@A (+1 more); reference that name, not"
dir32,0x0130C0D4,?TheBfmeObject_00C70E50@@3VBfmeThingTB@@A,"retail 0x0130C0D4 is already recorded as ?TheBfmeObject_00C70E50@@3VGen_00C70E50Target@@A; reference that name, not a new one"
dir32,0x0130C0D8,_locale_buffer_00850560,"retail 0x0130C0D8 is already recorded as _locale_buffer_0084ECE0; reference that name, not a new one"
dir32,0x0130C128,_locale_format_0084EF30,"nothing in the ledger owns 0x0130C128. Give the datum a data row first (tools/add_data_match.py), or use an address name (g_Va<VA>)"
dir32,0x0130C140,_locale_output_00850560,"nothing in the ledger owns 0x0130C140. Give the datum a data row first (tools/add_data_match.py), or use an address name (g_Va<VA>)"
dir32,0x0130C3A0,_locale_output_008504C0,"nothing in the ledger owns 0x0130C3A0. Give the datum a data row first (tools/add_data_match.py), or use an address name (g_Va<VA>)"
dir32,0x0130C4E8,_locale_buffer_008504C0,"retail 0x0130C4E8 is already recorded as _locale_buffer_0084ECA0; reference that name, not a new one"
dir32,0x0130C548,_locale_format_0084ED20,"nothing in the ledger owns 0x0130C548. Give the datum a data row first (tools/add_data_match.py), or use an address name (g_Va<VA>)"
dir32,0x0130CE54,?g_0130CE54@@3PAXA,"nothing in the ledger owns 0x0130CE54. Give the datum a data row first (tools/add_data_match.py), or use an address name (g_Va<VA>)"
dir32,0x0130CE58,?g_rva0130CE58@@3VRva00C6DB80Init@@A,"retail 0x0130CE58 is already recorded as ?TheBfmeObject_00C70E60@@3VGen_00C70E60Target@@A (+1 more); reference that name, not a new one"
dir32,0x0130E97C,?g_0130E97C@@3P6GPAXPBGPAXK@ZA,"nothing in the ledger owns 0x0130E97C. Give the datum a data row first (tools/add_data_match.py), or use an address name (g_Va<VA>)"
dir32,0x0130E980,?g_0130E980@@3P6GPAXPBDPAXK@ZA,"nothing in the ledger owns 0x0130E980. Give the datum a data row first (tools/add_data_match.py), or use an address name (g_Va<VA>)"
dir32,0x0130E984,?g_0130E984@@3P6GPAXPBG@ZA,"nothing in the ledger owns 0x0130E984. Give the datum a data row first (tools/add_data_match.py), or use an address name (g_Va<VA>)"
dir32,0x0130E9D0,?g_0130E9D0@@3PAPAVRva00882580Block@@A,"nothing in the ledger owns 0x0130E9D0. Give the datum a data row first (tools/add_data_match.py), or use an address name (g_Va<VA>)"
dir32,0x0130EA10,?TheBfmeObject_00C70EB0@@3VGen_00C70EB0Target@@A,"nothing in the ledger owns 0x0130EA10. Give the datum a data row first (tools/add_data_match.py), or use an address name (g_Va<VA>)"
dir32,0x01336CE0,?g_01336CE0@@3PAVRva008838F0Owner@@A,the name encodes 0x008838F0 but retail reads 0x01336CE0
dir32,0x01336E10,?obj@?1??getRva008876E0Singleton@@YAPAXXZ@4VRva008876E0Type@@A,the name encodes 0x008876E0 but retail reads 0x01336E10
dir32,0x01336E2C,??_B?1??getRva008876E0Singleton@@YAPAXXZ@51,the name encodes 0x008876E0 but retail reads 0x01336E2C
dir32,0x01336E30,?obj@?1??getRva008877A0Singleton@@YAPAXXZ@4VRva008877A0Type@@A,the name encodes 0x008877A0 but retail reads 0x01336E30
dir32,0x01336E4C,??_B?1??getRva008877A0Singleton@@YAPAXXZ@51,the name encodes 0x008877A0 but retail reads 0x01336E4C
dir32,0x01336E50,?TheEmptyAsciiString@@3VAsciiString@@A,"retail 0x01336E50 is already recorded as ?BfmeDefeatScreenTable@@3PAEA (+42 more); reference that name, not a new one"
dir32,0x01336E54,?emptyString01336E54@@3VUnicodeString@@A,"retail 0x01336E54 is already recorded as ?BFMEEmptyPlayerName@@3VUnicodeString@@B (+8 more); reference that name, not a new one"
dir32,0x01336E5C,?debug01336E5C@@3PAVShadowDebug007BC270@@A,"retail 0x01336E5C is already recorded as ?DebugGlobal00409E20@@3PAVDebugView00409E20@@A (+14 more); reference that name, not a new one"
dir32,0x01336E5C,?g_Rva00F36E5C@@3PAXA,"retail 0x01336E5C is already recorded as ?DebugGlobal00409E20@@3PAVDebugView00409E20@@A (+14 more); reference that name, not a new one"
dir32,0x01336E79,?g_01336E79@@3_NA,"nothing in the ledger owns 0x01336E79. Give the datum a data row first (tools/add_data_match.py), or use an address name (g_Va<VA>)"
dir32,0x013377D8,?g_bfmeHolderBU@@3PAUState8C4DA0@@A,"retail 0x013377D8 is already recorded as ?Rva008A5380Holder@@3PADA (+18 more); reference that name, not a new one"
dir32,0x01337810,?g_rva01337810GcRoots@@3PAURva00899560Pool@@A,"retail 0x01337810 is already recorded as ?g_bfme1211@@3PAVBfmeG1211@@A (+18 more); reference that name, not a new one"
dir32,0x01337820,?g_01337820@@3PAURva008B38F0Global@@A,the name encodes 0x008B38F0 but retail reads 0x01337820
dir32,0x01337820,?g_01337820@@3PAVRva008B38F0Global@@A,the name encodes 0x008B38F0 but retail reads 0x01337820
dir32,0x01337864,?g_rva01337864@@3P6AXPBD0@ZA,"retail 0x01337864 is already recorded as ?g_bfmeCompareEAW@@3P6AXPBD0@ZA (+1 more); reference that name, not a new one"
dir32,0x013378E0,?g_bfmeEntriesDU@@3PAVRva008972B0Source@@A,"retail 0x013378E0 is already recorded as ?g_bfmeEntriesDU@@3PAVBfmeTripleDU@@A; reference that name, not a new one"
dir32,0x01337A30,?g_bfmeStringPool1284@@3PAP6AXPAX@ZA,"retail 0x01337A30 is already recorded as ?Rva00892ED0ReleaseTable@@3PAP6AXPAX@ZA (+29 more); reference that name, not a new one"
dir32,0x01337A30,?g_bfmeStringPool1284@@3PAUPool8C4DA0@@A,"retail 0x01337A30 is already recorded as ?Rva00892ED0ReleaseTable@@3PAP6AXPAX@ZA (+29 more); reference that name, not a new one"
dir32,0x01337A30,?g_pool01337A30@@3PAUStringPool008B3AA0@@A,"retail 0x01337A30 is already recorded as ?Rva00892ED0ReleaseTable@@3PAP6AXPAX@ZA (+29 more); reference that name, not a new one"
dir32,0x01337A30,?g_rva01337A30AllocPair@@3PAUBfmeStringPool3AF0@@A,"retail 0x01337A30 is already recorded as ?Rva00892ED0ReleaseTable@@3PAP6AXPAX@ZA (+29 more); reference that name, not a new one"
dir32,0x01338478,?g_rva01338478NodeHead@@3PAURva008C3B60Node@@A,"retail 0x01338478 is already recorded as ?Rva008C3B60Head@@3PAURva008C3B60Node@@A (+8 more); reference that name, not a new one"
dir32,0x01338524,?g_01338524@@3URva008A9A70Str@@A,the name encodes 0x008A9A70 but retail reads 0x01338524
dir32,0x0133853C,?key0133853C@@3PADA,"nothing in the ledger owns 0x0133853C. Give the datum a data row first (tools/add_data_match.py), or use an address name (g_Va<VA>)"
dir32,0x013385D8,?g_013385D8@@3URva008A9A70Str@@A,the name encodes 0x008A9A70 but retail reads 0x013385D8
dir32,0x01338678,?g_01338678@@3URva008A9A70Str@@A,the name encodes 0x008A9A70 but retail reads 0x01338678
dir32,0x0133D1AC,?g_bfmePoolTRB@@3V?$ObjectPoolClass@VGridLinkClass@@$0BAA@@@A,retail 0x0133D1AC is already recorded as ?Allocator@?$AutoPoolClass@VGridLinkClass@@$0BAA@@@0V?$ObjectPoolClass@VGridLinkClass@@$0BAA@@@A (+1 more); reference t
dir32,0x0133D1AC,?g_pool008DDA50@@3V?$ObjectPoolClass@VGridLinkClass@@$0BAA@@@A,retail 0x0133D1AC is already recorded as ?Allocator@?$AutoPoolClass@VGridLinkClass@@$0BAA@@@0V?$ObjectPoolClass@VGridLinkClass@@$0BAA@@@A (+1 more); reference t
dir32,0x0133F49C,?render_state_changed@DX8Wrapper@@2IA,"retail 0x0133F49C is already recorded as ?Rva0133F49CChanged@@3IA (+3 more); reference that name, not a new one"
dir32,0x01340100,?RenderStates@DX8Wrapper@@0PAIA,"retail 0x01340100 is already recorded as ?RenderStates@DX8Wrapper@@1PAIA (+3 more); reference that name, not a new one"
dir32,0x0134050C,?IsInitted@DX8Wrapper@@1_NA,"retail 0x0134050C is already recorded as ?g_0134050C@@3_NA; reference that name, not a new one"
dir32,0x01340534,?D3DDevice@DX8Wrapper@@0PAVShadowDecalDevice007B14A0@@A,"retail 0x01340534 is already recorded as ?D3DDevice@DX8Wrapper@@0PAUBfmeDevice@@A (+47 more); reference that name, not a new one"
dir32,0x01340564,?render_state_changes@DX8Wrapper@@0IA,"retail 0x01340564 is already recorded as ?ScreenRenderStateChanges@@3IA (+3 more); reference that name, not a new one"
dir32,0x01340578,?g_bfmeCaps1340578@@3PAUBfmeVertexMaterialCaps@@A,"retail 0x01340578 is already recorded as ?BfmeCurrentCaps@@3PAEA (+7 more); reference that name, not a new one"
dir32,0x0134058C,?cleanup0134058C@@3PAVDX8_CleanupHook@@A,"retail 0x0134058C is already recorded as ?s_value@Rva006C5730@@2HA; reference that name, not a new one"
dir32,0x0134058C,?m_pCleanupHook@DX8Wrapper@@1PAVDX8_CleanupHook@@A,"retail 0x0134058C is already recorded as ?s_value@Rva006C5730@@2HA; reference that name, not a new one"
dir32,0x013405D0,?D3D8Lib@@3PAXA,"retail 0x013405D0 is already recorded as ?g_013405D0@@3PAXA; reference that name, not a new one"
dir32,0x013405D8,?g_013405D8@@3PBDB,"nothing in the ledger owns 0x013405D8. Give the datum a data row first (tools/add_data_match.py), or use an address name (g_Va<VA>)"
dir32,0x01340600,?Vertex_Shader_Constants@DX8Wrapper@@2PAVVector4@@A,"retail 0x01340600 is already recorded as ?Vertex_Shader_Constants@DX8Wrapper@@0PAVVector4@@A (+1 more); reference that name, not a new one"
dir32,0x01340C50,?g_bfmeRva01340C50Static@@3VRva00906340@@A,"retail 0x01340C50 is already recorded as ?TheBfmeObject_00C70FD0@@3VGen_00C70FD0Target@@A; reference that name, not a new one"
dir32,0x01340EC0,?g_bfmeRva01340EC0Static@@3VRva00906340@@A,"retail 0x01340EC0 is already recorded as ?Rva01340EC0Shader@@3IA (+4 more); reference that name, not a new one"
dir32,0x01340EC0,?render_state@DX8Wrapper@@2URenderStateStruct@@A,"retail 0x01340EC0 is already recorded as ?Rva01340EC0Shader@@3IA (+4 more); reference that name, not a new one"
dir32,0x01341150,?Pixel_Shader_Constants@DX8Wrapper@@2PAVVector4@@A,"retail 0x01341150 is already recorded as ?HighlightPixelConstants@@3PAUColor@@A (+2 more); reference that name, not a new one"
dir32,0x01341220,?g_rva01341220Flag@@3_NA,"retail 0x01341220 is already recorded as ?g_00710e10@@3EA; reference that name, not a new one"
dir32,0x01341288,?_TriVertexLocationOrientationTable@PointGroupClass@@0PAY02VVector3@@A,"retail 0x01341288 is already recorded as ?_TriVertexLocationOrientationTable@PointGroupClass@@2PAY02VVector3@@A; reference that name, not a new one"
dir32,0x013436B8,?_QuadVertexLocationOrientationTable@PointGroupClass@@0PAY03VVector3@@A,"retail 0x013436B8 is already recorded as ?_QuadVertexLocationOrientationTable@PointGroupClass@@2PAY03VVector3@@A; reference that name, not a new one"
dir32,0x01346718,?g_bfmeRva01346718Str@@3VStringClass@@A,"retail 0x01346718 is already recorded as ?TheBfmeObject_00C712C0@@3VGen_00C712C0Target@@A; reference that name, not a new one"
dir32,0x01346E74,?g_bfmeRva01346E74Str@@3VStringClass@@A,"retail 0x01346E74 is already recorded as ?TheBfmeObject_009372E0@@3VGen_009372E0Target@@A (+1 more); reference that name, not a new one"
dir32,0x0134B0E4,?g_0134B0E4@@3PAVMeshModelClass@@A,"nothing in the ledger owns 0x0134B0E4. Give the datum a data row first (tools/add_data_match.py), or use an address name (g_Va<VA>)"
dir32,0x0134B0E8,?TheDX8MeshRenderer@@3VDX8MeshRendererClass@@A,"retail 0x0134B0E8 is already recorded as ?TheDX8MeshRenderer@@3PAVDX8MeshRendererClass@@A (+1 more); reference that name, not a new one"
dir32,0x0134B0E8,?g_bfmeMeshRendererSingleton@@3PAVDX8MeshRendererClass@@A,"retail 0x0134B0E8 is already recorded as ?TheDX8MeshRenderer@@3PAVDX8MeshRendererClass@@A (+1 more); reference that name, not a new one"
dir32,0x0134B27C,?hWnd@DX8WebBrowser@@2PAUHWND__@@A,"nothing in the ledger owns 0x0134B27C. Give the datum a data row first (tools/add_data_match.py), or use an address name (g_Va<VA>)"
dir32,0x0134B280,?Rva0134B280Browser@@3V?$_com_ptr_t@V?$_com_IIID@UIFEBrowserEngine2@@$1?_GUID_ee883b17_0778_4b18_a12b_e44c0d298412@@3U__s_GUID@@B@@@@A,"retail 0x0134B280 is already recorded as ?Rva00959410Dispatch@@3URva00959410Ptr@@A (+3 more); reference that name, not a new one"
dir32,0x0134C6D8,?g_0134C6D8@@3PAHA,"nothing in the ledger owns 0x0134C6D8. Give the datum a data row first (tools/add_data_match.py), or use an address name (g_Va<VA>)"
dir32,0x0134C948,?g_0134C948@@3PADA,"nothing in the ledger owns 0x0134C948. Give the datum a data row first (tools/add_data_match.py), or use an address name (g_Va<VA>)"
dir32,0x0134ECD4,?g_pool009DBEB0@@3V?$ObjectPoolClass@VMultiListNodeClass@@$0BAA@@@A,retail 0x0134ECD4 is already recorded as ?Allocator@?$AutoPoolClass@VMultiListNodeClass@@$0BAA@@@0V?$ObjectPoolClass@VMultiListNodeClass@@$0BAA@@@A; reference t
dir32,0x0134ECF0,?_DefaultFileFactory@@3VSimpleFileFactoryClass@@A,"retail 0x0134ECF0 is already recorded as ?TheBfmeObject_00C71550@@3VGen_00C71550Target@@A; reference that name, not a new one"
dir32,0x0134FB18,?g_bfmeRva0134FB18Static@@3VRva009F67EDCriticalSection@@A,"retail 0x0134FB18 is already recorded as ?TheBfmeObject_0005C450@@3VGen_0005C450Target@@A (+2 more); reference that name, not a new one"
dir32,0x0134FB38,?g_rva0134FB38@@3URva0134FB38Storage@@A,"retail 0x0134FB38 is already recorded as ?TheDcPool@@3VDcPool@@A (+2 more); reference that name, not a new one"
dir32,0x0134FBA0,__dowildcard,"nothing in the ledger owns 0x0134FBA0. Give the datum a data row first (tools/add_data_match.py), or use an address name (g_Va<VA>)"
dir32,0x0134FBA4,__newmode,"nothing in the ledger owns 0x0134FBA4. Give the datum a data row first (tools/add_data_match.py), or use an address name (g_Va<VA>)"
dir32,0x0134FBA8,__commode,"nothing in the ledger owns 0x0134FBA8. Give the datum a data row first (tools/add_data_match.py), or use an address name (g_Va<VA>)"
dir32,0x0134FBAC,__fmode,"nothing in the ledger owns 0x0134FBAC. Give the datum a data row first (tools/add_data_match.py), or use an address name (g_Va<VA>)"
dir32,0x013571F8,__adjust_fdiv,"nothing in the ledger owns 0x013571F8. Give the datum a data row first (tools/add_data_match.py), or use an address name (g_Va<VA>)"
dir32,0x01357214,_Rva01357214Onexitbegin,"retail 0x01357214 is already recorded as ___onexitbegin; reference that name, not a new one"
ltable,0x0069A6F0,?setReverb@Rva0069A6F0Owner@@QAEXPAPAURva0069A6F0Playing@@@Z,+228 $L347 wants 0x00A9A70A retail 0x00A9A748
ltable,0x0080DD80,_Rva0080DD80,+443 $L1447 wants 0x00C0DF60 retail 0x00C0DF65
static,0x000E4210,?parsePlayerTemplateDefinition@PlayerTemplateStore@@SAXPAVINI@@@Z,"+79 ?TheFieldParseTable@?1??getFieldParse@Pl@0x010847E0: 46 byte(s) differ, first +28: source 000000000000000000000000080000000000000000000000 retail 280f0801e0"
static,0x00123180,?buildFieldParse@FireOCLAfterWeaponCooldownUpdateModuleData@@SAXAAVMultiIniFieldParse@@@Z,"+8 ?dataFieldParse@?1??buildFieldParse@Fire@0x0108B330: 13 byte(s) differ, first +12: source 000000000000000000000000640000000000000000000000 retail 20b30801002"
static,0x00123180,?buildFieldParse@GenerateMinefieldBehaviorModuleData@@SAXAAVMultiIniFieldParse@@@Z,"+8 ?dataFieldParse@?1??buildFieldParse@Gene@0x0108B330: 22 byte(s) differ, first +12: source 000000000000000000000000600000000000000000000000 retail 20b30801002"
static,0x00123290,?buildFieldParse@CreateObjectDieModuleData@@SAXAAVMultiIniFieldParse@@@Z,"+23 ?dataFieldParse@?1??buildFieldParse@Crea@0x0108B560: 10 byte(s) differ, first +12: source 000000000000000000000000200000000000000000000000 retail 48b508019a"
static,0x00123290,?buildFieldParse@EjectPilotDieModuleData@@SAXAAVMultiIniFieldParse@@@Z,"+23 ?dataFieldParse@?1??buildFieldParse@Ejec@0x0108B560: 3 byte(s) differ, first +12: source 000000000000000000000000200000000000000000000000 retail 48b508019aa"
static,0x00123290,?buildFieldParse@InstantDeathBehaviorModuleData@@SAXAAVMultiIniFieldParse@@@Z,"+23 ?dataFieldParse@?1??buildFieldParse@Inst@0x0108B560: 3 byte(s) differ, first +12: source 000000000000000000000000000000000000000000000000 retail 48b508019aa"
static,0x00123290,?buildFieldParse@RebuildHoleExposeDieModuleData@@SAXAAVMultiIniFieldParse@@@Z,"+23 ?dataFieldParse@?1??buildFieldParse@Rebu@0x0108B560: 3 byte(s) differ, first +12: source 000000000000000000000000200000000000000000000000 retail 48b508019aa"
static,0x0013A450,?getDX8Format@W3DBufferManager@@SAHW4VBM_FVF_TYPES@1@@Z,"+7 _FVFTypeIndexList@0x012AC510: 68 byte(s) differ, first +0: source 020000004200000002010000420100000202000042020000 retail 1429090104290901f0280901e0280901cc2"
static,0x001CC820,?setFiringConditionForCurrentWeapon@Object@@QBEXXZ,"+50 _s_allWeaponFireFlags@0x012EF648: 189 byte(s) differ, first +0: source 000000000000000000000000000000000000000000000000 retail e0e71121c0e61121e0ea1121f0ed1"
static,0x001DA620,?parseObject@GenericObjectCreationNugget@@SAXPAVINI@@PAX1PBX@Z,"+55 _s_commonFieldParse@0x0109F320: 8 byte(s) differ, first +0: source 00000000000000000000000000000000 retail 08f30901e01ec5000000000010000000"
static,0x0020A730,?buildFieldParse@OpenContainModuleData@@SAXAAVMultiIniFieldParse@@@Z,"+8 ?dataFieldParse@?1??buildFieldParse@Open@0x010A6948: 28 byte(s) differ, first +12: source 000000000000000000000000200000000000000000000000 retail 38690a01088"
static,0x004582D0,?parseGeneralPersona@ChallengeGenerals@@CAXPAVINI@@PAX1PBX@Z,"+9 ?dataFieldParse@?1??parseGeneralPersona@@0x010F6440: 33 byte(s) differ, first +40: source 000000000000000000000000000000000000000000000000 retail b00c0801e01"
static,0x004582D0,?parseRadiusDecalTemplate@RadiusDecalTemplate@@SAXPAVINI@@PAX1PBX@Z,"+9 ?dataFieldParse@?1??parseRadiusDecalTemp@0x010F6440: 13 byte(s) differ, first +40: source 000000000000000000000000000000000000000000000000 retail b00c0801e01"
static,0x0058AE70,?getFieldParseTable@AudioManager@@QBEPBUFieldParse@@XZ,+1 _audioSettingsFieldParseTable outside the retail image
static,0x006250A0,?parseOnlineChatColorDefinition@INI@@SAXPAV1@@Z,"+5 _GameSpyColorFieldParse@0x01117700: 8 byte(s) differ, first +432: source 000000000000000000000000000000000000000000000000 retail 14570701e031c500000000000000"
tail,0x00001DA7,??0?$_Vector_base@PAVObject@@V?$allocator@PAVObject@@@_STL@@@_STL@@QAE@IABV?$allocator@PAVObject@@@1@@Z,"compiled=8 ledger=5 tail=3: 3 byte(s) differ from retail, first +5"
tail,0x00002432,??0W3DDisplay@@QAE@XZ,"compiled=8 ledger=5 tail=3: 3 byte(s) differ from retail, first +5"
tail,0x0000264E,??0BoneFXUpdate@@QAE@PAVThing@@PBVModuleData@@@Z,"compiled=8 ledger=5 tail=3: 3 byte(s) differ from retail, first +5"
tail,0x00002874,??0?$SimpleParameterClass@H$0A@@@QAE@PAXPBD@Z,"compiled=8 ledger=5 tail=3: 3 byte(s) differ from retail, first +5"
tail,0x0000DAFD,??0GameResultsQueue@@QAE@XZ,"compiled=8 ledger=5 tail=3: 3 byte(s) differ from retail, first +5"
tail,0x0001002D,??0BridgeScaffoldBehavior@@QAE@PAVThing@@PBVModuleData@@@Z,"compiled=8 ledger=5 tail=3: 3 byte(s) differ from retail, first +5"
tail,0x0001D949,??0?$_Vector_base@PBVLocomotorTemplate@@V?$allocator@PBVLocomotorTemplate@@@_STL@@@_STL@@QAE@IABV?$allocator@PBVLocomotorTemplate@@@1@@Z,"compiled=8 ledger=5 tail=3: 3 byte(s) differ from retail, first +5"
tail,0x0002A379,??0FireWeaponWhenDamagedBehavior@@QAE@PAVThing@@PBVModuleData@@@Z,"compiled=8 ledger=5 tail=3: 3 byte(s) differ from retail, first +5"
tail,0x0002BFF8,??0DozerAIUpdateModuleData@@QAE@XZ,"compiled=8 ledger=5 tail=3: 3 byte(s) differ from retail, first +5"
tail,0x00037619,??0SupplyWarehouseCripplingBehavior@@QAE@PAVThing@@PBVModuleData@@@Z,"compiled=8 ledger=5 tail=3: 3 byte(s) differ from retail, first +5"
tail,0x0003F418,??0?$_Vector_base@PAVObjectCreationNugget@@V?$allocator@PAVObjectCreationNugget@@@_STL@@@_STL@@QAE@IABV?$allocator@PAVObjectCreationNugget@@@1@@Z,"compiled=8 ledger=5 tail=3: 3 byte(s) differ from retail, first +5"
tail,0x00048B9E,??0AutoHealBehavior@@QAE@PAVThing@@PBVModuleData@@@Z,"compiled=8 ledger=5 tail=3: 3 byte(s) differ from retail, first +5"
tail,0x001FBC70,??0FireWeaponWhenDeadBehavior@@QAE@PAVThing@@PBVModuleData@@@Z,"compiled=398 ledger=395 tail=3: 3 byte(s) differ from retail, first +395"
tail,0x002277A0,??0OpenContain@@QAE@PAVThing@@PBVModuleData@@@Z,"compiled=725 ledger=722 tail=3: 3 byte(s) differ from retail, first +722"
tail,0x0027F4B0,??0AIUpdateInterface@@QAE@PAVThing@@PBVModuleData@@@Z,"compiled=1240 ledger=1237 tail=3: 3 byte(s) differ from retail, first +1237"
tail,0x00281480,??0AutoFindHealingUpdate@@QAE@PAVThing@@PBVModuleData@@@Z,"compiled=80 ledger=77 tail=3: 3 byte(s) differ from retail, first +77"
tail,0x00285F10,??0BannerCarrierUpdate@@QAE@PAVThing@@PBVModuleData@@@Z,"compiled=167 ledger=164 tail=3: 3 byte(s) differ from retail, first +164"
tail,0x002ACB70,??0StealthUpdate@@QAE@PAVThing@@PBVModuleData@@@Z,"compiled=255 ledger=252 tail=3: 3 byte(s) differ from retail, first +252"
tail,0x002C2430,??0GiantBirdAIUpdate@@QAE@PAVThing@@PBVModuleData@@@Z,"compiled=421 ledger=418 tail=3: 3 byte(s) differ from retail, first +418"
tail,0x00376250,??0CastleBehavior@@QAE@PAVThing@@PBVModuleData@@@Z,"compiled=664 ledger=661 tail=3: 3 byte(s) differ from retail, first +661"
tail,0x0043FA90,?hideIdleWorkerLayout@InGameUI@@EAEXXZ,"compiled=73 ledger=72 tail=1: 1 byte(s) differ from retail, first +72"
tail,0x004889A0,?winCreateLayout@GameWindowManager@@UAEPAVWindowLayout@@VAsciiString@@@Z,"compiled=265 ledger=257 tail=8: 4 byte(s) differ from retail, first +257"
tail,0x005FAFE0,??0LightningEmissionInfo@FXParticleSystem@@QAE@XZ,"compiled=294 ledger=291 tail=3: 3 byte(s) differ from retail, first +291"
tail,0x005FD9E0,??0DefaultPhysicsModuleInfo@FXParticleSystem@@QAE@XZ,"compiled=94 ledger=91 tail=3: 3 byte(s) differ from retail, first +91"
tail,0x0080DD80,_Rva0080DD80,"compiled=488 ledger=427 tail=61: 16 byte(s) differ from retail, first +471"
tail,0x0080E030,_Rva0080E030,"compiled=384 ledger=320 tail=64: 17 byte(s) differ from retail, first +364"
tail,0x00853B30,?load@INI@@QAE_NVBFMERetailAsciiString@@00HH@Z,"compiled=377 ledger=250 tail=127: 18 byte(s) differ from retail, first +287"
tail,0x009C4C40,?bfmeProbeSse2@@YAHXZ,"compiled=123 ledger=78 tail=45: 22 byte(s) differ from retail, first +84"
tail,0x00C23607,?dup_00C23607@@YAXXZ,"compiled=32 ledger=24 tail=8: 3 byte(s) differ from retail, first +24"
tail,0x00C409F0,?a_00c409f0@@YAXXZ,"compiled=16 ledger=8 tail=8: 2 byte(s) differ from retail, first +9"
genalias,0x003AA480,??$__uninitialized_copy@PBUHideShowSubObjInfo@ModelConditionInfo@@PAU12@@_STL@@YAPAUHideShowSubObjInfo@ModelConditionInfo@@PBU12@0PAU12@ABU__false_type@0@@Z,masked call is not a retail twin; fix the callee or drop the gen-alias note
genalias,0x000A7AA0,??$__uninitialized_copy@PBUParticleSysBoneInfo@@PAU1@@_STL@@YAPAUParticleSysBoneInfo@@PBU1@0PAU1@ABU__false_type@0@@Z,masked call is not a retail twin; fix the callee or drop the gen-alias note
genalias,0x003AB7A0,??$__uninitialized_copy@PBUPrereqUnitRec@ProductionPrerequisite@@PAU12@@_STL@@YAPAUPrereqUnitRec@ProductionPrerequisite@@PBU12@0PAU12@ABU__false_type@0@@Z,masked call is not a retail twin; fix the callee or drop the gen-alias note
genalias,0x003ABB40,??$__uninitialized_copy@PBVProductionPrerequisite@@PAV1@@_STL@@YAPAVProductionPrerequisite@@PBV1@0PAV1@ABU__false_type@0@@Z,masked call is not a retail twin; fix the callee or drop the gen-alias note
genalias,0x003AA640,??$__uninitialized_copy@PBVW3DAnimationInfo@@PAV1@@_STL@@YAPAVW3DAnimationInfo@@PBV1@0PAV1@ABU__false_type@0@@Z,masked call is not a retail twin; fix the callee or drop the gen-alias note
genalias,0x000A8D60,??4LadderPref@@QAEAAV0@ABV0@@Z,masked call is not a retail twin; fix the callee or drop the gen-alias note
genalias,0x00100570,?clear@?$vector@UGen_t_000ff890_p16cd@@V?$allocator@UGen_t_000ff890_p16cd@@@_STL@@@_STL@@QAEXXZ,masked call is not a retail twin; fix the callee or drop the gen-alias note
genalias,0x00633760,?erase@?$_Rb_tree@UGen_t_00076a90_k4@@U1@U?$_Identity@UGen_t_00076a90_k4@@@_STL@@U?$less@UGen_t_00076a90_k4@@@3@V?$allocator@UGen_t_00076a90_k4@@@3@@_STL@@QAEXU?$_Rb_tree_iterator@UGen_t_00076a90_k4@@U?$_Nonconst_traits@UGen_t_00076a90_k4@@@_STL@@@2@0@Z,masked call is not a retail twin; fix the callee or drop the gen-alias note
