name,va
?$S103@?1??getClassMemoryPool@AIUpdateInterface@@CAPAVMemoryPool@@XZ@4IA,0x012EFE34
?$S105@?1??getClassMemoryPool@PoisonedBehavior@@CAPAVMemoryPool@@XZ@4IA,0x012EF830
?$S107@?1??getClassMemoryPool@SupplyWarehouseCripplingBehavior@@CAPAVMemoryPool@@XZ@4IA,0x012EF91C
?$S112@?1??getClassMemoryPool@CreateCrateDie@@CAPAVMemoryPool@@XZ@4IA,0x012EFBF8
?$S113@?1??getClassMemoryPool@CreateObjectDie@@CAPAVMemoryPool@@XZ@4IA,0x012EFC00
?$S114@?1??getClassMemoryPool@CrushDie@@CAPAVMemoryPool@@XZ@4IA,0x012EFC08
?$S116@?1??getClassMemoryPool@DestroyDie@@CAPAVMemoryPool@@XZ@4IA,0x012EFC10
?$S118@?1??getClassMemoryPool@FXListDie@@CAPAVMemoryPool@@XZ@4IA,0x012EFC18
?$S11@?1??getClassMemoryPool@FiringTracker@@CAPAVMemoryPool@@XZ@4IA,0x012EF4F8
?$S120@?1??getClassMemoryPool@SpecialPowerCompletionDie@@CAPAVMemoryPool@@XZ@4IA,0x012EFC38
?$S121@?1??getClassMemoryPool@UpgradeDie@@CAPAVMemoryPool@@XZ@4IA,0x012EFC40
?$S122@?1??getClassMemoryPool@KeepObjectDie@@CAPAVMemoryPool@@XZ@4IA,0x012EFC28
?$S124@?1??getClassMemoryPool@AssistedTargetingUpdate@@CAPAVMemoryPool@@XZ@4IA,0x012EFE3C
?$S131@?1??getClassMemoryPool@SupplyTruckAIUpdate@@CAPAVMemoryPool@@XZ@4IA,0x012F0308
?$S131@?1??getClassMemoryPool@W3DTankDraw@@CAPAVMemoryPool@@XZ@4IA,0x01306900
?$S133@?1??getClassMemoryPool@DefaultProductionExitUpdate@@CAPAVMemoryPool@@XZ@4IA,0x012F04F8
?$S134@?1??getClassMemoryPool@DeletionUpdate@@CAPAVMemoryPool@@XZ@4IA,0x012EFF04
?$S139@?1??getClassMemoryPool@W3DTruckDraw@@CAPAVMemoryPool@@XZ@4IA,0x01306910
?$S145@?1??getClassMemoryPool@DozerAIUpdate@@CAPAVMemoryPool@@XZ@4IA,0x012F0258
?$S147@?1??getClassMemoryPool@DynamicShroudClearingRangeUpdate@@CAPAVMemoryPool@@XZ@4IA,0x012EFF24
?$S149@?1??getClassMemoryPool@FireSpreadUpdate@@CAPAVMemoryPool@@XZ@4IA,0x012EFF4C
?$S151@?1??getClassMemoryPool@FireWeaponUpdate@@CAPAVMemoryPool@@XZ@4IA,0x012EFF5C
?$S152@?1??getClassMemoryPool@FlammableUpdate@@CAPAVMemoryPool@@XZ@4IA,0x012EFF64
?$S153@?1??getClassMemoryPool@FloatUpdate@@CAPAVMemoryPool@@XZ@4IA,0x012EFF84
?$S160@?1??getClassMemoryPool@DeployStyleAIUpdate@@CAPAVMemoryPool@@XZ@4IA,0x012F0250
?$S161@?1??getClassMemoryPool@AssaultTransportAIUpdate@@CAPAVMemoryPool@@XZ@4IA,0x012F0248
?$S162@?1??getClassMemoryPool@HeightDieUpdate@@CAPAVMemoryPool@@XZ@4IA,0x012EFF8C
?$S165@?1??getClassMemoryPool@LaserUpdate@@CAPAVMemoryPool@@XZ@4IA,0x012F702C
?$S168@?1??getClassMemoryPool@AutoFindHealingUpdate@@CAPAVMemoryPool@@XZ@4IA,0x012EFE5C
?$S169@?1??getClassMemoryPool@CommandButtonHuntUpdate@@CAPAVMemoryPool@@XZ@4IA,0x012EFEE4
?$S171@?1??getClassMemoryPool@DemoTrapUpdate@@CAPAVMemoryPool@@XZ@4IA,0x012EFF0C
?$S177@?1??getClassMemoryPool@BattlePlanUpdate@@CAPAVMemoryPool@@XZ@4IA,0x012EFEA8
?$S178@?1??getClassMemoryPool@LifetimeUpdate@@CAPAVMemoryPool@@XZ@4IA,0x012EFFBC
?$S179@?1??getClassMemoryPool@RadiusDecalUpdate@@CAPAVMemoryPool@@XZ@4IA,0x012F0024
?$S17@?1??getClassMemoryPool@AutoHealBehavior@@CAPAVMemoryPool@@XZ@4IA,0x012EF768
?$S180@?1??getClassMemoryPool@AutoDepositUpdate@@CAPAVMemoryPool@@XZ@4IA,0x012EFE54
?$S186@?1??getClassMemoryPool@ProductionUpdate@@CAPAVMemoryPool@@XZ@4IA,0x012EFFFC
?$S188@?1??getClassMemoryPool@ProneUpdate@@CAPAVMemoryPool@@XZ@4IA,0x012F0014
?$S189@?1??getClassMemoryPool@QueueProductionExitUpdate@@CAPAVMemoryPool@@XZ@4IA,0x012F0500
?$S18@?1??getClassMemoryPool@BoneFXDamage@@CAPAVMemoryPool@@XZ@4IA,0x012EFBC0
?$S18@?1??getClassMemoryPool@W3DPropDraw@@CAPAVMemoryPool@@XZ@4IA,0x01304BCC
?$S18@?1??getClassMemoryPool@W3DSupplyDraw@@CAPAVMemoryPool@@XZ@4IA,0x013068F8
?$S18@?1??getClassMemoryPool@W3DTreeDraw@@CAPAVMemoryPool@@XZ@4IA,0x01306908
?$S190@?1??getClassMemoryPool@RadarUpdate@@CAPAVMemoryPool@@XZ@4IA,0x012F001C
?$S191@?1??getClassMemoryPool@SupplyCenterDockUpdate@@CAPAVMemoryPool@@XZ@4IA,0x012F04E8
?$S192@?1??getClassMemoryPool@RepairDockUpdate@@CAPAVMemoryPool@@XZ@4IA,0x012F04E0
?$S193@?1??getClassMemoryPool@RailedTransportDockUpdate@@CAPAVMemoryPool@@XZ@4IA,0x012F04D8
?$S196@?1??getClassMemoryPool@SlavedUpdate@@CAPAVMemoryPool@@XZ@4IA,0x012F004C
?$S200@?1??getClassMemoryPool@StealthDetectorUpdate@@CAPAVMemoryPool@@XZ@4IA,0x012F00A0
?$S201@?1??getClassMemoryPool@StealthUpdate@@CAPAVMemoryPool@@XZ@4IA,0x012F01CC
?$S202@?1??getClassMemoryPool@SpawnPointProductionExitUpdate@@CAPAVMemoryPool@@XZ@4IA,0x012F0508
?$S203@?1??getClassMemoryPool@SpawnBehavior@@CAPAVMemoryPool@@XZ@4IA,0x012EF904
?$S207@?1??getClassMemoryPool@HijackerUpdate@@CAPAVMemoryPool@@XZ@4IA,0x012EFF94
?$S20@?1??getClassMemoryPool@FireSpreadUpdate@@CAPAVMemoryPool@@XZ@4IA,0x012EFF54
?$S210@?1??getClassMemoryPool@SupplyCenterProductionExitUpdate@@CAPAVMemoryPool@@XZ@4IA,0x012F0510
?$S211@?1??getClassMemoryPool@SupplyWarehouseDockUpdate@@CAPAVMemoryPool@@XZ@4IA,0x012F04F0
?$S213@?1??getClassMemoryPool@TransportAIUpdate@@CAPAVMemoryPool@@XZ@4IA,0x012F046C
?$S214@?1??getClassMemoryPool@WanderAIUpdate@@CAPAVMemoryPool@@XZ@4IA,0x012F0474
?$S218@?1??getClassMemoryPool@WorkerAIUpdate@@CAPAVMemoryPool@@XZ@4IA,0x012F0480
?$S21@?1??getClassMemoryPool@BridgeBehavior@@CAPAVMemoryPool@@XZ@4IA,0x012EF778
?$S224@?1??getClassMemoryPool@ArmorUpgrade@@CAPAVMemoryPool@@XZ@4IA,0x012F0518
?$S225@?1??getClassMemoryPool@CommandSetUpgrade@@CAPAVMemoryPool@@XZ@4IA,0x012F054C
?$S228@?1??getClassMemoryPool@LocomotorSetUpgrade@@CAPAVMemoryPool@@XZ@4IA,0x012F0584
?$S229@?1??getClassMemoryPool@ObjectCreationUpgrade@@CAPAVMemoryPool@@XZ@4IA,0x012F059C
?$S230@?1??getClassMemoryPool@RadarUpgrade@@CAPAVMemoryPool@@XZ@4IA,0x012F05BC
?$S233@?1??getClassMemoryPool@ModelConditionUpgrade@@CAPAVMemoryPool@@XZ@4IA,0x012F0594
?$S234@?1??getClassMemoryPool@StatusBitsUpgrade@@CAPAVMemoryPool@@XZ@4IA,0x012F05C4
?$S235@?1??getClassMemoryPool@SubObjectsUpgrade@@CAPAVMemoryPool@@XZ@4IA,0x012F05D4
?$S236@?1??getClassMemoryPool@StealthUpgrade@@CAPAVMemoryPool@@XZ@4IA,0x012F05CC
?$S237@?1??getClassMemoryPool@UnpauseSpecialPowerUpgrade@@CAPAVMemoryPool@@XZ@4IA,0x012F05E4
?$S238@?1??getClassMemoryPool@WeaponBonusUpgrade@@CAPAVMemoryPool@@XZ@4IA,0x012F05EC
?$S239@?1??getClassMemoryPool@WeaponSetUpgrade@@CAPAVMemoryPool@@XZ@4IA,0x012F05F4
?$S23@?1??getClassMemoryPool@BridgeTowerBehavior@@CAPAVMemoryPool@@XZ@4IA,0x012EF788
?$S240@?1??getClassMemoryPool@CostModifierUpgrade@@CAPAVMemoryPool@@XZ@4IA,0x012F0554
?$S241@?1??getClassMemoryPool@ExperienceScalarUpgrade@@CAPAVMemoryPool@@XZ@4IA,0x012F0564
?$S242@?1??getClassMemoryPool@MaxHealthUpgrade@@CAPAVMemoryPool@@XZ@4IA,0x012F058C
?$S243@?1??getClassMemoryPool@LockWeaponCreate@@CAPAVMemoryPool@@XZ@4IA,0x012EFB98
?$S244@?1??getClassMemoryPool@SupplyCenterCreate@@CAPAVMemoryPool@@XZ@4IA,0x012EFBB0
?$S245@?1??getClassMemoryPool@SupplyWarehouseCreate@@CAPAVMemoryPool@@XZ@4IA,0x012EFBB8
?$S247@?1??getClassMemoryPool@GrantUpgradeCreate@@CAPAVMemoryPool@@XZ@4IA,0x012EFB90
?$S248@?1??getClassMemoryPool@PreorderCreate@@CAPAVMemoryPool@@XZ@4IA,0x012EFBA0
?$S249@?1??getClassMemoryPool@SpecialPowerCreate@@CAPAVMemoryPool@@XZ@4IA,0x012EFBA8
?$S252@?1??getClassMemoryPool@TransitionDamageFX@@CAPAVMemoryPool@@XZ@4IA,0x012EFBF0
?$S253@?1??getClassMemoryPool@FireWeaponCollide@@CAPAVMemoryPool@@XZ@4IA,0x012EF9CC
?$S254@?1??getClassMemoryPool@SquishCollide@@CAPAVMemoryPool@@XZ@4IA,0x012EF9DC
?$S257@?1??getClassMemoryPool@HealCrateCollide@@CAPAVMemoryPool@@XZ@4IA,0x012EFA0C
?$S258@?1??getClassMemoryPool@MoneyCrateCollide@@CAPAVMemoryPool@@XZ@4IA,0x012EFA14
?$S25@?1??getClassMemoryPool@W3DDebrisDraw@@CAPAVMemoryPool@@XZ@4IA,0x01304B48
?$S267@?1??getClassMemoryPool@SalvageCrateCollide@@CAPAVMemoryPool@@XZ@4IA,0x012EFA1C
?$S268@?1??getClassMemoryPool@ShroudCrateCollide@@CAPAVMemoryPool@@XZ@4IA,0x012EFA24
?$S269@?1??getClassMemoryPool@UnitCrateCollide@@CAPAVMemoryPool@@XZ@4IA,0x012EFA2C
?$S26@?1??getClassMemoryPool@InstantDeathBehavior@@CAPAVMemoryPool@@XZ@4IA,0x012EF818
?$S270@?1??getClassMemoryPool@VeterancyCrateCollide@@CAPAVMemoryPool@@XZ@4IA,0x012EFA34
?$S271@?1??getClassMemoryPool@InactiveBody@@CAPAVMemoryPool@@XZ@4IA,0x012EF98C
?$S272@?1??getClassMemoryPool@ActiveBody@@CAPAVMemoryPool@@XZ@4IA,0x012EF92C
?$S273@?1??getClassMemoryPool@HighlanderBody@@CAPAVMemoryPool@@XZ@4IA,0x012EF97C
?$S274@?1??getClassMemoryPool@ImmortalBody@@CAPAVMemoryPool@@XZ@4IA,0x012EF984
?$S275@?1??getClassMemoryPool@StructureBody@@CAPAVMemoryPool@@XZ@4IA,0x012EF9B4
?$S279@?1??getClassMemoryPool@DefectorSpecialPower@@CAPAVMemoryPool@@XZ@4IA,0x012EFC78
?$S280@?1??getClassMemoryPool@OCLSpecialPower@@CAPAVMemoryPool@@XZ@4IA,0x012EFCE8
?$S281@?1??getClassMemoryPool@SpecialAbilityUpdate@@CAPAVMemoryPool@@XZ@4IA,0x012F0054
?$S286@?1??getClassMemoryPool@AnimatedParticleSysBoneClientUpdate@@CAPAVMemoryPool@@XZ@4IA,0x012F701C
?$S288@?1??getClassMemoryPool@BeaconClientUpdate@@CAPAVMemoryPool@@XZ@4IA,0x012F7024
?$S29@?1??getClassMemoryPool@W3DLaserDraw@@CAPAVMemoryPool@@XZ@4IA,0x01304BB4
?$S30@?1??getClassMemoryPool@OpenContain@@CAPAVMemoryPool@@XZ@4IA,0x012EFA64
?$S31@?1??getClassMemoryPool@CaveContain@@CAPAVMemoryPool@@XZ@4IA,0x012EFA3C
?$S33@?1??getClassMemoryPool@HealContain@@CAPAVMemoryPool@@XZ@4IA,0x012EFA5C
?$S34@?1??getClassMemoryPool@GarrisonContain@@CAPAVMemoryPool@@XZ@4IA,0x012EFA54
?$S35@?1??getClassMemoryPool@TransportContain@@CAPAVMemoryPool@@XZ@4IA,0x012EFAA8
?$S38@?1??getClassMemoryPool@RiderChangeContain@@CAPAVMemoryPool@@XZ@4IA,0x012EFA84
?$S40@?1??getClassMemoryPool@TunnelContain@@CAPAVMemoryPool@@XZ@4IA,0x012EFAB0
?$S45@?1??getClassMemoryPool@AIPlayer@@CAPAVMemoryPool@@XZ@4IA,0x012EFE34
?$S46@?1??getClassMemoryPool@PropagandaTowerBehavior@@CAPAVMemoryPool@@XZ@4IA,0x012EF838
?$S51@?1??getClassMemoryPool@FireWeaponWhenDamagedBehavior@@CAPAVMemoryPool@@XZ@4IA,0x012EF7C8
?$S52@?1??getClassMemoryPool@FireWeaponWhenDeadBehavior@@CAPAVMemoryPool@@XZ@4IA,0x012EF7D0
?$S291@?1??getModuleNameKey@UpgradeSoundSelectorClientBehavior@@UBE?AW4NameKeyType@@XZ@4IA,0x012EF1C0
?$S292@?1??getModuleNameKey@WeaponModeSpecialPowerUpdate@@UBE?AW4NameKeyType@@XZ@4IA,0x012F0234
??0?$CEdgeInfo@G@@QAE@XZ,0x00E0936C
??0?$CEdgeInfo@I@@QAE@XZ,0x00E09346
??0?$MultiListClass@VDX8TextureCategoryClass@@@@QAE@XZ,0x00D44D00
??0?$NeighborInfo@G@@QAE@XZ,0x00E0808F
??0?$NeighborInfo@I@@QAE@XZ,0x00E080D7
??0?$RefCountPtr@VTextureClass@@@@QAE@XZ,0x004110D6
??0?$RefMultiListClass@VRenderObjClass@@@@QAE@XZ,0x0040FDEE
??0?$basic_string@DV?$char_traits@D@_STL@@V?$allocator@D@2@@_STL@@QAE@ABV01@@Z,0x0041CB11
??0?$basic_string@DV?$char_traits@D@_STL@@V?$allocator@D@2@@_STL@@QAE@XZ,0x0044048A
??0?$map@PBVThingTemplate@@HU?$less@PBVThingTemplate@@@_STL@@V?$allocator@U?$pair@QBVThingTemplate@@H@_STL@@@3@@_STL@@QAE@XZ,0x0040C928
??0AODHordeContainElement16@@QAE@XZ,0x00422BC9
??0AODHordeContainElement24@@QAE@XZ,0x00434DF1
??0ActiveCategoryStackClass@@QAE@XZ,0x00EFF0E0
??0AddInfoStruct@MixFileFactoryClass@@QAE@XZ,0x00D3D1E0
??0AsciiString@@QAE@ABV0@@Z,0x004416AF
??0AsciiString@@QAE@XZ,0x00417BD9
??0AudioEventRTS@@QAE@XZ,0x0042F153
??0BFU_Coord3D@@QAE@XZ,0x00416C93
??0Bfme5Pair8@@QAE@XZ,0x00C92870
??0BfmeCell@@QAE@XZ,0x00409D4F
??0BfmeCellFC@@QAE@XZ,0x00C81200
??0BfmeDelayedLuaEvent@@QAE@XZ,0x0043A1C5
??0BfmeElemBX@@QAE@XZ,0x00417BD9
??0BfmeElemVVD@@QAE@XZ,0x00418A07
??0BfmeElemVVE@@QAE@XZ,0x004110D6
??0BfmeHandleCX@@QAE@XZ,0x004110D6
??0BfmeSceneVectorElement@@QAE@XZ,0x00D43650
??0BfmeSlotVNH@@QAE@XZ,0x0044A5DE
??0BfmeThingFT@@QAE@XZ,0x00D3D1F0
??0BfmeVecEVE@@QAE@XZ,0x00CA0FF0
??0BfmeWorkerDockPoint@@QAE@XZ,0x004211CA
??0BuffEntry@@QAE@XZ,0x00438D48
??0CBone@@QAE@XZ,0x00E04E68
??0CD3DXBitField256@@QAE@XZ,0x00E04CEC
??0CLockSurface@D3DXTex@@QAE@XZ,0x00E2F9A6
??0CLockVolume@D3DXTex@@QAE@XZ,0x00E2FB47
??0Coord2D@@QAE@XZ,0x00421710
??0Coord3D@@QAE@ABV0@@Z,0x00436B6A
??0Coord3D@@QAE@XZ,0x00416C93
??0CullNodeStruct@AABTreeClass@@QAE@XZ,0x00D6A910
??0D3DXCOLOR@@QAE@XZ,0x00DFF5F6
??0DockUpdateApproachBone@@QAE@XZ,0x00416C93
??0DozerDockPointInfo@@QAE@XZ,0x004388B6
??0Element@@QAE@XZ,0x00CF7BC0
??0FastAllocatorPool@@QAE@XZ,0x00F02790
??0FileOffsetStruct@@QAE@XZ,0x00D3D1E0
??0FrameData@@QAE@XZ,0x0041266B
??0GameSlot@@QAE@XZ,0x00413E58
??0GameSpyGameSlot@@QAE@ABV0@@Z,0x0042BB16
??0GameSpyGameSlot@@QAE@XZ,0x00403A62
??0Gen00529110Element@@QAE@XZ,0x00438EDD
??0Gen_uwm_0000513c@@QAE@XZ,0x004379E8
??0ICoord3D@@QAE@XZ,0x0040DEAE
??0KeyClass@?$PrimitiveAnimationChannelClass@M@@QAE@XZ,0x004427EE
??0KeyClass@?$PrimitiveAnimationChannelClass@VVector2@@@@QAE@XZ,0x0044677C
??0KeyClass@?$PrimitiveAnimationChannelClass@VVector3@@@@QAE@XZ,0x00445561
??0KeyClass@Curve3DClass@@QAE@XZ,0x00D036E0
??0LANGameSlot@@QAE@XZ,0x0041DE8A
??0MaterialPassStage@@QAE@XZ,0x004110D6
??0Matrix3D@@QAE@XZ,0x004458EF
??0ModelArrayClass@HLodClass@@QAE@XZ,0x00D7C970
??0ModelNodeClass@HLodClass@@QAE@XZ,0x00D79690
??0MorphKeyStruct@TimeCodedMorphKeysClass@@QAE@XZ,0x004427EE
??0NodeCompressedMotionStruct@@QAE@XZ,0x00D5AFF0
??0NodeElement@?$IndexClass@HPAUINIEntry@@@@QAE@XZ,0x00DE22C0
??0NodeElement@?$IndexClass@HPAUINISection@@@@QAE@XZ,0x00DE22D0
??0NodeMotionStruct@@QAE@XZ,0x00D594A0
??0PathfindCell@@QAE@XZ,0x004211D9
??0PathfindLayer@@QAE@XZ,0x0043B93A
??0PathfindZoneBlock@@QAE@XZ,0x0044A4E4
??0PendingSurfaceStruct@Render2DSentenceClass@@QAE@XZ,0x00D3F3F0
??0PivotClass@@QAE@XZ,0x00D733F0
??0PlayerPosition@@QAE@ABU0@@Z,0x0040E534
??0PlayerPosition@@QAE@XZ,0x0043A760
??0ProxyClass@@QAE@XZ,0x00D33A40
??0ProxyRecordClass@@QAE@XZ,0x00D788D0
??0PtrPairStruct@PointerRemapClass@@QAE@XZ,0x004427EE
??0PtrRemapStruct@PointerRemapClass@@QAE@XZ,0x0041C6FC
??0RadiusDecal@@QAE@XZ,0x00436DD1
??0RayEffectData@@QAE@XZ,0x00446B69
??0RenderDeviceDescClass@@QAE@XZ,0x00D07610
??0ResolutionDescClass@@QAE@XZ,0x00D036E0
??0RetailLayoutString@@QAE@XZ,0x00417BD9
??0RoadSegment@@QAE@XZ,0x0044A75A
??0RoadType@@QAE@XZ,0x0042C476
??0Rva0039B450Element@@QAE@XZ,0x0043C0BA
??0Rva006DED60RoadRef@@QAE@XZ,0x0041F3B1
??0Rva006DED60RoadSet@@QAE@XZ,0x00429BE5
??0Rva00735D80TreeType@@QAE@XZ,0x00403AA8
??0Rva00736590TreeRecord@@QAE@XZ,0x0040985E
??0Rva00739C70State@@QAE@XZ,0x0041EFCE
??0Rva00740BC0Elem@@QAE@XZ,0x0043ABCF
??0Rva0074E990TextureSlot@@QAE@XZ,0x00427C55
??0Rva00776240Field7C@@QAE@XZ,0x00418647
??0Rva0077CDE0ArrElem@@QAE@XZ,0x0042FB80
??0Rva008030C0Elem@@QAE@XZ,0x00C02FC0
??0Rva00892640Item@@QAE@XZ,0x00C92870
??0Rva008947A0Elem@@QAE@XZ,0x00C92B80
??0Rva0096E1B0Elem@@QAE@XZ,0x004427EE
??0Rva0097ADF0Node@@QAE@XZ,0x00D79690
??0RvaW3DRadarCoord2D@@QAE@XZ,0x00421710
??0SBoneCombinationNode@@QAE@XZ,0x00E05714
??0SCorner@@QAE@XZ,0x00E99F7B
??0SLoadVertex@@QAE@XZ,0x00E99E77
??0SLoadedFace@@QAE@XZ,0x00E99E65
??0SVertexHashEntry@@QAE@XZ,0x00E18A4C
??0Setting@WaterRenderObjClass@@QAE@XZ,0x00446619
??0ShaderClass@@QAE@XZ,0x0041C6FC
??0ShroudManagerImpl008FBA40Element@@QAE@XZ,0x00CF92F0
??0SlaughterEntry@@QAE@XZ,0x00419C3B
??0SpawnBoneRow@@QAE@XZ,0x00445561
??0StringInfo@@QAE@XZ,0x00406604
??0StructureCollapseFXVector@@QAE@XZ,0x00447DB1
??0StructureCollapseOCLVector@@QAE@XZ,0x0043475C
??0StructureToppleOCLVector@@QAE@XZ,0x00447DB1
??0SubObjectArrayClass@HLodDefClass@@QAE@XZ,0x00D789F0
??0TCreateUnitsInfo@@QAE@XZ,0x0043D7F3
??0TF_Row@D3DXTex@@QAE@XZ,0x00E2C010
??0TTreeType@@QAE@XZ,0x00412148
??0TextureClassPtr@@QAE@XZ,0x004110D6
??0TextureRemapStruct@@QAE@XZ,0x00D2F180
??0TextureStatisticsStruct@@QAE@XZ,0x00D37380
??0TextureStatisticsStructWide@@QAE@XZ,0x00D3D1F0
??0UnicodeString@@QAE@XZ,0x00441C95
??0Vector2@@QAE@XZ,0x004427EE
??0Vector3@@QAE@XZ,0x0044677C
??0Vector3i16@@QAE@XZ,0x00D23A10
??0Vector4@@QAE@XZ,0x00445561
??0Vertex@?5??postRender@Rva007D1E60@@UAE_NW4FilterModes@@AAUCoord2D@@AA_NPAU4@@Z@QAE@XZ,0x00410B04
??0Vertex@?5??postRender@Rva007D3580@@UAE_NW4FilterModes@@AAUCoord2D@@AA_NPAU4@@Z@QAE@XZ,0x00425978
??0W3DBridge@@QAE@XZ,0x00437AF6
??0W3DDisplayElem@@QAE@XZ,0x004301E8
??0W3DMouseSurfaceRef@@QAE@XZ,0x00406A8C
??0W3DQuadrupedElement@@QAE@XZ,0x00417BD9
??0W3DShadowGeometryMesh@@QAE@XZ,0x004115B3
??0W3DTerrainBackground@@QAE@XZ,0x0044149D
??0WeightInfoStruct@NamedPivotMapClass@@QAE@XZ,0x00D73610
??0_ENUM_VALUE@EnumParameterClass@@QAE@XZ,0x00D3D1E0
??0_TRANS_LIT_TEX_VERTEX@?5??postRender@ScreenBWFilter@@UAE_NW4FilterModes@@AAUCoord2D@@AA_NPAU4@@Z@QAE@XZ,0x00438384
??0_TRANS_LIT_TEX_VERTEX@?5??postRender@ScreenMotionBlurFilter@@UAE_NW4FilterModes@@AAUCoord2D@@AA_NPAU4@@Z@QAE@XZ,0x0042C705
??0_TRANS_LIT_TEX_VERTEX@?8??postRender@ScreenCrossFadeFilter@@UAE_NW4FilterModes@@AAUCoord2D@@AA_NPAU4@@Z@QAE@XZ,0x00445115
??0_TRANS_LIT_TEX_VERTEX@?N@??testHardwareSupport@Rva00722640W3DSmudgeManager@@QAE_NXZ@QAE@XZ,0x00437C6D
??1?$CategoryModuleTemplate@$00@FXParticleSystem@@UAE@XZ,0x00449FE4
??1?$CategoryModuleTemplate@$01@FXParticleSystem@@UAE@XZ,0x00437E66
??1?$CategoryModuleTemplate@$02@FXParticleSystem@@UAE@XZ,0x0042E6EA
??1?$CategoryModuleTemplate@$03@FXParticleSystem@@UAE@XZ,0x0041DF48
??1?$CategoryModuleTemplate@$04@FXParticleSystem@@UAE@XZ,0x0041DA02
??1?$CategoryModuleTemplate@$05@FXParticleSystem@@UAE@XZ,0x00422C64
??1?$CategoryModuleTemplate@$06@FXParticleSystem@@UAE@XZ,0x004081C5
??1?$CategoryModuleTemplate@$07@FXParticleSystem@@UAE@XZ,0x004259EB
??1?$CategoryModuleTemplate@$0A@@FXParticleSystem@@UAE@XZ,0x0042A720
??1?$CategoryModuleTemplateBase@$00@FXParticleSystem@@UAE@XZ,0x0041F54B
??1?$CategoryModuleTemplateBase@$01@FXParticleSystem@@UAE@XZ,0x0040EAB1
??1?$CategoryModuleTemplateBase@$02@FXParticleSystem@@UAE@XZ,0x00435111
??1?$CategoryModuleTemplateBase@$03@FXParticleSystem@@UAE@XZ,0x00441D5D
??1?$CategoryModuleTemplateBase@$04@FXParticleSystem@@UAE@XZ,0x0040B04B
??1?$CategoryModuleTemplateBase@$05@FXParticleSystem@@UAE@XZ,0x0042B751
??1?$CategoryModuleTemplateBase@$06@FXParticleSystem@@UAE@XZ,0x0044362B
??1?$CategoryModuleTemplateBase@$07@FXParticleSystem@@UAE@XZ,0x0041AF7D
??1?$CategoryModuleTemplateBase@$0A@@FXParticleSystem@@UAE@XZ,0x0040EF1B
??1?$ConcreteModuleTemplate@UOrthoEmissionVelocityModuleTag@FXParticleSystem@@@FXParticleSystem@@UAE@XZ,0x00443A8B
??1?$ConcreteModuleTemplate@UPointEmissionVolumeModuleTag@FXParticleSystem@@@FXParticleSystem@@UAE@XZ,0x00413D40
??1?$ConcreteModuleTemplate@V?$DefaultModuleTag@$01@FXParticleSystem@@@FXParticleSystem@@UAE@XZ,0x0042DCE0
??1?$ConcreteModuleTemplate@V?$DefaultModuleTag@$02@FXParticleSystem@@@FXParticleSystem@@UAE@XZ,0x00409C5A
??1?$ConcreteModuleTemplate@V?$DefaultModuleTag@$05@FXParticleSystem@@@FXParticleSystem@@UAE@XZ,0x00440FDE
??1?$ConcreteModuleTemplate@V?$DefaultModuleTag@$06@FXParticleSystem@@@FXParticleSystem@@UAE@XZ,0x00414ED4
??1?$ConcreteModuleTemplate@V?$ModuleTag@$03$E?CYLINDRICAL_EMISSION_VELOCITY_MODULE_KEY@FXParticleSystem@@3QBDB$E?CYLINDRICAL_EMISSION_VELOCITY_MODULE_NAME@2@3QBDBVCylindricalEmissionVelocityModule@2@VCylindricalEmissionVelocityModuleTemplate@2@V?$DefaultParticleModule@$03@2@V?$DefaultParticleModuleTemplate@$03@2@@FXParticleSystem@@@FXParticleSystem@@UAE@XZ,0x00444E2C
??1?$ConcreteModuleTemplate@V?$ModuleTag@$03$E?HEMISPHERICAL_EMISSION_VELOCITY_MODULE_KEY@FXParticleSystem@@3QBDB$E?HEMISPHERICAL_EMISSION_VELOCITY_MODULE_NAME@2@3QBDBVHemisphericalEmissionVelocityModule@2@VHemisphericalEmissionVelocityModuleTemplate@2@V?$DefaultParticleModule@$03@2@V?$DefaultParticleModuleTemplate@$03@2@@FXParticleSystem@@@FXParticleSystem@@UAE@XZ,0x004408EA
??1?$ConcreteModuleTemplate@V?$ModuleTag@$03$E?OUTWARD_EMISSION_VELOCITY_MODULE_KEY@FXParticleSystem@@3QBDB$E?OUTWARD_EMISSION_VELOCITY_MODULE_NAME@2@3QBDBVOutwardEmissionVelocityModule@2@VOutwardEmissionVelocityModuleTemplate@2@V?$DefaultParticleModule@$03@2@V?$DefaultParticleModuleTemplate@$03@2@@FXParticleSystem@@@FXParticleSystem@@UAE@XZ,0x004482ED
??1?$ConcreteModuleTemplate@V?$ModuleTag@$03$E?SPHERICAL_EMISSION_VELOCITY_MODULE_KEY@FXParticleSystem@@3QBDB$E?SPHERICAL_EMISSION_VELOCITY_MODULE_NAME@2@3QBDBVSphericalEmissionVelocityModule@2@VSphericalEmissionVelocityModuleTemplate@2@V?$DefaultParticleModule@$03@2@V?$DefaultParticleModuleTemplate@$03@2@@FXParticleSystem@@@FXParticleSystem@@UAE@XZ,0x0043B8DB
??1?$ConcreteModuleTemplate@V?$ModuleTag@$04$E?BOX_EMISSION_VOLUME_MODULE_KEY@FXParticleSystem@@3QBDB$E?BOX_EMISSION_VOLUME_MODULE_NAME@2@3QBDBVBoxEmissionVolumeModule@2@VBoxEmissionVolumeModuleTemplate@2@V?$DefaultParticleModule@$04@2@V?$DefaultParticleModuleTemplate@$04@2@@FXParticleSystem@@@FXParticleSystem@@UAE@XZ,0x00401F96
??1?$ConcreteModuleTemplate@V?$ModuleTag@$04$E?CYLINDER_EMISSION_VOLUME_MODULE_KEY@FXParticleSystem@@3QBDB$E?CYLINDER_EMISSION_VOLUME_MODULE_NAME@2@3QBDBVCylinderEmissionVolumeModule@2@VCylinderEmissionVolumeModuleTemplate@2@V?$DefaultParticleModule@$04@2@V?$DefaultParticleModuleTemplate@$04@2@@FXParticleSystem@@@FXParticleSystem@@UAE@XZ,0x00401D16
??1?$ConcreteModuleTemplate@V?$ModuleTag@$04$E?LINE_EMISSION_VOLUME_MODULE_KEY@FXParticleSystem@@3QBDB$E?LINE_EMISSION_VOLUME_MODULE_NAME@2@3QBDBVLineEmissionVolumeModule@2@VLineEmissionVolumeModuleTemplate@2@V?$DefaultParticleModule@$04@2@V?$DefaultParticleModuleTemplate@$04@2@@FXParticleSystem@@@FXParticleSystem@@UAE@XZ,0x0043C69B
??1?$ConcreteModuleTemplate@V?$ModuleTag@$04$E?SPHERE_EMISSION_VOLUME_MODULE_KEY@FXParticleSystem@@3QBDB$E?SPHERE_EMISSION_VOLUME_MODULE_NAME@2@3QBDBVSphereEmissionVolumeModule@2@VSphereEmissionVolumeModuleTemplate@2@V?$DefaultParticleModule@$04@2@V?$DefaultParticleModuleTemplate@$04@2@@FXParticleSystem@@@FXParticleSystem@@UAE@XZ,0x00448B53
??1?$ConcreteModuleTemplate@V?$ModuleTag@$05$E?BUTTERFLY_DRAW_MODULE_KEY@FXParticleSystem@@3QBDB$E?BUTTERFLY_DRAW_MODULE_NAME@2@3QBDBVButterflyDrawModule@2@VButterflyDrawModuleTemplate@2@V?$DefaultParticleModule@$05@2@V?$DefaultParticleModuleTemplate@$05@2@@FXParticleSystem@@@FXParticleSystem@@UAE@XZ,0x00432E2F
??1?$ConcreteModuleTemplate@V?$ModuleTag@$05$E?LIGHTNING_DRAW_MODULE_KEY@FXParticleSystem@@3QBDB$E?LIGHTNING_DRAW_MODULE_NAME@2@3QBDBVLightningDrawModule@2@VLightningDrawModuleTemplate@2@V?$DefaultParticleModule@$05@2@V?$DefaultParticleModuleTemplate@$05@2@@FXParticleSystem@@@FXParticleSystem@@UAE@XZ,0x00444C15
??1?$ConcreteModuleTemplate@V?$ModuleTag@$05$E?QUAD_DRAW_MODULE_KEY@FXParticleSystem@@3QBDB$E?QUAD_DRAW_MODULE_NAME@2@3QBDBVQuadDrawModule@2@VQuadDrawModuleTemplate@2@V?$DefaultParticleModule@$05@2@V?$DefaultParticleModuleTemplate@$05@2@@FXParticleSystem@@@FXParticleSystem@@UAE@XZ,0x0040CD74
??1?$ConcreteModuleTemplate@V?$ModuleTag@$05$E?RENDEROBJECT_DRAW_MODULE_KEY@FXParticleSystem@@3QBDB$E?RENDEROBJECT_DRAW_MODULE_NAME@2@3QBDBVRenderObjectDrawModule@2@VRenderObjectDrawModuleTemplate@2@V?$DefaultParticleModule@$05@2@V?$DefaultParticleModuleTemplate@$05@2@@FXParticleSystem@@@FXParticleSystem@@UAE@XZ,0x00416DBA
??1?$ConcreteModuleTemplate@V?$ModuleTag@$05$E?STREAK_DRAW_MODULE_KEY@FXParticleSystem@@3QBDB$E?STREAK_DRAW_MODULE_NAME@2@3QBDBVStreakDrawModule@2@VStreakDrawModuleTemplate@2@V?$DefaultParticleModule@$05@2@V?$DefaultParticleModuleTemplate@$05@2@@FXParticleSystem@@@FXParticleSystem@@UAE@XZ,0x0040CAB8
??1?$ConcreteModuleTemplate@V?$ModuleTag@$07$E?LIFE_EVENT_MODULE_KEY@FXParticleSystem@@3QBDB$E?LIFE_EVENT_MODULE_NAME@2@3QBDBVLifeEventModule@2@VLifeEventModuleTemplate@2@VParticleLifeEventModule@2@VParticleLifeEventModuleTemplate@2@@FXParticleSystem@@@FXParticleSystem@@UAE@XZ,0x0043DAAA
??1?$ConcreteModuleTemplate@V?$ModuleTag@$07$E?TERRAIN_COLLISION_MODULE_KEY@FXParticleSystem@@3QBDB$E?TERRAIN_COLLISION_MODULE_NAME@2@3QBDBVTerrainCollisionModule@2@VTerrainCollisionModuleTemplate@2@VParticleTerrainCollisionModule@2@VParticleTerrainCollisionModuleTemplate@2@@FXParticleSystem@@@FXParticleSystem@@UAE@XZ,0x0041BA81
??1?$DefaultModuleTemplate@$01@FXParticleSystem@@UAE@XZ,0x0041E952
??1?$DefaultModuleTemplate@$02@FXParticleSystem@@UAE@XZ,0x004271A6
??1?$DefaultModuleTemplate@$05@FXParticleSystem@@UAE@XZ,0x00413101
??1?$DefaultModuleTemplate@$06@FXParticleSystem@@UAE@XZ,0x00417C1A
??1?$MultiListClass@VDX8TextureCategoryClass@@@@UAE@XZ,0x00D46070
??1?$RefCountPtr@VTextureClass@@@@QAE@XZ,0x00430652
??1?$RefMultiListClass@VRenderObjClass@@@@UAE@XZ,0x004319DF
??1?$basic_string@DV?$char_traits@D@_STL@@V?$allocator@D@2@@_STL@@QAE@XZ,0x0041642D
??1?$deque@UGen_t_009edfe0_p12cd@@V?$allocator@UGen_t_009edfe0_p12cd@@@_STL@@@_STL@@QAE@XZ,0x00DEDFE0
??1?$list@HV?$allocator@H@_STL@@@_STL@@QAE@XZ,0x0042DFA6
??1?$list@PAVBfmeRecordBQ@@V?$allocator@PAVBfmeRecordBQ@@@_STL@@@_STL@@QAE@XZ,0x0042DFA6
??1?$list@PAVControlBarSchemeImage@@V?$allocator@PAVControlBarSchemeImage@@@_STL@@@_STL@@QAE@XZ,0x0043B976
??1?$list@USnapshotBlock@GameState@@V?$allocator@USnapshotBlock@GameState@@@_STL@@@_STL@@QAE@XZ,0x0042E1EF
??1?$list@VExperienceLevel@@V?$allocator@VExperienceLevel@@@_STL@@@_STL@@QAE@XZ,0x00437D12
??1?$map@PBVThingTemplate@@HU?$less@PBVThingTemplate@@@_STL@@V?$allocator@U?$pair@QBVThingTemplate@@H@_STL@@@3@@_STL@@QAE@XZ,0x0041CDCD
??1?$vector@U?$pair@MH@_STL@@V?$allocator@U?$pair@MH@_STL@@@2@@_STL@@QAE@XZ,0x00433A0A
??1?$vector@UGen_p8cd@@V?$allocator@UGen_p8cd@@@_STL@@@_STL@@QAE@XZ,0x00DF5690
??1?$vector@UICoord2D@@V?$allocator@UICoord2D@@@_STL@@@_STL@@QAE@XZ,0x0041642D
??1?$vector@VAsciiString@@V?$allocator@VAsciiString@@@_STL@@@_STL@@QAE@XZ,0x00426AB2
??1AIUpdateArrayElement@@QAE@XZ,0x0041364C
??1AODHordeContainElement16@@QAE@XZ,0x0041FE10
??1AODHordeContainElement24@@QAE@XZ,0x00411A1D
??1ActiveCategoryStackClass@@UAE@XZ,0x00EFF130
??1AddInfoStruct@MixFileFactoryClass@@QAE@XZ,0x004470F5
??1AptElement@@QAE@XZ,0x00418246
??1AsciiString@@QAE@XZ,0x0040D828
??1AudioEventRTS@@QAE@XZ,0x00426F35
??1BFMERetailAsciiString@@QAE@XZ,0x0040D828
??1BFU_Coord3D@@QAE@XZ,0x0041364C
??1BattlePlanUpdateSlot@@QAE@XZ,0x00426F35
??1Bfme5Pair8@@QAE@XZ,0x00C92890
??1BfmeArrTree000E9A40@@QAE@XZ,0x0041CDCD
??1BfmeArrayElem@@QAE@XZ,0x0041364C
??1BfmeArrayElementD@@QAE@XZ,0x0041364C
??1BfmeAudioEventRTS@@QAE@XZ,0x00426F35
??1BfmeCell@@QAE@XZ,0x0043DC2B
??1BfmeCellFC@@QAE@XZ,0x00C81210
??1BfmeDelayedLuaEvent@@QAE@XZ,0x00441362
??1BfmeElemBU@@QAE@XZ,0x0040B988
??1BfmeElemBV@@QAE@XZ,0x00CA20B0
??1BfmeElemBW@@QAE@XZ,0x004463AD
??1BfmeElemBX@@QAE@XZ,0x0040D828
??1BfmeElemBY@@QAE@XZ,0x00430652
??1BfmeElemBZ@@QAE@XZ,0x0040B988
??1BfmeElemC1FC1D@@QAE@XZ,0x0040D828
??1BfmeElemCB@@QAE@XZ,0x0040B988
??1BfmeElemCC@@QAE@XZ,0x004145BF
??1BfmeElemTZA@@QAE@XZ,0x00430652
??1BfmeElemTZB@@QAE@XZ,0x00418FCF
??1BfmeElemUHA@@QAE@XZ,0x00430652
??1BfmeElemUJA@@QAE@XZ,0x00418FCF
??1BfmeElemVVC@@QAE@XZ,0x0043EAB8
??1BfmeElemVVD@@QAE@XZ,0x0041479A
??1BfmeElemVVE@@QAE@XZ,0x00430652
??1BfmeElementA@@QAE@XZ,0x00430652
??1BfmeElementB@@QAE@XZ,0x0041AAD2
??1BfmeElementC@@QAE@XZ,0x00D37390
??1BfmeElementD@@QAE@XZ,0x00418FCF
??1BfmeHandleCX@@QAE@XZ,0x00430652
??1BfmePathfindCell@@QAE@XZ,0x00436AB1
??1BfmeSceneVectorElement@@QAE@XZ,0x00D43970
??1BfmeSlotVNH@@QAE@XZ,0x00418246
??1BfmeThingFT@@QAE@XZ,0x00418FCF
??1BfmeVecEVE@@QAE@XZ,0x00CA20B0
??1BfmeWorkerDockPoint@@QAE@XZ,0x0040FD6C
??1BoxEmissionVolumeModuleTemplate@FXParticleSystem@@UAE@XZ,0x0041DCA0
??1BuffEntry@@QAE@XZ,0x00426995
??1ButterflyDrawModuleInfo@FXParticleSystem@@UAE@XZ,0x00401C08
??1ButterflyDrawModuleTemplate@FXParticleSystem@@UAE@XZ,0x0043BE8A
??1CBone@@QAE@XZ,0x00E04E78
??1CLockSurface@D3DXTex@@QAE@XZ,0x00E2FB6F
??1CLockVolume@D3DXTex@@QAE@XZ,0x00E30061
??1CQuadric@@QAE@XZ,0x00E0602B
??1CellAndObjectIntersection@@QAE@XZ,0x00CF7BD0
??1Coord2D@@QAE@XZ,0x0043EAB8
??1Coord3D@@QAE@XZ,0x0041364C
??1CrushDieElement@@QAE@XZ,0x00426F35
??1CursorInfo@@QAE@XZ,0x00441C7C
??1CylinderEmissionVolumeInfo@FXParticleSystem@@UAE@XZ,0x0041ADB6
??1CylinderEmissionVolumeModuleTemplate@FXParticleSystem@@UAE@XZ,0x00412968
??1CylindricalEmissionVelocityInfo@FXParticleSystem@@UAE@XZ,0x00438C94
??1CylindricalEmissionVelocityModuleTemplate@FXParticleSystem@@UAE@XZ,0x0044099E
??1DefaultAlphaModuleInfo@FXParticleSystem@@UAE@XZ,0x0041AFAF
??1DefaultColorModuleInfo@FXParticleSystem@@UAE@XZ,0x0041B82E
??1DefaultDrawModuleInfo@FXParticleSystem@@UAE@XZ,0x00408CBA
??1DefaultPhysicsModuleInfo@FXParticleSystem@@UAE@XZ,0x00442F28
??1DefaultUpdateModuleInfo@FXParticleSystem@@UAE@XZ,0x00417242
??1DockUpdateApproachBone@@QAE@XZ,0x0041364C
??1DozerDockPointInfo@@QAE@XZ,0x0042EA0F
??1DozerDockPointInfo@DozerAIUpdate@@QAE@XZ,0x0042EA0F
??1Element@@QAE@XZ,0x00CF7BD0
??1EmissionVelocityInfo@FXParticleSystem@@UAE@XZ,0x0043CF47
??1EmissionVolumeInfo@FXParticleSystem@@UAE@XZ,0x0044AA61
??1FastAllocatorPool@@QAE@XZ,0x00F02720
??1FileInfoStruct@MixFileCreator@@QAE@XZ,0x00436AB1
??1FileOffsetStruct@@QAE@XZ,0x004470F5
??1FrameData@@QAE@XZ,0x004308D2
??1GameSlot@@QAE@XZ,0x0040B988
??1GameSpyGameSlot@@QAE@XZ,0x00407D92
??1GameSpyStagingRoomSlot@@QAE@XZ,0x00407D92
??1GdAsciiStringElem@@QAE@XZ,0x0040D828
??1GdCoordSlot@@QAE@XZ,0x0041364C
??1GdElemSlot@@QAE@XZ,0x004128FA
??1Gen00529110Element@@QAE@XZ,0x0043EB53
??1Gen00776240Field7C@@QAE@XZ,0x004455E8
??1GenW3DPropBufferEntry@@QAE@XZ,0x00444CF6
??1Gen_0092F190@@QAE@XZ,0x00D2F190
??1Gen_dtorv_0005e7b0@@UAE@XZ,0x0041AAD2
??1Gen_dtorv_0005e8f0@@UAE@XZ,0x004470F5
??1Gen_dtorv_006704d0@@UAE@XZ,0x004308D2
??1Gen_dtorv_00707e60@@UAE@XZ,0x0041DE49
??1Gen_dtorv_00937400@@UAE@XZ,0x00D37390
??1Gen_dtorv_0097bae0@@UAE@XZ,0x00D7B750
??1Gen_uw_009f5690@@QAE@XZ,0x00DF5690
??1Gen_uwm_0000513c@@QAE@XZ,0x0040513C
??1Gen_uwm_0000e746@@QAE@XZ,0x0040E746
??1Gen_uwm_00017477@@QAE@XZ,0x00417477
??1Gen_uwm_00022d3b@@QAE@XZ,0x00422D3B
??1GiantBirdNestedCoord3D@@QAE@XZ,0x0041364C
??1HemisphericalEmissionVelocityModuleTemplate@FXParticleSystem@@UAE@XZ,0x0042A08B
??1InstantDeathBehaviorModuleDataAllocator@@QAE@XZ,0x00417391
??1LANGameSlot@@QAE@XZ,0x00429A69
??1LANPlayer@@QAE@XZ,0x00429A69
??1LODHeapNode@@QAE@XZ,0x00C81210
??1LifeEventModuleInfo@FXParticleSystem@@UAE@XZ,0x00445CA5
??1LifeEventModuleTemplate@FXParticleSystem@@UAE@XZ,0x00444E31
??1LightningDrawModuleInfo@FXParticleSystem@@UAE@XZ,0x004121B1
??1LightningDrawModuleTemplate@FXParticleSystem@@UAE@XZ,0x00411A3B
??1LightningEmissionInfo@FXParticleSystem@@UAE@XZ,0x0040D7F6
??1LineEmissionVolumeInfo@FXParticleSystem@@UAE@XZ,0x0042F03B
??1MaterialPassStage@@QAE@XZ,0x00430652
??1NodeCompressedMotionStruct@@QAE@XZ,0x00D5B6C0
??1NodeMotionStruct@@QAE@XZ,0x00D598D0
??1OrthoEmissionVelocityInfo@FXParticleSystem@@UAE@XZ,0x004346BC
??1OrthoEmissionVelocityModuleTemplate@FXParticleSystem@@UAE@XZ,0x00446E11
??1OutwardEmissionVelocityInfo@FXParticleSystem@@UAE@XZ,0x004206CB
??1OutwardEmissionVelocityModuleTemplate@FXParticleSystem@@UAE@XZ,0x00433A91
??1ParticleSystemInfo@FXParticleSystem@@UAE@XZ,0x00402F5E
??1PartitionCell@@QAE@XZ,0x00432C95
??1PathfindCell@@QAE@XZ,0x00436AB1
??1PathfindLayer@@QAE@XZ,0x004366A6
??1PathfindZoneBlock@@QAE@XZ,0x00440138
??1PendingSurfaceStruct@Render2DSentenceClass@@QAE@XZ,0x00416018
??1PivotClass@@QAE@XZ,0x0043DC2B
??1PlayerPosition@@QAE@XZ,0x0041F951
??1PointEmissionVolumeModuleTemplate@FXParticleSystem@@UAE@XZ,0x00441F56
??1ProxyClass@@QAE@XZ,0x0041AAD2
??1QuadDrawModuleInfo@FXParticleSystem@@UAE@XZ,0x0041C5CB
??1QuadDrawModuleTemplate@FXParticleSystem@@UAE@XZ,0x004459F8
??1RadarEvent@@QAE@XZ,0x00425D15
??1RadiusDecal@@QAE@XZ,0x0044A9A3
??1RayEffectData@@QAE@XZ,0x004038C3
??1RenderDeviceDescClass@@QAE@XZ,0x00D077B0
??1RenderObjectDrawModuleInfo@FXParticleSystem@@UAE@XZ,0x00422903
??1RenderObjectDrawModuleTemplate@FXParticleSystem@@UAE@XZ,0x00427656
??1RetailLayoutString@@QAE@XZ,0x0040D828
??1RoadSegment@@QAE@XZ,0x00424947
??1RoadType@@QAE@XZ,0x0041DE49
??1Rva00078460Elem@@QAE@XZ,0x0041F951
??1Rva000ED4A0@@QAE@XZ,0x00441362
??1Rva00146BA0ArrayItem@@QAE@XZ,0x0040E746
??1Rva001976F0@@QAE@XZ,0x00423939
??1Rva00386080AsciiStringElement@@QAE@XZ,0x0042A8E2
??1Rva00387FB0IntVector@@QAE@XZ,0x004392AC
??1Rva0039B450Element@@QAE@XZ,0x00448D42
??1Rva0039B560Element@@QAE@XZ,0x00448D42
??1Rva004029F0@@QAE@XZ,0x00440138
??1Rva0048D530CandidateString@@QAE@XZ,0x0043B304
??1Rva005D5D90Elem@@UAE@XZ,0x00413F2F
??1Rva00699D60AudioOwner@@QAE@XZ,0x0042D902
??1Rva006ABC60VectorElement@@QAE@XZ,0x00433A0A
??1Rva006DED60RoadRef@@QAE@XZ,0x0042266F
??1Rva006DED60RoadSet@@QAE@XZ,0x00429B9F
??1Rva00735D80TreeType@@QAE@XZ,0x00408247
??1Rva00736590TreeRecord@@QAE@XZ,0x0043A495
??1Rva00736590TreeType@@QAE@XZ,0x00408247
??1Rva00739C70State@@QAE@XZ,0x004145BF
??1Rva00740BC0Elem@@QAE@XZ,0x0041DF2A
??1Rva0074DE60TextureSlot@@QAE@XZ,0x00441B32
??1Rva0074E990TextureSlot@@QAE@XZ,0x00441B32
??1Rva00776240Field7C@@QAE@XZ,0x004455E8
??1Rva0077CDE0ArrElem@@QAE@XZ,0x0040E746
??1Rva00892640Item@@QAE@XZ,0x00C92890
??1Rva00892890@@UAE@XZ,0x00C92890
??1Rva00893E00Element@@QAE@XZ,0x004463AD
??1Rva008947A0Elem@@QAE@XZ,0x004463AD
??1Rva943E10NodeMotion@@QAE@XZ,0x00D43970
??1RvaW3DRadarCoord2D@@QAE@XZ,0x0043EAB8
??1Setting@WaterRenderObjClass@@QAE@XZ,0x0042477B
??1ShroudManagerImpl008FBA40Element@@QAE@XZ,0x00CF9330
??1SidesInfo@@QAE@XZ,0x00425590
??1SlaughterEntry@@QAE@XZ,0x0040F7F4
??1SphereEmissionVolumeInfo@FXParticleSystem@@UAE@XZ,0x00428E9D
??1SphereEmissionVolumeModuleTemplate@FXParticleSystem@@UAE@XZ,0x00429BEA
??1SphericalEmissionVelocityInfo@FXParticleSystem@@UAE@XZ,0x0041BFDB
??1SphericalEmissionVelocityModuleTemplate@FXParticleSystem@@UAE@XZ,0x0043CC2C
??1StreakDrawModuleInfo@FXParticleSystem@@UAE@XZ,0x00449CA1
??1StreakDrawModuleTemplate@FXParticleSystem@@UAE@XZ,0x00438A1E
??1StringClass@@QAE@XZ,0x0041A41F
??1StringInfo@@QAE@XZ,0x0041510E
??1StructureCollapseFXVector@@QAE@XZ,0x00422D3B
??1StructureCollapseOCLVector@@QAE@XZ,0x00417477
??1StructureToppleOCLVector@@QAE@XZ,0x00422D3B
??1StructureToppleUpdateModuleDataSlot@@QAE@XZ,0x00422D3B
??1SubObjectArrayClass@HLodDefClass@@QAE@XZ,0x00D795C0
??1TCreateUnitsInfo@@QAE@XZ,0x00430251
??1TF_Row@D3DXTex@@QAE@XZ,0x00E2C01D
??1TProp@@QAE@XZ,0x00444CF6
??1TPropType@@QAE@XZ,0x0041C8AA
??1TTreeType@@QAE@XZ,0x00432CF9
??1TeamGenericEntry@@QAE@XZ,0x00430251
??1TeamWideEntry@@QAE@XZ,0x0040D828
??1TerrainCollisionModuleInfo@FXParticleSystem@@UAE@XZ,0x0044B00B
??1TerrainCollisionModuleTemplate@FXParticleSystem@@UAE@XZ,0x00438410
??1TextureClassPtr@@QAE@XZ,0x00430652
??1TextureRemapStruct@@QAE@XZ,0x00D2F190
??1TextureStatisticsStruct@@QAE@XZ,0x00D37390
??1TextureStatisticsStructWide@@QAE@XZ,0x00418FCF
??1TimeCodedMorphKeysClass@@QAE@XZ,0x0042BFF3
??1TransitionDamageFXSlotD@@QAE@XZ,0x00426AB2
??1UnicodeString@@QAE@XZ,0x0043B304
??1W3DBridge@@QAE@XZ,0x00418174
??1W3DDisplayElem@@QAE@XZ,0x0043D1EA
??1W3DMouseSurfaceRef@@QAE@XZ,0x00CFC5B0
??1W3DQuadrupedElement@@QAE@XZ,0x0040D828
??1W3DShadowGeometryMesh@@QAE@XZ,0x00429E47
??1W3DTerrainBackground@@QAE@XZ,0x0042B9A4
??1WindModuleInfo@FXParticleSystem@@UAE@XZ,0x0041B31F
??1_ENUM_VALUE@EnumParameterClass@@QAE@XZ,0x004470F5
??1type_info@@UAE@XZ,0x00DF7ED4
??_7?$BFMEFactoryModuleData@VLaserUpdateModuleData@@$0BM@@@6B@,0x01115498
??_7?$BasicTimerClass@VSystemTimerClass@@@@6B@,0x01073744
??_7?$BfmeBasePB@$00@@6B@,0x010A1DE4
??_7?$BfmeBasePB@$01@@6B@,0x010A1BFC
??_7?$BfmeBasePB@$0A@@@6B@,0x010A257C
??_7?$BfmeDtorBase@$00@@6B@,0x01129258
??_7?$BfmeDtorBase@$0A@@@6B@,0x0112E940
??_7?$BlitTransRemapXlat@E@@6B@,0x010F5738
??_7?$BlitTransZRemapXlat@E@@6B@,0x010F5738
??_7?$BlitTransZRemapXlat@G@@6B@,0x010F5738
??_7?$CategoryModuleClass@$00@FXParticleSystem@@6B@,0x01110838
??_7?$CategoryModuleClass@$01@FXParticleSystem@@6B@,0x0111085C
??_7?$CategoryModuleClass@$02@FXParticleSystem@@6B@,0x01110850
??_7?$CategoryModuleClass@$03@FXParticleSystem@@6B@,0x01110880
??_7?$CategoryModuleClass@$04@FXParticleSystem@@6B@,0x0111088C
??_7?$CategoryModuleClass@$05@FXParticleSystem@@6B@,0x01110820
??_7?$CategoryModuleClass@$06@FXParticleSystem@@6B@,0x01110868
??_7?$CategoryModuleClass@$07@FXParticleSystem@@6B@,0x01110874
??_7?$CategoryModuleClass@$0A@@FXParticleSystem@@6B@,0x01110844
??_7?$CategoryModuleInfo@$01@FXParticleSystem@@6B@,0x0110F9E8
??_7?$CategoryModuleInfo@$02@FXParticleSystem@@6B@,0x0110F9E4
??_7?$CategoryModuleInfo@$03@FXParticleSystem@@6B@,0x0110F9CC
??_7?$CategoryModuleInfo@$04@FXParticleSystem@@6B@,0x0110F9AC
??_7?$CategoryModuleInfo@$05@FXParticleSystem@@6B@,0x0110F97C
??_7?$CategoryModuleInfo@$06@FXParticleSystem@@6B@,0x0110FA14
??_7?$CategoryModuleInfo@$07@FXParticleSystem@@6B@,0x0107375C
??_7?$CategoryModuleInfo@$0A@@FXParticleSystem@@6B@,0x01073760
??_7?$CategoryModuleTemplate@$01@FXParticleSystem@@6B?$CategoryModuleInfo@$01@1@@,0x0110FB8C
??_7?$CategoryModuleTemplate@$01@FXParticleSystem@@6BModuleTemplate@1@@,0x0110FB90
??_7?$CategoryModuleTemplate@$02@FXParticleSystem@@6B?$CategoryModuleInfo@$02@1@@,0x0110FBBC
??_7?$CategoryModuleTemplate@$02@FXParticleSystem@@6BModuleTemplate@1@@,0x0110FBC0
??_7?$CategoryModuleTemplate@$03@FXParticleSystem@@6B?$CategoryModuleInfo@$03@1@@,0x0110FBEC
??_7?$CategoryModuleTemplate@$03@FXParticleSystem@@6BModuleTemplate@1@@,0x0110FBF0
??_7?$CategoryModuleTemplate@$04@FXParticleSystem@@6B?$CategoryModuleInfo@$04@1@@,0x0110FC1C
??_7?$CategoryModuleTemplate@$04@FXParticleSystem@@6BModuleTemplate@1@@,0x0110FC20
??_7?$CategoryModuleTemplate@$05@FXParticleSystem@@6B?$CategoryModuleInfo@$05@1@@,0x0110FC4C
??_7?$CategoryModuleTemplate@$05@FXParticleSystem@@6BModuleTemplate@1@@,0x0110FC50
??_7?$CategoryModuleTemplate@$06@FXParticleSystem@@6B?$CategoryModuleInfo@$06@1@@,0x0110FC7C
??_7?$CategoryModuleTemplate@$06@FXParticleSystem@@6B@,0x0110FC94
??_7?$CategoryModuleTemplate@$06@FXParticleSystem@@6BModuleTemplate@1@@,0x0110FC80
??_7?$CategoryModuleTemplate@$0A@@FXParticleSystem@@6B?$CategoryModuleInfo@$0A@@1@@,0x01073814
??_7?$CategoryModuleTemplate@$0A@@FXParticleSystem@@6BModuleTemplate@1@@,0x01073818
??_7?$CategoryModuleTemplateBase@$00@FXParticleSystem@@6B?$CategoryModuleInfo@$00@1@@,0x0110FB44
??_7?$CategoryModuleTemplateBase@$00@FXParticleSystem@@6BModuleTemplate@1@@,0x0110FB48
??_7?$CategoryModuleTemplateBase@$01@FXParticleSystem@@6B?$CategoryModuleInfo@$01@1@@,0x0110FB74
??_7?$CategoryModuleTemplateBase@$01@FXParticleSystem@@6BModuleTemplate@1@@,0x0110FB78
??_7?$CategoryModuleTemplateBase@$02@FXParticleSystem@@6B?$CategoryModuleInfo@$02@1@@,0x0110FBA4
??_7?$CategoryModuleTemplateBase@$02@FXParticleSystem@@6BModuleTemplate@1@@,0x0110FBA8
??_7?$CategoryModuleTemplateBase@$03@FXParticleSystem@@6B?$CategoryModuleInfo@$03@1@@,0x0110FBD4
??_7?$CategoryModuleTemplateBase@$03@FXParticleSystem@@6BModuleTemplate@1@@,0x0110FBD8
??_7?$CategoryModuleTemplateBase@$04@FXParticleSystem@@6B?$CategoryModuleInfo@$04@1@@,0x0110FC04
??_7?$CategoryModuleTemplateBase@$04@FXParticleSystem@@6BModuleTemplate@1@@,0x0110FC08
??_7?$CategoryModuleTemplateBase@$05@FXParticleSystem@@6B?$CategoryModuleInfo@$05@1@@,0x0110FC34
??_7?$CategoryModuleTemplateBase@$05@FXParticleSystem@@6BModuleTemplate@1@@,0x0110FC38
??_7?$CategoryModuleTemplateBase@$06@FXParticleSystem@@6B?$CategoryModuleInfo@$06@1@@,0x0110FC64
??_7?$CategoryModuleTemplateBase@$06@FXParticleSystem@@6BModuleTemplate@1@@,0x0110FC68
??_7?$CategoryModuleTemplateBase@$07@FXParticleSystem@@6B?$CategoryModuleInfo@$07@1@@,0x0107382C
??_7?$CategoryModuleTemplateBase@$07@FXParticleSystem@@6BModuleTemplate@1@@,0x01073830
??_7?$CategoryModuleTemplateBase@$0A@@FXParticleSystem@@6B?$CategoryModuleInfo@$0A@@1@@,0x010737FC
??_7?$CategoryModuleTemplateBase@$0A@@FXParticleSystem@@6BModuleTemplate@1@@,0x01073800
??_7?$ConcreteModuleTemplate@V?$ModuleTag@$04$E?LIGHTNING_EMISSION_MODULE_KEY@FXParticleSystem@@3QBDB$E?LIGHTNING_EMISSION_MODULE_NAME@2@3QBDBVLightningEmissionModule@2@VLightningEmissionModuleTemplate@2@V?$DefaultParticleModule@$04@2@V?$DefaultParticleModuleTemplate@$04@2@@FXParticleSystem@@@FXParticleSystem@@6B@,0x01111240
??_7?$ConcreteModuleTemplate@V?$ModuleTag@$04$E?LIGHTNING_EMISSION_MODULE_KEY@FXParticleSystem@@3QBDB$E?LIGHTNING_EMISSION_MODULE_NAME@2@3QBDBVLightningEmissionModule@2@VLightningEmissionModuleTemplate@2@V?$DefaultParticleModule@$04@2@V?$DefaultParticleModuleTemplate@$04@2@@FXParticleSystem@@@FXParticleSystem@@6BLEMCT_VtblBaseA@@@,0x01111258
??_7?$ConcreteModuleTemplate@V?$ModuleTag@$04$E?LIGHTNING_EMISSION_MODULE_KEY@FXParticleSystem@@3QBDB$E?LIGHTNING_EMISSION_MODULE_NAME@2@3QBDBVLightningEmissionModule@2@VLightningEmissionModuleTemplate@2@V?$DefaultParticleModule@$04@2@V?$DefaultParticleModuleTemplate@$04@2@@FXParticleSystem@@@FXParticleSystem@@6BLEMCT_VtblBaseB@@@,0x01111254
??_7?$DLListClass@USmudge@@@@6B@,0x0111015C
??_7?$DLListClass@USmudgeSet@@@@6B@,0x01110160
??_7?$DLListClass@VSortingNodeStruct@@@@6B@,0x01073758
??_7?$DefaultModuleTemplate@$00@FXParticleSystem@@6B?$CategoryModuleInfo@$00@1@@,0x011108B4
??_7?$DefaultModuleTemplate@$00@FXParticleSystem@@6B@,0x011108CC
??_7?$DefaultModuleTemplate@$00@FXParticleSystem@@6BModuleTemplate@1@@,0x011108B8
??_7?$DefaultModuleTemplate@$01@FXParticleSystem@@6B?$CategoryModuleInfo@$01@1@@,0x01110C4C
??_7?$DefaultModuleTemplate@$01@FXParticleSystem@@6B@,0x01110C64
??_7?$DefaultModuleTemplate@$01@FXParticleSystem@@6BModuleTemplate@1@@,0x01110C50
??_7?$DefaultModuleTemplate@$02@FXParticleSystem@@6B?$CategoryModuleInfo@$02@1@@,0x01110C20
??_7?$DefaultModuleTemplate@$02@FXParticleSystem@@6B@,0x01110C0C
??_7?$DefaultModuleTemplate@$02@FXParticleSystem@@6BModuleTemplate@1@@,0x01110C24
??_7?$DefaultModuleTemplate@$05@FXParticleSystem@@6B?$CategoryModuleInfo@$05@1@@,0x01110934
??_7?$DefaultModuleTemplate@$05@FXParticleSystem@@6B@,0x0111094C
??_7?$DefaultModuleTemplate@$05@FXParticleSystem@@6BModuleTemplate@1@@,0x01110938
??_7?$DefaultModuleTemplate@$0A@@FXParticleSystem@@6B?$CategoryModuleInfo@$0A@@1@@,0x011108F4
??_7?$DefaultModuleTemplate@$0A@@FXParticleSystem@@6B@,0x0111090C
??_7?$DefaultModuleTemplate@$0A@@FXParticleSystem@@6BModuleTemplate@1@@,0x011108F8
??_7?$DefaultParticleModule@$03@FXParticleSystem@@6B?$CategoryModuleInfo@$03@1@@,0x01111990
??_7?$DefaultParticleModule@$03@FXParticleSystem@@6BT1A1_005DD290@@@,0x01111994
??_7?$DefaultParticleModule@$04@FXParticleSystem@@6BParticleModuleCategorySlice@1@@,0x01111828
??_7?$DefaultParticleModule@$04@FXParticleSystem@@6BParticleModuleSnapshotSlice@1@@,0x01111824
??_7?$DefaultParticleModule@$04@FXParticleSystem@@6BT1A1_005DD290@@@,0x0111182C
??_7?$DefaultParticleModule@$05@FXParticleSystem@@6BRDM_Iface1@1@@,0x01111EA0
??_7?$DefaultParticleModule@$05@FXParticleSystem@@6BRDM_Iface2@1@@,0x01111E8C
??_7?$DefaultParticleModule@$05@FXParticleSystem@@6BRDM_Primary@1@@,0x01111EA4
??_7?$DefaultParticleModuleTemplate@$04@FXParticleSystem@@6B?$CategoryModuleInfo@$04@1@@,0x01111254
??_7?$DefaultParticleModuleTemplate@$04@FXParticleSystem@@6B@,0x01111240
??_7?$DefaultParticleModuleTemplate@$04@FXParticleSystem@@6BModuleTemplate@1@@,0x01111258
??_7?$DefaultParticleModuleTemplate@$05@FXParticleSystem@@6B?$CategoryModuleInfo@$05@1@@,0x01110EB8
??_7?$DefaultParticleModuleTemplate@$05@FXParticleSystem@@6B@,0x01110EA4
??_7?$DefaultParticleModuleTemplate@$05@FXParticleSystem@@6BModuleTemplate@1@@,0x01110EBC
??_7?$DynamicVectorClass@H@@6B@,0x0113A3A0
??_7?$DynamicVectorClass@K@@6B@,0x0113D0B0
??_7?$DynamicVectorClass@M@@6B@,0x0113EAF8
??_7?$DynamicVectorClass@PAD@@6B@,0x0113A3A0
??_7?$DynamicVectorClass@PAULegacyMaterialClass@MeshLoadContextClass@@@@6B@,0x0113E6A8
??_7?$DynamicVectorClass@PAUW3dAggregateSubobjectStruct@@@@6B@,0x0113F114
??_7?$DynamicVectorClass@PAUtThreadInfoType@@@@6B@,0x0113A3A0
??_7?$DynamicVectorClass@PAVDefinitionClass@@@@6B@,0x0113A3A0
??_7?$DynamicVectorClass@PAVFontCharsBuffer@@@@6B@,0x0113CDDC
??_7?$DynamicVectorClass@PAVHAnimComboDataClass@@@@6B@,0x0113EB10
??_7?$DynamicVectorClass@PAVPrototypeClass@@@@6B@,0x0113C614
??_7?$DynamicVectorClass@PAVPrototypeLoaderClass@@@@6B@,0x0113A3A0
??_7?$DynamicVectorClass@PAVRender2DClass@@@@6B@,0x0113CDF4
??_7?$DynamicVectorClass@PAVRenderObjClass@@@@6B@,0x0113F12C
??_7?$DynamicVectorClass@PAVTextureClass@@@@6B@,0x0113CDDC
??_7?$DynamicVectorClass@PAVVertexMaterialClass@@@@6B@,0x0113C614
??_7?$DynamicVectorClass@PAX@@6B@,0x0113A3A0
??_7?$DynamicVectorClass@UAcceleratorTracker@@@@6B@,0x01091078
??_7?$DynamicVectorClass@UAddInfoStruct@MixFileFactoryClass@@@@6B@,0x0113CE5C
??_7?$DynamicVectorClass@UFileInfoStruct@MixFileCreator@@@@6B@,0x01091078
??_7?$DynamicVectorClass@UFileOffsetStruct@@@@6B@,0x01091078
??_7?$DynamicVectorClass@UPendingSurfaceStruct@Render2DSentenceClass@@@@6B@,0x0113CE94
??_7?$DynamicVectorClass@UPtrPairStruct@PointerRemapClass@@@@6B@,0x01091078
??_7?$DynamicVectorClass@UPtrRemapStruct@PointerRemapClass@@@@6B@,0x0113C644
??_7?$DynamicVectorClass@URendererDataStruct@Render2DSentenceClass@@@@6B@,0x0113CE5C
??_7?$DynamicVectorClass@UResolutionDescClass@@@@6B@,0x0113A0E4
??_7?$DynamicVectorClass@URva009080A0Element@@@@6B@,0x0113A4F8
??_7?$DynamicVectorClass@USentenceDataStruct@Render2DSentenceClass@@@@6B@,0x01091078
??_7?$DynamicVectorClass@UTextureStatisticsStruct@@@@6B@,0x0113CB3C
??_7?$DynamicVectorClass@VBfmeHandleCX@@@@6B@,0x0113C62C
??_7?$DynamicVectorClass@VHashItem@?$UniqueArrayClass@VFaceClass@MeshBuilderClass@@@@@@6B@,0x01091078
??_7?$DynamicVectorClass@VKeyClass@Curve3DClass@@@@6B@,0x01091078
??_7?$DynamicVectorClass@VModelNodeClass@HLodClass@@@@6B@,0x0113EE40
??_7?$DynamicVectorClass@VRenderDeviceDescClass@@@@6B@,0x01091078
??_7?$DynamicVectorClass@VRva0113C8ACElem@@@@6B@,0x0113C8AC
??_7?$DynamicVectorClass@VShaderClass@@@@6B@,0x0113C644
??_7?$DynamicVectorClass@VStringClass@@@@6B@,0x01091078
??_7?$DynamicVectorClass@VVector2@@@@6B@,0x01091078
??_7?$DynamicVectorClass@VVector3@@@@6B@,0x011284E8
??_7?$DynamicVectorClass@VVector4@@@@6B@,0x0113A388
??_7?$DynamicVectorClass@W4_D3DFORMAT@@@@6B@,0x0113A3A0
??_7?$DynamicVectorClassWide@UTextureStatisticsStructWide@@@@6B@,0x0113CE44
??_7?$GXHalfEdgePMesh@G$00$0PPPP@@@6B@,0x011490F8
??_7?$GXHalfEdgePMesh@I$0A@$0?0@@6B@,0x011491A8
??_7?$GXSimplifyMesh@G$00$0PPPP@@@6B@,0x011492A0
??_7?$GXSimplifyMesh@I$0A@$0?0@@6B@,0x01149250
??_7?$GXTri3Mesh@G$00$0PPPP@@@6B@,0x01148F90
??_7?$GXTri3Mesh@I$0A@$0?0@@6B@,0x01149008
??_7?$LatchRestore@H@@6B@,0x010E75AC
??_7?$LatchRestore@PAVPlayer@@@@6B@,0x010E75B0
??_7?$LatchRestore@PAVTeam@@@@6B@,0x010E75AC
??_7?$LatchRestore@VAsciiString@@@@6B@,0x010E7688
??_7?$LatchRestore@_N@@6B@,0x010892D8
??_7?$List@PAUINIEntry@@@@6B@,0x0114549C
??_7?$List@PAUINISection@@@@6B@,0x011454A0
??_7?$MultiListClass@VCameraShakerClass@CameraShakeSystemClass@@@@6B@,0x0111DC54
??_7?$MultiListClass@VRenderObjClass@@@@6B@,0x0113CF30
??_7?$MultiListClass@VRendererListContainerClass@@@@6B@,0x0111DC54
??_7?$MultiListClass@VShdRendererNodeClass@@@@6B@,0x0111DC54
??_7?$Node@PAUINIEntry@@@@6B@,0x0114548C
??_7?$Node@PAUINISection@@@@6B@,0x01145490
??_7?$Node@PAVLayerClass@@@@6B@,0x0114548C
??_7?$RLEBlitTransRemapXlat@E@@6B@,0x010F5738
??_7?$RLEBlitTransZRemapXlat@E@@6B@,0x010F5738
??_7?$RLEBlitTransZRemapXlat@G@@6B@,0x010F5738
??_7?$RangedParameterClass@H$0A@@@6B@,0x0108ACB8
??_7?$RangedParameterClass@M$00@@6B@,0x0108ACB8
??_7?$RangedParameterClass@M$0N@@@6B@,0x0108ACB8
??_7?$ShareBufferClass@D@@6B@,0x0113C118
??_7?$ShareBufferClass@E@@6B@,0x011135C4
??_7?$ShareBufferClass@G@@6B@,0x0113C110
??_7?$ShareBufferClass@K@@6B@,0x0113C108
??_7?$ShareBufferClass@M@@6B@,0x011135B8
??_7?$ShareBufferClass@PAVTextureClass@@@@6B@,0x0113C300
??_7?$ShareBufferClass@UMeshGeometrySlot64Element_00923F70@@@@6B@,0x0113C120
??_7?$ShareBufferClass@VShaderClass@@@@6B@,0x0113C338
??_7?$ShareBufferClass@VVector2@@@@6B@,0x0111E09C
??_7?$ShareBufferClass@VVector3@@@@6B@,0x011135D0
??_7?$ShareBufferClass@VVector3i16@@@@6B@,0x0113C164
??_7?$ShareBufferClass@VVector4@@@@6B@,0x011135DC
??_7?$SimpleDynVecClass@E@@6B@,0x0113F604
??_7?$SimpleDynVecClass@K@@6B@,0x0113D010
??_7?$SimpleDynVecClass@PAV?$MultiListClass@VDX8FVFCategoryContainer@@@@@@6B@,0x0113D010
??_7?$SimpleDynVecClass@PAVBSPClass@@@@6B@,0x01126D74
??_7?$SimpleDynVecClass@PAVDynamicMeshClass@@@@6B@,0x01126D74
??_7?$SimpleDynVecClass@PAVFontCharsClass@@@@6B@,0x01126D74
??_7?$SimpleDynVecClass@PAVTextureClass@@@@6B@,0x0113AD14
??_7?$SimpleDynVecClass@PAVVertexMaterialClass@@@@6B@,0x0113C5A4
??_7?$SimpleDynVecClass@UDecalStruct@RigidDecalMeshClass@@@@6B@,0x01126D74
??_7?$SimpleDynVecClass@UDecalStruct@SkinDecalMeshClass@@@@6B@,0x01126D74
??_7?$SimpleDynVecClass@UMorphKeyStruct@TimeCodedMorphKeysClass@@@@6B@,0x01126D74
??_7?$SimpleDynVecClass@VAABoxClass@@@@6B@,0x01126D74
??_7?$SimpleDynVecClass@VKeyClass@?$PrimitiveAnimationChannelClass@M@@@@6B@,0x01126D74
??_7?$SimpleDynVecClass@VKeyClass@?$PrimitiveAnimationChannelClass@UAlphaVectorStruct@@@@@@6B@,0x01126D74
??_7?$SimpleDynVecClass@VKeyClass@?$PrimitiveAnimationChannelClass@VVector2@@@@@@6B@,0x01126D74
??_7?$SimpleDynVecClass@VKeyClass@?$PrimitiveAnimationChannelClass@VVector3@@@@@@6B@,0x01126D74
??_7?$SimpleDynVecClass@VPolygonClass@@@@6B@,0x01126D74
??_7?$SimpleDynVecClass@VShaderClass@@@@6B@,0x01126D74
??_7?$SimpleDynVecClass@VVector2@@@@6B@,0x01126D74
??_7?$SimpleDynVecClass@VVector3i16@@@@6B@,0x01126D74
??_7?$SimpleVecClass@PAV?$MultiListClass@VDX8FVFCategoryContainer@@@@@@6B@,0x0113D004
??_7?$SimpleVecClass@PAVBSPClass@@@@6B@,0x01126D64
??_7?$SimpleVecClass@PAVDynamicMeshClass@@@@6B@,0x01126D64
??_7?$SimpleVecClass@PAVFontCharsClass@@@@6B@,0x01126D64
??_7?$SimpleVecClass@UDecalStruct@SkinDecalMeshClass@@@@6B@,0x01126D64
??_7?$SimpleVecClass@UMorphKeyStruct@TimeCodedMorphKeysClass@@@@6B@,0x01126D64
??_7?$SimpleVecClass@URva0096E1B0Elem@@@@6B@,0x0113E684
??_7?$SimpleVecClass@UShdSubMeshStruct@@@@6B@,0x01126D64
??_7?$SimpleVecClass@VAABoxClass@@@@6B@,0x01126D64
??_7?$SimpleVecClass@VKeyClass@?$PrimitiveAnimationChannelClass@M@@@@6B@,0x01126D64
??_7?$SimpleVecClass@VKeyClass@?$PrimitiveAnimationChannelClass@UAlphaVectorStruct@@@@@@6B@,0x01126D64
??_7?$SimpleVecClass@VKeyClass@?$PrimitiveAnimationChannelClass@VVector2@@@@@@6B@,0x01126D64
??_7?$SimpleVecClass@VKeyClass@?$PrimitiveAnimationChannelClass@VVector3@@@@@@6B@,0x01126D64
??_7?$SimpleVecClass@VPolygonClass@@@@6B@,0x01126D64
??_7?$SpawnBehaviorSecondaryBase@$00@@6B@,0x010A6B40
??_7?$SpawnBehaviorSecondaryBase@$01@@6B@,0x010A257C
??_7?$SpawnBehaviorSecondaryBase@$02@@6B@,0x010A1BFC
??_7?$SubsystemSlot@VParticleSystemManager@@@@6B@,0x01075DE0
??_7?$VectorClass@E@@6B@,0x0113AC74
??_7?$VectorClass@G@@6B@,0x011BC44C
??_7?$VectorClass@PAD@@6B@,0x0113A0FC
??_7?$VectorClass@PAUtThreadInfoType@@@@6B@,0x0113A0FC
??_7?$VectorClass@PAVDefinitionClass@@@@6B@,0x0113A0FC
??_7?$VectorClass@PAVFontCharsBuffer@@@@6B@,0x0113CDC4
??_7?$VectorClass@PAVRender2DClass@@@@6B@,0x0107385C
??_7?$VectorClass@PAX@@6B@,0x0113A0FC
??_7?$VectorClass@UAcceleratorTracker@@@@6B@,0x0113ACC4
??_7?$VectorClass@UAddInfoStruct@MixFileFactoryClass@@@@6B@,0x0113CE24
??_7?$VectorClass@UFileOffsetStruct@@@@6B@,0x0113CE24
??_7?$VectorClass@UPendingSurfaceStruct@Render2DSentenceClass@@@@6B@,0x0113CE74
??_7?$VectorClass@UPtrPairStruct@PointerRemapClass@@@@6B@,0x0113ACC4
??_7?$VectorClass@UPtrRemapStruct@PointerRemapClass@@@@6B@,0x0113C5E4
??_7?$VectorClass@UTextureStatisticsStruct@@@@6B@,0x0113C8C4
??_7?$VectorClass@U_ENUM_VALUE@EnumParameterClass@@@@6B@,0x0113CE24
??_7?$VectorClass@VActiveCategoryStackClass@@@@6B@,0x011BC464
??_7?$VectorClass@VBfmeHandleCX@@@@6B@,0x0113C5FC
??_7?$VectorClass@VKeyClass@Curve3DClass@@@@6B@,0x0113A0E4
??_7?$VectorClass@VModelNodeClass@HLodClass@@@@6B@,0x0113EB94
??_7?$VectorClass@VModelNodeClass@Rva0097BB40HLod@@@@6B@,0x0113EB94
??_7?$VectorClass@VProxyClass@@@@6B@,0x0113C894
??_7?$VectorClass@VProxyRecordClass@@@@6B@,0x0113EBAC
??_7?$VectorClass@VRenderDeviceDescClass@@@@6B@,0x0113A454
??_7?$VectorClass@VResolutionDescClass@@@@6B@,0x0113A0E4
??_7?$VectorClass@VShaderClass@@@@6B@,0x0113C5E4
??_7?$VectorClass@VStringClass@@@@6B@,0x01090FC8
??_7?$VectorClass@VVector2@@@@6B@,0x0113ACC4
??_7?$VectorClass@VVector3@@@@6B@,0x011284AC
??_7?$VectorClass@VVector4@@@@6B@,0x0113ACAC
??_7?$VectorClass@W4_D3DFORMAT@@@@6B@,0x0113A0FC
??_7?$VectorClassWide@UTextureStatisticsStructWide@@@@6B@,0x0113CE0C
??_7?$basic_filebuf@DV?$char_traits@D@_STL@@@_STL@@6B@,0x0112F314
??_7?$basic_filebuf@GV?$char_traits@G@_STL@@@_STL@@6B@,0x0112F350
??_7?$basic_fstream@DV?$char_traits@D@_STL@@@_STL@@6B@,0x0112FC38
??_7?$basic_fstream@GV?$char_traits@G@_STL@@@_STL@@6B@,0x0112FC50
??_7?$basic_ifstream@DV?$char_traits@D@_STL@@@_STL@@6B@,0x0112FC28
??_7?$basic_ifstream@GV?$char_traits@G@_STL@@@_STL@@6B@,0x0112FC40
??_7?$basic_ifstream_lib0084C300@DV?$char_traits@D@_STL@@@_STL@@6B@,0x0112FC28
??_7?$basic_ios@DV?$char_traits@D@_STL@@@_STL@@6B@,0x0112EBC4
??_7?$basic_ios@GV?$char_traits@G@_STL@@@_STL@@6B@,0x0112EBCC
??_7?$basic_iostream@DV?$char_traits@D@_STL@@@_STL@@6B@,0x0112FC18
??_7?$basic_iostream@GV?$char_traits@G@_STL@@@_STL@@6B@,0x0112FC20
??_7?$basic_istream@DV?$char_traits@D@_STL@@@_STL@@6B@,0x0112F2F4
??_7?$basic_istream@GV?$char_traits@G@_STL@@@_STL@@6B@,0x0112F2FC
??_7?$basic_istringstream@DV?$char_traits@D@_STL@@V?$allocator@D@2@@_STL@@6B@,0x011075E0
??_7?$basic_ofstream@DV?$char_traits@D@_STL@@@_STL@@6B@,0x0112FC30
??_7?$basic_ofstream@GV?$char_traits@G@_STL@@@_STL@@6B@,0x0112FC48
??_7?$basic_ostream@DV?$char_traits@D@_STL@@@_STL@@6B@,0x0112F304
??_7?$basic_ostream@GV?$char_traits@G@_STL@@@_STL@@6B@,0x0112F30C
??_7?$basic_ostringstream@DV?$char_traits@D@_STL@@V?$allocator@D@2@@_STL@@6B@,0x0110FCAC
??_7?$basic_streambuf@DV?$char_traits@D@_STL@@@_STL@@6B@,0x0112EBD4
??_7?$basic_streambuf@GV?$char_traits@G@_STL@@@_STL@@6B@,0x0112EC10
??_7?$basic_stringbuf@DV?$char_traits@D@_STL@@V?$allocator@D@2@@_STL@@6B@,0x0110759C
??_7?$codecvt@DDH@_STL@@6B@,0x0112EA8C
??_7?$codecvt@GDH@_STL@@6B@,0x0112EAB0
??_7?$collate@D@_STL@@6B@,0x0112EAD4
??_7?$collate@G@_STL@@6B@,0x0112EAE8
??_7?$ctype@D@_STL@@6B@,0x0112F254
??_7?$ctype@G@_STL@@6B@,0x0112EA54
??_7?$messages@D@_STL@@6B@,0x0112FB8C
??_7?$messages@G@_STL@@6B@,0x0112FBB8
??_7?$moneypunct@D$00@_STL@@6B@,0x0112FADC
??_7?$moneypunct@D$0A@@_STL@@6B@,0x0112FB08
??_7?$moneypunct@G$00@_STL@@6B@,0x0112FB34
??_7?$moneypunct@G$0A@@_STL@@6B@,0x0112FB60
??_7?$numpunct@D@_STL@@6B@,0x0112EAFC
??_7?$numpunct@G@_STL@@6B@,0x0112EB18
??_7?$time_get@DV?$istreambuf_iterator@DV?$char_traits@D@_STL@@@_STL@@@_STL@@6B@,0x0112EB44
??_7?$time_get@GV?$istreambuf_iterator@GV?$char_traits@G@_STL@@@_STL@@@_STL@@6B@,0x0112EB70
??_7?$time_put@DV?$ostreambuf_iterator@DV?$char_traits@D@_STL@@@_STL@@@_STL@@6B@,0x0112EB64
??_7?$time_put@GV?$ostreambuf_iterator@GV?$char_traits@G@_STL@@@_STL@@@_STL@@6B@,0x0112EB90
??_7AABTreeClass@@6B@,0x0113E678
??_7AABTreeLinkClass@@6B@,0x01088D50
??_7AABoxRenderObjClass@@6BMultiListObjectClass@@@,0x0113DA00
??_7AABoxRenderObjClass@@6BRefCountClass@@@,0x0113DA08
??_7AI@@6BSnapshot@@@,0x01095994
??_7AI@@6BSubsystemInterface@@@,0x010959A8
??_7AIAttackAimAtTargetState@@6B@,0x01097C60
??_7AIAttackAreaState@@6B@,0x01098398
??_7AIAttackFireWeaponState@@6B@,0x01097DC0
??_7AIAttackMoveStateMachine@@6B@,0x01097468
??_7AIAttackPursueTargetState@@6B@,0x0109A5C8
??_7AIAttackSquadState@@6B@,0x01097E30
??_7AIAttackState@@6BNotifyWeaponFiredInterface@@@,0x0109A0B0
??_7AIAttackState@@6BState@@@,0x0109A0C8
??_7AIAttackSwoopThenIdleStateMachine@@6B@,0x010C7460
??_7AIAttackThenIdleStateMachine@@6B@,0x010976F8
??_7AIBackAwayAndCowerState@@6B@,0x01097AF8
??_7AIBusyState@@6B@,0x01097AA0
??_7AIChargeTargetState@@6B@,0x0109AE70
??_7AICombineState@@6B@,0x0109AC38
??_7AICowerState@@6B@,0x01098408
??_7AIDeadState@@6B@,0x01097EA0
??_7AIDockState@@6B@,0x01097F08
??_7AIEnterAndAttackState@@6B@,0x0109ACA8
??_7AIEnterState@@6B@,0x0109ABD0
??_7AIExitState@@6B@,0x01098120
??_7AIFaceState@@6B@,0x0109AD20
??_7AIFearState@@6B@,0x0109A458
??_7AIFollowPathState@@6B@,0x0109A9F0
??_7AIFollowWaypointPathExactState@@6B@,0x0109A828
??_7AIGiantBirdAttackState@@6B@,0x010C78D8
??_7AIGiantBirdFollowThruState@@6B@,0x010C7968
??_7AIGiantBirdSwoopState@@6B@,0x010C7868
??_7AIGroup@@6B@,0x01095F24
??_7AIGuardAttackAggressorState@@6B@,0x010963A0
??_7AIGuardInnerState@@6B@,0x01096160
??_7AIGuardOuterState@@6B@,0x01096248
??_7AIGuardRetaliateState@@6B@,0x01098248
??_7AIGuardState@@6B@,0x010981E0
??_7AIHarvestState@@6B@,0x01097F70
??_7AIHordeEnterState@@6B@,0x01097FD8
??_7AIHordeExitState@@6B@,0x01098048
??_7AIHuntState@@6B@,0x01098330
??_7AIIdleState@@6B@,0x010985B0
??_7AIInternalMoveToState@@6B@,0x01095B08
??_7AIMeleeReAcquireState@@6B@,0x010980B0
??_7AIMoveAndDeleteState@@6B@,0x0109AAD8
??_7AIMoveAndEvacuateState@@6B@,0x0109AA60
??_7AIMoveAndTightenState@@6B@,0x0109A2F0
??_7AIMoveAwayAndCowerState@@6B@,0x0109AD88
??_7AIMoveAwayFromRepulsorsState@@6B@,0x0109A368
??_7AIMoveAwayPanicState@@6B@,0x0109A3E0
??_7AIMoveOntoWallState@@6B@,0x01098540
??_7AIMoveOutOfTheWayState@@6B@,0x0109A278
??_7AIMoveToPositionAndDieState@@6B@,0x0109AB50
??_7AIMoveToPositionAndEnterState@@6B@,0x0109B370
??_7AIMoveToState@@6B@,0x01098F08
??_7AIMoveToStateSA@@6B@,0x01098FA8
??_7AIPickUpCrateState@@6B@,0x010960D0
??_7AIPlayer@@6B@,0x010968B0
??_7AIQuarrelState@@6B@,0x01098470
??_7AIRampageState@@6B@,0x010984D8
??_7AISideBuildList@@6B@,0x01095774
??_7AISkirmishPlayer@@6B@,0x01096FB0
??_7AIStartAttackObjState@@6B@,0x01097A20
??_7AIStateMachine@@6B@,0x0109AEF8
??_7AITunnelNetworkGuardState@@6B@,0x010982B8
??_7AIUncontrollableCower@@6B@,0x010991D0
??_7AIUpdateInterface@@6BAIUpdateBehaviorInterface@@@,0x010BA7E0
??_7AIUpdateInterface@@6BAIUpdateCommandInterface@@@,0x010BA7D0
??_7AIUpdateInterface@@6BAIUpdateExtraInterface@@@,0x010BA7B4
??_7AIUpdateInterface@@6BModule@@@,0x010BA8A8
??_7AIUpdateInterface@@6BUpdateModule@@@,0x010BA7D4
??_7AIUpdateInterfaceModuleData@@6B@,0x010BA680
??_7AIWaitState@@6B@,0x01097CD8
??_7AIWaitUntilFinishedFiringState@@6B@,0x01097D40
??_7AIWanderInPlaceState@@6B@,0x0109A910
??_7ALU_Iface1@@6B@,0x0109C9D0
??_7ALU_Iface2@@6B@,0x0109CBA0
??_7ALU_Iface4@@6B@,0x010A257C
??_7ALU_UpdateModule@@6BALU_DeepBase@@@,0x0109CD94
??_7ALU_UpdateModule@@6BALU_Iface1@@@,0x0109CCD0
??_7ALU_UpdateModule@@6BALU_Iface2@@@,0x0109CBAC
??_7AODCrushCollide@@6B@,0x010A9720
??_7AODCrushCollide@@6BBehaviorModule@@@,0x010A9AC4
??_7AODCrushCollide@@6BBehaviorModuleInterface@@@,0x010A9A00
??_7AODCrushCollide@@6BUpdateModuleInterface@@@,0x010A99F0
??_7AODCrushCollideModuleData@@6B@,0x010A9740
??_7AODHordeContain@@6B?$OpenContainSecondaryBase@$00@@@,0x010AE6D8
??_7AODHordeContain@@6B?$OpenContainSecondaryBase@$01@@@,0x010AE520
??_7AODHordeContain@@6B?$OpenContainSecondaryBase@$02@@@,0x010AE500
??_7AODHordeContain@@6B?$OpenContainSecondaryBase@$03@@@,0x010AE4FC
??_7AODHordeContain@@6B?$OpenContainSecondaryBase@$04@@@,0x010AE4EC
??_7AODHordeContain@@6B?$OpenContainSecondaryBase@$05@@@,0x010AE4B0
??_7AODHordeContain@@6B?$OpenContainSecondaryBase@$06@@@,0x010AE4A0
??_7AODHordeContain@@6BHordeContainEleventhBase@@@,0x010AE230
??_7AODHordeContain@@6BOpenContainPrimaryBase@@@,0x010AE7A0
??_7AODHordeContain@@6BOpenContainWideSecondaryBase@@@,0x010AE6C8
??_7AODHordeContain@@6BSiegeEngineContainBase@@@,0x010AE49C
??_7AODHordeContainModuleDataVtbl@@6B@,0x01089960
??_7ASCB_MiddleBase@@6B@,0x0108ACB8
??_7ActAsDozerState@@6B@,0x010CA428
??_7ActAsSupplyTruckState@@6B@,0x010CA490
??_7ActiveBodyModuleDataBase@@6B@,0x01073744
??_7ActiveCategoryClass@@6B@,0x011BC494
??_7ActiveShroudUpgrade@@6BBehaviorModule@@@,0x010CCB54
??_7ActiveShroudUpgrade@@6BBehaviorModuleInterface@@@,0x010CCA90
??_7ActiveShroudUpgrade@@6BModuleInterface@@@,0x010CCA2C
??_7ActiveShroudUpgrade@@6BUpgradeMux@@@,0x010CCA40
??_7AggregateDefClass@@6B@,0x0113F0D0
??_7AggregatePrototypeClass@@6B@,0x01085DD0
??_7AimWeaponBehavior@@6BBehaviorModuleInterface@@@,0x010A1960
??_7AimWeaponBehavior@@6BObjectModule@@@,0x010A1A24
??_7AimWeaponBehavior@@6BUpdateModuleInterface@@@,0x010A1950
??_7AimWeaponBehaviorModuleData@@6B@,0x010A1848
??_7Anim2DCollection@@6B@,0x0110F270
??_7Anim2DTemplate@@6B@,0x0110F2B8
??_7AnimalAIUpdate@@6BAnimalAIUpdateBase@@@,0x010C5668
??_7AnimalAIUpdate@@6BAnimalAIUpdateIface1@@@,0x010C55A0
??_7AnimalAIUpdate@@6BAnimalAIUpdateIface2@@@,0x010C5590
??_7AnimalAIUpdate@@6BAnimalAIUpdateIface3@@@,0x010C558C
??_7AnimalAIUpdate@@6BAnimalAIUpdateIface4@@@,0x010C5570
??_7AnimalAIUpdate@@6BAnimalAIUpdateIface5@@@,0x010C556C
??_7AnimalAIUpdateIface5@@6B@,0x010C5568
??_7AnimalAIUpdateModuleData@@6B@,0x010BA680
??_7AnimalAIUpdateModuleDataVtbl@@6B@,0x010899F0
??_7Animatable3DObjClass@@6BMultiListObjectClass@@@,0x0113F144
??_7Animatable3DObjClass@@6BRefCountClass@@@,0x0113F148
??_7AnimateWindow@@6B@,0x010F6F28
??_7AnimateWindowManager@@6B@,0x010F6F2C
??_7AnimatedParticleSysBoneClientUpdate@@6B@,0x01115210
??_7AnimationSoundClientBehavior@@6BASCB_Iface@@@,0x01115594
??_7AnimationSoundClientBehavior@@6BASCB_MiddleBase@@@,0x011155A0
??_7AnimationSoundClientBehavior@@6BRva00605710Iface@@@,0x01115594
??_7AnimationSoundClientBehavior@@6BRva00605710Middle@@@,0x011155A0
??_7AnimationSoundClientBehaviorModuleData@@6B@,0x011155E0
??_7AnimationSoundClientBehaviorModuleDataBase@@6B@,0x01073744
??_7AnimationSteeringUpdateModuleData@@6B@,0x01080EE0
??_7ApplyRandomForceNugget@@6B@,0x010EC764
??_7AptInteger@@6B@,0x01136400
??_7AptMapPreviewFunctorWrapper@@6B@,0x01106818
??_7AptValue@@6B@,0x01135D68
??_7ArchiveFile@@6B@,0x01143BC4
??_7ArchiveFileSystem@@6B@,0x01143A08
??_7ArmorUpgrade@@6BBehaviorModule@@@,0x010CBB54
??_7ArmorUpgrade@@6BBehaviorModuleInterface@@@,0x010CBA90
??_7ArmorUpgrade@@6BModuleInterface@@@,0x010CBA30
??_7ArmorUpgrade@@6BUpgradeMux@@@,0x010CBA40
??_7ArmorUpgradeModuleData@@6B@,0x0108F2E0
??_7ArrowStormUpdate@@6BArrowStormUpdateBaseInterface1@@@,0x010B36F8
??_7ArrowStormUpdate@@6BArrowStormUpdateBaseInterface2@@@,0x010B36E8
??_7ArrowStormUpdate@@6BArrowStormUpdateBaseInterface3@@@,0x010B36BC
??_7ArrowStormUpdate@@6BArrowStormUpdateObjectModule@@@,0x010B37C0
??_7AssaultTransportAIUpdate@@6BAssaultTransportAIUpdateBase@@@,0x010C6120
??_7AssaultTransportAIUpdate@@6BAssaultTransportAIUpdateIface1@@@,0x010C6058
??_7AssaultTransportAIUpdate@@6BAssaultTransportAIUpdateIface2@@@,0x010C604C
??_7AssaultTransportAIUpdate@@6BAssaultTransportAIUpdateIface3@@@,0x010C6048
??_7AssaultTransportAIUpdate@@6BAssaultTransportAIUpdateIface4@@@,0x010C602C
??_7AssaultTransportAIUpdate@@6BAssaultTransportAIUpdateIface5@@@,0x010C6028
??_7AssaultTransportAIUpdateIface5@@6B@,0x010C6024
??_7AssaultTransportAIUpdateModuleData@@6B@,0x010BA680
??_7AssaultTransportAIUpdateModuleDataVtbl@@6B@,0x01089CC0
??_7AssistedTargetingUpdate@@6BBehaviorModuleInterface@@@,0x010BAC10
??_7AssistedTargetingUpdate@@6BObjectModule@@@,0x010BACD4
??_7AssistedTargetingUpdate@@6BUpdateModuleInterface@@@,0x010BAC00
??_7AssistedTargetingUpdateModuleData@@6B@,0x0108B8E0
??_7AttachedModelFXNugget@@6B@,0x010F3480
??_7AttackFireWhileChargingMachine@@6B@,0x01097380
??_7AttackFireWhileMovingMachine@@6B@,0x010972A0
??_7AttackMeleeStateMachine@@6B@,0x010971D0
??_7AttackNugget@@6B@,0x0109F5D0
??_7AttributeModifierAuraUpdate@@6BAttributeModifierAuraUpdateInterface@@@,0x010BAD08
??_7AttributeModifierAuraUpdateModuleData@@6B@,0x010BB0A8
??_7AttributeModifierAuraUpdateModuleDataBase@@6B@,0x01073744
??_7AttributeModifierPoolUpdate@@6BPB_BehaviorModuleInterface@@@,0x010E9218
??_7AttributeModifierPoolUpdate@@6BPB_DeepBase@@@,0x010E92DC
??_7AttributeModifierPoolUpdate@@6BPB_UpdateModuleInterface@@@,0x010E9208
??_7AttributeModifierUpgrade@@6BBehaviorModule@@@,0x010CBCD4
??_7AttributeModifierUpgrade@@6BBehaviorModuleInterface@@@,0x010CBC10
??_7AttributeModifierUpgrade@@6BModuleInterface@@@,0x010CBBAC
??_7AttributeModifierUpgrade@@6BUpgradeMux@@@,0x010CBBC0
??_7AttributeModifierUpgradeModuleData@@6B@,0x0108F5A0
??_7AudioEventInfo@@6B@,0x010818CC
??_7AudioEventRTS@@6B@,0x01081D40
??_7AudioLoopUpgrade@@6BALU_DeepBase@@@,0x010CBE24
??_7AudioLoopUpgrade@@6BALU_Iface1@@@,0x010CBD60
??_7AudioLoopUpgrade@@6BALU_Iface2@@@,0x010CBD54
??_7AudioLoopUpgrade@@6BALU_Iface4@@@,0x010CBD04
??_7AudioLoopUpgrade@@6BALU_UpgradeMux@@@,0x010CBD08
??_7AutoAbilityBehavior@@6B@,0x010A1AF4
??_7AutoAbilityBehavior@@6BBehaviorModuleInterface@@@,0x010A1B00
??_7AutoAbilityBehavior@@6BObjectModule@@@,0x010A1BC4
??_7AutoAbilityBehavior@@6BUpdateModuleInterface@@@,0x010A1AF4
??_7AutoAbilityBehaviorModuleData@@6B@,0x010A1A70
??_7AutoDepositUpdateModuleData@@6B@,0x0108CE78
??_7AutoFindHealingUpdateModuleData@@6B@,0x010BB210
??_7AutoHealBehaviorModuleData@@6B@,0x0108EFC8
??_7AutoHealBehaviorModuleDataBase@@6B@,0x01073744
??_7AutoPickUpUpdate@@6B@,0x010BB410
??_7AutoPickUpUpdate@@6BAutoPickUpUpdateInterface@@@,0x010BB410
??_7AutoPickUpUpdate@@6BPB_DeepBase@@@,0x010BB554
??_7AutoPickUpUpdate@@6BPB_Iface1@@@,0x010BB490
??_7AutoPickUpUpdate@@6BPB_Iface2@@@,0x010BB484
??_7AutoPickUpUpdateIface@@6B@,0x010BB3FC
??_7AutoPickUpUpdateModuleData@@6B@,0x010BB588
??_7AutoPickUpUpdateModuleDataBase@@6B@,0x01073744
??_7BB_Iface1@@6B@,0x0109C9D0
??_7BB_Iface2@@6B@,0x0109CBA0
??_7BFMECRCWriter@@6B@,0x01075B08
??_7BFMEDistLODClass@@6BCompositeRenderObjClassPrimary@@@,0x01111FCC
??_7BFMEDistLODClass@@6BMultiListObjectClass@@@,0x01111FC8
??_7BFMEDistLODClass@@6BPersistClass@@@,0x01111FC4
??_7BFMEDistLODClass@@6BRefCountClass@@@,0x01111FB0
??_7BFMENetGameSpyStatsAuthKeyCommandMsg@@6B@,0x0111A7F8
??_7BFMENetInformPlayerLeaveFrameCommandMsg@@6B@,0x0111A58C
??_7BFMENetRequestFrameDataCommandMsg@@6B@,0x0111A5B4
??_7BFMENetRequestGameSpyStatsAuthKeyCommandMsg@@6B@,0x0111A7D0
??_7BFMENetRouterFallbackCommandMsg@@6B@,0x0111A234
??_7BFMENetwork@@6B@,0x01119C8C
??_7BFMENetworkBackend@@6B@,0x0111988C
??_7BFMEPeerThreadView@@6B@,0x011196BC
??_7BFMERetailFontLibrary@@6B@,0x010F7650
??_7BFU_BehaviorBase@@6BBFU_DeepBase@@@,0x0109CB5C
??_7BFU_BehaviorBase@@6BBFU_Iface1@@@,0x0109CA98
??_7BFU_Iface1@@6B@,0x0109C9D0
??_7BFU_Iface2@@6B@,0x0109CBA0
??_7BackAwayAndCowerStateMachine@@6B@,0x01097588
??_7BaikonurLaunchPowerModuleData@@6B@,0x010A7EF0
??_7BannerAptCallbackWrapper@@6B@,0x010F6F90
??_7BannerCarrierUpdate@@6BBfmeBannerCarrierInterface@@@,0x010BBAB0
??_7BannerCarrierUpdate@@6BBfmeBannerInterface@@@,0x010BBAC0
??_7BannerCarrierUpdate@@6BObjectModule@@@,0x010BBB84
??_7BannerCarrierUpdateModuleData@@6B@,0x010BBBB8
??_7BannerCarrierUpdateModuleDataBase@@6B@,0x01073744
??_7BannerUI@@6B@,0x0110B828
??_7Base64Pipe@@6B@,0x011453E4
??_7Base64Straw@@6B@,0x011453F8
??_7BaseHeightMapRenderObjClass@@6BDX8_CleanupHook@@@,0x0111D8A4
??_7BaseHeightMapRenderObjClass@@6BRenderObjBaseA@@@,0x0111D8B8
??_7BaseHeightMapRenderObjClass@@6BRenderObjBaseB@@@,0x0111D8B0
??_7BaseHeightMapRenderObjClass@@6BSnapshot@@@,0x0111D890
??_7BaseRegenerateUpdateModuleData@@6B@,0x010BD400
??_7BaseUpgrade@@6BBehaviorModule@@@,0x010CC0EC
??_7BaseUpgrade@@6BBehaviorModuleInterface@@@,0x010CC028
??_7BaseUpgrade@@6BModuleInterface@@@,0x010CBFC4
??_7BaseUpgrade@@6BUpgradeMux@@@,0x010CBFD8
??_7BaseUpgradeModuleData@@6B@,0x010CC120
??_7BaseUpgradeModuleDataPrimaryBase@@6B@,0x01073744
??_7BaseY005E4C10@@6B@,0x01111D24
??_7BaseY005E4C10@@6BCategoryInfoY005E4C10@@@,0x01111D38
??_7BaseY005E4C10@@6BCategoryPrimaryY005E4C10@@@,0x01112AAC
??_7BaseY005E6030@@6BBaseY005E6030Interface@@@,0x011127C8
??_7BaseY005E6030@@6BBaseY005E6030Primary@@@,0x01112958
??_7BaseY005E6030@@6BBaseY005E6030Value@@@,0x011127B4
??_7BaseY005E6030Interface@@6B@,0x0110F9E4
??_7BaseY005E6030Value@@6B@,0x01112968
??_7BaseY005E6160@@6BBaseY005E6160Interface@@@,0x011127F8
??_7BaseY005E6160@@6BBaseY005E6160Primary@@@,0x011129F0
??_7BaseY005E6160@@6BBaseY005E6160Value@@@,0x011127E4
??_7BaseY005E6160Interface@@6B@,0x0110FA14
??_7BaseY005E6160Value@@6B@,0x01112A00
??_7BaseY005E6290@@6B@,0x011127FC
??_7BaseY005E6290@@6BCategoryInfoY005E6290@@@,0x01112810
??_7BaseY005E6290@@6BCategoryPrimaryY005E6290@@@,0x01112A3C
??_7BaseY005E7360@@6BBaseY005E7360Pairs@@@,0x01112784
??_7BaseY005E7360@@6BBaseY005E7360Primary@@@,0x011128C0
??_7BaseY005E7360@@6BBaseY005E7360Secondary@@@,0x01112798
??_7BaseY005E7360Pairs@@6B@,0x011128D0
??_7BaseY005E7360Secondary@@6B@,0x0110F978
??_7BaseY005E7620@@6B@,0x011127CC
??_7BaseY005E7620@@6BBaseY005FFBB0Primary@@@,0x011129A4
??_7BaseY005E7620@@6BBaseY005FFBB0Secondary@@@,0x011127E0
??_7BaseY005FFBB0Secondary@@6B@,0x0110F9E8
??_7BaseY005FFBB0Values@@6B@,0x011129B4
??_7BattlePlanUpdate@@6BBattlePlanUpdateSecondaryBase@@@,0x010BBE90
??_7BattlePlanUpdate@@6BBehaviorModuleInterface@@@,0x010BBEC8
??_7BattlePlanUpdate@@6BObjectModule@@@,0x010BBF8C
??_7BattlePlanUpdate@@6BUpdateModule@@@,0x010BBEBC
??_7BattlePlanUpdateModuleData@@6B@,0x010A5C78
??_7BattlePlanUpdateModuleDataBase@@6B@,0x01073744
??_7BeaconClientUpdate@@6B@,0x01115248
??_7BeaconClientUpdateModuleData@@6B@,0x01115280
??_7BehaviorInterface@@6B@,0x0109C9D0
??_7BehaviorModule@@6BAIUpdateBehaviorInterface@@@,0x0109CA98
??_7BehaviorModule@@6BBFU_DeepBase@@@,0x0109CB5C
??_7BehaviorModule@@6BBehaviorModuleInterface@@@,0x0109CA98
??_7BehaviorModule@@6BGen_dtor_0110A4F4@@@,0x0109CB5C
??_7BehaviorModule@@6BModule@@@,0x0109CB5C
??_7BehaviorModule@@6BObjectModule@@@,0x0109CB5C
??_7BehaviorModule@@6BPB_DeepBase@@@,0x0109CB5C
??_7BehaviorModule@@6BPB_Iface1@@@,0x0109CA98
??_7BehaviorModule@@6BRva0020F8E0_DeepBase@@@,0x0109CB5C
??_7BehaviorModule@@6BRva0020F8E0_Iface1@@@,0x0109CA98
??_7BehaviorModuleData@@6B@,0x01073744
??_7BehaviorModuleInterface@@6B@,0x0109C9D0
??_7BezierProjectileBehavior@@6B?$BezierProjectileBehaviorSecondaryBase@$00@@@,0x010A2450
??_7BezierProjectileBehavior@@6B?$BezierProjectileBehaviorSecondaryBase@$01@@@,0x010A2434
??_7BezierProjectileBehavior@@6BBehaviorModuleInterface@@@,0x010A2478
??_7BezierProjectileBehavior@@6BObjectModule@@@,0x010A253C
??_7BezierProjectileBehavior@@6BUpdateModule@@@,0x010A246C
??_7BezierProjectileBehaviorModuleData@@6B@,0x010A23E0
??_7Bfme5ColorRecord@@6B@,0x010EC784
??_7Bfme5CtorA0@@6B@,0x010E7660
??_7Bfme5MaterialPass@@6B@,0x01128880
??_7Bfme5TripleSubsystem@@6B@,0x0112CCC0
??_7BfmeA1134@@6B@,0x010F0AE0
??_7BfmeA1137Term@@6B@,0x01120FD4
??_7BfmeAptGameWindow@@6B@,0x01106F08
??_7BfmeAptScreenBase@@6B@,0x010F7778
??_7AptCampaignReview@@6BBfmeAptFunctorMarker@@@,0x01104C70
??_7AptCampaignReview@@6B_bfme_AptGameWindow@@@,0x01104C74
??_7BfmeAptScreenDisconnectScreen@@6B@,0x01104DE8
??_7AptInGameChat@@6BBfmeAptScreenBase@@@,0x01105384
??_7AptInGameChat@@6BS4Owner@@@,0x01105380
??_7BfmeAptScreenLanLobby@@6B@,0x01105A28
??_7BfmeAptScreenLanLobby@@6BBfmeAptScreenBase@@@,0x01105A78
??_7BfmeAptScreenLanLobby@@6BS4Owner@@@,0x01105A74
??_7BfmeAptScreenMainMenu@@6BRva00465200GameWindow@@@,0x011061C0
??_7BfmeAptScreenMainMenu@@6B_bfme_AptGameWindow@@@,0x011061C4
??_7BfmeAptScreenOnlineChat@@6B@,0x01106F58
??_7BfmeAptScreenOnlineCustomMatch@@6BBfmeAptGameWindow@@@,0x01107484
??_7BfmeAptScreenOnlineCustomMatch@@6BBfmeAptScreenSecondary@@@,0x01107438
??_7BfmeAptScreenOnlineHome@@6B@,0x01107B70
??_7BfmeAptScreenOnlineLogin@@6B@,0x01107F58
??_7BfmeAptScreenOnlineQuickMatch@@6B@,0x01108BCC
??_7BfmeAptScreenOnlineShell@@6BBfmeAptScreenBase@@@,0x01108F48
??_7BfmeAptScreenOnlineShell@@6BS4Owner@@@,0x01108F44
??_7BfmeAptScreenOptions@@6BBfmeAptScreenBase@@@,0x0110912C
??_7BfmeAptScreenOptions@@6BS4Owner@@@,0x01109128
??_7BfmeAptScreenQuickMatchMenu@@6B@,0x0110401C
??_7BfmeAptScreenQuitMenu@@6BBfmeAptScreenQuitMenuSecondary@@@,0x0110A384
??_7BfmeAptScreenQuitMenu@@6B_bfme_AptGameWindow@@@,0x0110A388
??_7BfmeAptScreenSaveLoad@@6BBfmeAptScreenSaveLoadSecondary@@@,0x0110A680
??_7BfmeAptScreenSaveLoad@@6B_bfme_AptGameWindow@@@,0x0110A684
??_7BfmeAptScreenScoreScreen@@6BBfmeAptScreenScoreSecondary@@@,0x0110AAB4
??_7BfmeAptScreenScoreScreen@@6BRva00465200GameWindow@@@,0x0110AAB4
??_7BfmeAptScreenScoreScreen@@6BRva00578160Primary@@@,0x0110AAB8
??_7BfmeAptScreenScoreScreen@@6B_bfme_AptGameWindow@@@,0x0110AAB8
??_7BfmeAptScreenSecondary@@6B@,0x01105690
??_7BfmeAptScreenSkirmish@@6B@,0x0110AFE0
??_7BfmeAptScreenSkirmish@@6BRva00465200GameWindow@@@,0x0110B02C
??_7BfmeAptScreenSkirmish@@6BRva0057DA50Primary@@@,0x0110B030
??_7BfmeAptScreenSpellStore@@6BBfmeAptFunctorMarker@@@,0x0110C3E8
??_7BfmeAptScreenSpellStore@@6B_bfme_AptGameWindow@@@,0x0110C3EC
??_7BfmeB1137@@6B@,0x0111E23C
??_7BfmeBannerCarrierInterface@@6B@,0x0109CBA0
??_7BfmeBannerInterface@@6B@,0x0109C9D0
??_7BfmeBase1286@@6B@,0x01136854
??_7BfmeBase@@6B@,0x01073744
??_7BfmeBaseASCa@@6B@,0x010817AC
??_7BfmeBaseCC@@6B@,0x0112162C
??_7BfmeBaseE@@6B@,0x01073744
??_7BfmeBaseKind14@@6B@,0x01135D68
??_7BfmeBaseKind17@@6B@,0x01135D68
??_7BfmeBaseKind19@@6B@,0x01135D68
??_7BfmeBaseKind1F@@6B@,0x01135D68
??_7BfmeBaseKind26@@6B@,0x01135D68
??_7BfmeBaseKind27@@6B@,0x01135D68
??_7BfmeBaseKind3@@6B@,0x01135D68
??_7BfmeBaseKindB@@6B@,0x01135D68
??_7BfmeBaseO@@6B@,0x01126A80
??_7BfmeBasePA@@6B@,0x0109C9D0
??_7BfmeBaseQ@@6B@,0x01073744
??_7BfmeBaseR_003643C0@@6B@,0x01073744
??_7BfmeBaseR_009D83D0@@6B@,0x01129258
??_7BfmeBaseS@@6B@,0x01083B5C
??_7BfmeBaseVN4@@6B@,0x01135D68
??_7BfmeBaseVNF@@6B@,0x01135D68
??_7BfmeBaseVNH@@6B@,0x010ED8D4
??_7BfmeBaseVNI@@6B@,0x010ED8D4
??_7BfmeBaseVUH@@6B@,0x0107FCB0
??_7BfmeBaseVUJ@@6B@,0x0107FCB0
??_7BfmeBaseVUQ@@6B@,0x01073744
??_7BfmeBaseVVD@@6B@,0x010F35D4
??_7BfmeBaseVVE@@6B@,0x011135AC
??_7BfmeBaseW@@6B@,0x01073744
??_7BfmeBaseY@@6B@,0x0107FCB0
??_7BfmeCtor001B3A20@@6BBfmeCtorFirstBase001B3A20@@@,0x0109CE08
??_7BfmeCtor001B3A20@@6BBfmeCtorVirtualBase001B3A20@@@,0x0109CDF0
??_7BfmeCtor001BDE10@@6BBfmeCtorFirstBase001BDE10@@@,0x0109E2B4
??_7BfmeCtor001BDE10@@6BBfmeCtorVirtualBase001BDE10@@@,0x0109E29C
??_7BfmeCtorVirtualBase001B3A20@@6B@,0x0109CDD8
??_7BfmeCtorVirtualBase001BDE10@@6B@,0x0109CDD8
??_7BfmeDBaseB@@6B@,0x010EAD58
??_7BfmeDamageModuleInterface@@6B@,0x010A7348
??_7BfmeDeepBaseZX@@6BBfmeIfaceAZX@@@,0x0109CA98
??_7BfmeDeepBaseZX@@6BBfmeMultiBaseZX@@@,0x0109CB5C
??_7BfmeDeletingChainOwner@@6B@,0x010E84D8
??_7BfmeDerived1283@@6B@,0x01136E0C
??_7BfmeDerivedKind3@@6B@,0x01136178
??_7BfmeDerivedKindB@@6B@,0x011361B8
??_7BfmeDerivedVN4@@6B@,0x01137100
??_7BfmeDerivedVNF@@6B@,0x01137140
??_7BfmeDirtyBase@@6B@,0x01129748
??_7BfmeDtorBase@@6B@,0x011135AC
??_7BfmeDtorBaseY@@6B@,0x01073744
??_7BfmeDualVtableReleaseBase@@6B@,0x010E7520
??_7BfmeDualVtableReleaseDtor@@6B@,0x010E7530
??_7BfmeE1124@@6B@,0x0112FB8C
??_7BfmeEntVTA@@6B@,0x010EC77C
??_7BfmeEntVTB@@6B@,0x010EC784
??_7BfmeF1124@@6B@,0x0112FBB8
??_7BfmeGameSpyConfigDestructor@@6B@,0x01118050
??_7BfmeGuardWB@@6B@,0x010F7544
??_7BfmeHostZB@@6B@,0x010F6898
??_7BfmeLinkedSingleton@@6B@,0x010F9AD8
??_7BfmeLivingWorldCampaignBase@@6B@,0x01073744
??_7BfmeMiddleZX@@6B@,0x0109CBAC
??_7BfmeMsgDN@@6B@,0x010F5738
??_7BfmeNamedBG@@6B@,0x01115C60
??_7BfmeNestedBE@@6B@,0x01135DB0
??_7BfmeNetGameMessageArgument@@6B@,0x0107D530
??_7BfmeObjEE@@6B@,0x010F0DC0
??_7BfmeObjEQT@@6B@,0x010956B0
??_7BfmeOnlineProfileScreen@@6B@,0x011085E8
??_7BfmeOwnCC@@6B@,0x01086090
??_7BfmeOwnCD@@6B@,0x010E7688
??_7BfmeOwnCE@@6BSnapshot@@@,0x01089630
??_7BfmeOwnCE@@6BSubsystemInterface@@@,0x01089644
??_7BfmeOwnVSV@@6B@,0x010EC778
??_7BfmeOwnVSW@@6B@,0x01075D50
??_7BfmeOwnVTU@@6B@,0x01143B3C
??_7BfmeOwnVTY@@6B@,0x010E7688
??_7BfmeOwnVUD@@6B@,0x010EC778
??_7BfmeOwnVUE@@6B@,0x010EC780
??_7BfmeOwnVUH@@6B@,0x0109DE9C
??_7BfmeOwnVUM@@6B@,0x010E8F34
??_7BfmeOwnVUO@@6B@,0x010EC774
??_7BfmeOwnVUP@@6B@,0x010957C4
??_7BfmeOwnVUQ@@6B@,0x010E858C
??_7BfmeOwnVVB@@6B@,0x0109BFAC
??_7BfmeOwnVVD@@6B@,0x0110DE48
??_7BfmeOwnVVE@@6B@,0x0113C308
??_7BfmeOwnerCC@@6B@,0x0112165C
??_7BfmeOwnerZX@@6BBfmeIfaceAZX@@@,0x010BCB48
??_7BfmeOwnerZX@@6BBfmeIfaceCZX@@@,0x010BCAF0
??_7BfmeOwnerZX@@6BBfmeMiddleZX@@@,0x010BCB3C
??_7BfmeOwnerZX@@6BBfmeMultiBaseZX@@@,0x010BCC0C
??_7BfmeOwnerZY@@6BBfmeIfaceAZY@@@,0x010B3550
??_7BfmeOwnerZY@@6BBfmeIfaceBZY@@@,0x010B3540
??_7BfmeOwnerZY@@6BBfmeMultiBaseZY@@@,0x010B3614
??_7BfmeParserBindingBaseVE@@6B@,0x0107C7D0
??_7BfmeParserBindingVE@@6B@,0x0109BFD4
??_7BfmeQuickMatchScreen@@6B@,0x0110405C
??_7BfmeQuickMatchScreenBase@@6B@,0x010F7514
??_7BfmeRB_005F2D20@@6B@,0x01110CF8
??_7BfmeRB_005F6530@@6B@,0x01110CB8
??_7BfmeRectVNH@@6B@,0x010ED9C0
??_7BfmeRectVNI@@6B@,0x010EDA08
??_7BfmeSX@@6B@,0x010817AC
??_7BfmeSceneBase@@6B@,0x011135AC
??_7BfmeShadowBufferOwnerBase@@6B@,0x011283DC
??_7BfmeShroudMaterialPassClass@@6B@,0x011209C4
??_7BfmeSnapshotBase@@6B@,0x01073744
??_7BfmeStreakObject@@6BMultiListObjectClass@@@,0x0113D5DC
??_7BfmeStreakObject@@6BRefCountClass@@@,0x0113D5E0
??_7BfmeThingAVB@@6BBfmeThingAVBSecondary@@@,0x010ECB64
??_7BfmeThingAVB@@6BS4Base009A1A40@@@,0x010ECB78
??_7BfmeThingAVBSecondary@@6B@,0x01073744
??_7BfmeThingBHG@@6BGameWindow@@@,0x011061C4
??_7BfmeThingBHG@@6BGen_dtor_004654c0Base@@@,0x011061C0
??_7BfmeThingEFE@@6B@,0x0109C9BC
??_7BfmeThingJC@@6B@,0x010F5DD8
??_7BfmeThingSI@@6B@,0x0111CE80
??_7BfmeThingSJ@@6B@,0x0113A588
??_7BfmeThingTWA@@6BDemanglerPrimary@@@,0x0112B8A4
??_7BfmeThingTWA@@6BRva00803080@@@,0x0112B8A0
??_7BfmeThingTXA@@6B@,0x0113DEE4
??_7BfmeVolumetricShadowBufferOwner@@6B@,0x01128738
??_7BfmeWorkerInterfaceTail0@@6B@,0x010C68A8
??_7BfmeWorkerInterfaceTail1@@6B@,0x010C8E30
??_7BfmeWorkerInterfaceTail2@@6B@,0x010C9D80
??_7BigMiHead@@6B@,0x01111D90
??_7BigMiNarrowA@@6B@,0x01073760
??_7BigMiNarrowB@@6B@,0x0110F978
??_7BigMiNarrowC@@6B@,0x0110F9E4
??_7BigMiNarrowD@@6B@,0x0110F9E8
??_7BigMiNarrowE@@6B@,0x0110FA14
??_7BigMiTail@@6B@,0x01073744
??_7BigMiWide@@6B@,0x0107375C
??_7BigOwnedPtrBase@@6B@,0x01075BC0
??_7Bitmap2DObjClass@@6BMultiListObjectClass@@@,0x0113D5DC
??_7Bitmap2DObjClass@@6BRefCountClass@@@,0x0113D5E0
??_7BloodthirstyUpdate@@6B@,0x010BC684
??_7BloodthirstyUpdate@@6BPB_DeepBase@@@,0x010BC86C
??_7BloodthirstyUpdate@@6BPB_Iface1@@@,0x010BC7A8
??_7BloodthirstyUpdate@@6BPB_Iface2@@@,0x010BC798
??_7BloodthirstyUpdateIface@@6B@,0x010BC650
??_7BloodthirstyUpdateModuleData@@6B@,0x010BC6B8
??_7BodyModule@@6B@,0x010A7418
??_7BodyParticleSystem@@6B@,0x010A74E8
??_7BoneFXDamage@@6B@,0x010B1EDC
??_7BoneFXDamage@@6BBehaviorModuleInterface@@@,0x010B1EF0
??_7BoneFXDamage@@6BObjectModule@@@,0x010B1FB4
??_7BoneFXDamageModuleData@@6B@,0x0108AE38
??_7BoneFXUpdate@@6B@,0x010BC994
??_7BoneFXUpdate@@6BBFU_DeepBase@@@,0x010BCA64
??_7BoneFXUpdate@@6BBFU_Iface1@@@,0x010BC9A0
??_7BoneFXUpdateModuleDataBase@@6B@,0x01073744
??_7BoxEmissionVolumeInfo@FXParticleSystem@@6B@,0x011109CC
??_7BoxEmissionVolumeModule@FXParticleSystem@@6B@,0x011118D0
??_7BoxEmissionVolumeModule@FXParticleSystem@@6BParticleModuleCategorySlice@1@@,0x011118E8
??_7BoxEmissionVolumeModule@FXParticleSystem@@6BParticleModuleSnapshotSlice@1@@,0x011118E4
??_7BoxEmissionVolumeModule@FXParticleSystem@@6BT1A1_005DD290@@@,0x011118EC
??_7BoxEmissionVolumeModuleTemplate@FXParticleSystem@@6B?$CategoryModuleInfo@$04@1@@,0x011109F4
??_7BoxEmissionVolumeModuleTemplate@FXParticleSystem@@6B@,0x011109E0
??_7BoxEmissionVolumeModuleTemplate@FXParticleSystem@@6BModuleTemplate@1@@,0x011109F8
??_7BoxRenderObjClass@@6BMultiListObjectClass@@@,0x0113D7E8
??_7BoxRenderObjClass@@6BRefCountClass@@@,0x0113D7F0
??_7Bridge@@6B@,0x0109C354
??_7BridgeBehavior@@6BBehaviorModuleInterface@@@,0x010A26A0
??_7BridgeBehavior@@6BBridgeBehaviorInterface@@@,0x010A2674
??_7BridgeBehavior@@6BDamageModuleInterface@@@,0x010A2664
??_7BridgeBehavior@@6BDieModuleInterface@@@,0x010A2660
??_7BridgeBehavior@@6BObjectModule@@@,0x010A2764
??_7BridgeBehavior@@6BUpdateModule@@@,0x010A2690
??_7BridgeBehaviorModuleData@@6B@,0x010A27A8
??_7BridgeTowerBehavior@@6BBridgeTowerBehaviorBase@@@,0x010A2B54
??_7BridgeTowerBehavior@@6BBridgeTowerBehaviorIface1@@@,0x010A2A90
??_7BridgeTowerBehavior@@6BBridgeTowerBehaviorIface2@@@,0x010A2A7C
??_7BridgeTowerBehavior@@6BBridgeTowerBehaviorIface3@@@,0x010A2A78
??_7BridgeTowerBehavior@@6BBridgeTowerBehaviorIface4@@@,0x010A2A68
??_7BridgeTowerBehaviorIface1@@6B@,0x0109C9D0
??_7BridgeTowerBehaviorIface2@@6B@,0x010A2A58
??_7BridgeTowerBehaviorIface3@@6B@,0x010A257C
??_7BridgeTowerBehaviorIface4@@6B@,0x010A1BFC
??_7BridgeTowerBehaviorModuleData@@6B@,0x0108ADE0
??_7BroadcastStealthUpdate@@6BBehaviorModuleInterface@@@,0x010BCB48
??_7BroadcastStealthUpdate@@6BObjectModule@@@,0x010BCC0C
??_7BroadcastStealthUpdate@@6BSpyVisionUpgradeMux@@@,0x010BCAF0
??_7BroadcastStealthUpdate@@6BUpdateModule@@@,0x010BCB3C
??_7BroadcastStealthUpdateModuleData@@6B@,0x0108F128
??_7BroadcastStealthUpdateModuleDataBase@@6B@,0x01073744
??_7Bucket@@6B@,0x0107F980
??_7BuddyThreadClass@@6B@,0x01118E60
??_7BuffEntry@@6B@,0x010F05D8
??_7BuffEntryTail@@6B@,0x010F0540
??_7BuffManager@@6B@,0x010F05FC
??_7BuffNuggetFXNugget@@6B@,0x010F356C
??_7BufferPipe@@6B@,0x01145410
??_7BufferStraw@@6B@,0x0113C098
??_7BufferedFileClass@@6B@,0x011455A0
??_7BuildListInfo@@6B@,0x0109C004
??_7BuildingBehavior@@6BBB_DeepBase@@@,0x010A2C54
??_7BuildingBehavior@@6BBB_Iface1@@@,0x010A2B90
??_7BuildingBehavior@@6BBB_Iface2@@@,0x010A2B84
??_7BuildingBehaviorModuleData@@6B@,0x010A2C88
??_7BumpEnvTextureMapperClass@@6B@,0x0113E5CC
??_7BunkerBusterBehavior@@6B@,0x010A7034
??_7BunkerBusterBehavior@@6BPB_DeepBase@@@,0x010A71F4
??_7BunkerBusterBehavior@@6BPB_Iface1@@@,0x010A7130
??_7BunkerBusterBehavior@@6BPB_Iface2@@@,0x010A7124
??_7BunkerBusterBehaviorIface@@6B@,0x010A1BFC
??_7ButterflyDrawModuleInfo@FXParticleSystem@@6B@,0x01110CF8
??_7ButterflyDrawModuleTemplate@FXParticleSystem@@6B?$CategoryModuleInfo@$05@1@@,0x01110D0C
??_7ButterflyDrawModuleTemplate@FXParticleSystem@@6B@,0x01110D24
??_7ButterflyDrawModuleTemplate@FXParticleSystem@@6BModuleTemplate@1@@,0x01110D10
??_7CAllocateHierarchyWrapper@@6B@,0x011518A0
??_7CBaseProgram@D3DXShader@@6B@,0x01151880
??_7CBuffer@D3DXCore@@6B@,0x0114D830
??_7CBufferA16@D3DXCore@@6B@,0x0114D84C
??_7CCodec@D3DXTex@@6B@,0x01149DD0
??_7CCodecDXT@D3DXTex@@6B@,0x01149E14
??_7CCodecYUV@D3DXTex@@6B@,0x0114A0F8
??_7CCodec_A16B16G16R16@D3DXTex@@6B@,0x01149F58
??_7CCodec_A16B16G16R16F@D3DXTex@@6B@,0x0114A090
??_7CCodec_A1R5G5B5@D3DXTex@@6B@,0x01149EA8
??_7CCodec_A2B10G10R10@D3DXTex@@6B@,0x01149F08
??_7CCodec_A2R10G10B10@D3DXTex@@6B@,0x01149F48
??_7CCodec_A2W10V10U10@D3DXTex@@6B@,0x0114A018
??_7CCodec_A32B32G32R32F@D3DXTex@@6B@,0x0114A0C0
??_7CCodec_A4L4@D3DXTex@@6B@,0x01149FA8
??_7CCodec_A4R4G4B4@D3DXTex@@6B@,0x01149EB8
??_7CCodec_A8@D3DXTex@@6B@,0x01149ED8
??_7CCodec_A8B8G8R8@D3DXTex@@6B@,0x01149F18
??_7CCodec_A8L8@D3DXTex@@6B@,0x01149F98
??_7CCodec_A8P8@D3DXTex@@6B@,0x01149F68
??_7CCodec_A8R3G3B2@D3DXTex@@6B@,0x01149EE8
??_7CCodec_A8R8G8B8@D3DXTex@@6B@,0x01149E68
??_7CCodec_CxV8U8@D3DXTex@@6B@,0x0114A038
??_7CCodec_D16_LOCKABLE@D3DXTex@@6B@,0x0114A048
??_7CCodec_D32F_LOCKABLE@D3DXTex@@6B@,0x0114A060
??_7CCodec_D3DX_A16L16@D3DXTex@@6B@,0x0114A0D8
??_7CCodec_D3DX_R16G16B16@D3DXTex@@6B@,0x0114A0E8
??_7CCodec_DXT1@D3DXTex@@6B@,0x0114A148
??_7CCodec_DXT2@D3DXTex@@6B@,0x0114A158
??_7CCodec_DXT3@D3DXTex@@6B@,0x0114A168
??_7CCodec_DXT4@D3DXTex@@6B@,0x0114A178
??_7CCodec_DXT5@D3DXTex@@6B@,0x0114A188
??_7CCodec_G16R16@D3DXTex@@6B@,0x01149F38
??_7CCodec_G16R16F@D3DXTex@@6B@,0x0114A080
??_7CCodec_G32R32F@D3DXTex@@6B@,0x0114A0B0
??_7CCodec_G8R8_G8B8@D3DXTex@@6B@,0x0114A118
??_7CCodec_L16@D3DXTex@@6B@,0x01149FB8
??_7CCodec_L6V5U5@D3DXTex@@6B@,0x01149FD8
??_7CCodec_L8@D3DXTex@@6B@,0x01149F88
??_7CCodec_P8@D3DXTex@@6B@,0x01149F78
??_7CCodec_Q16W16V16U16@D3DXTex@@6B@,0x0114A028
??_7CCodec_Q8W8V8U8@D3DXTex@@6B@,0x01149FF8
??_7CCodec_R16F@D3DXTex@@6B@,0x0114A070
??_7CCodec_R32F@D3DXTex@@6B@,0x0114A0A0
??_7CCodec_R3G3B2@D3DXTex@@6B@,0x01149EC8
??_7CCodec_R5G6B5@D3DXTex@@6B@,0x01149E88
??_7CCodec_R8G8B8@D3DXTex@@6B@,0x01149E58
??_7CCodec_R8G8_B8G8@D3DXTex@@6B@,0x0114A138
??_7CCodec_UYVY@D3DXTex@@6B@,0x0114A108
??_7CCodec_V16U16@D3DXTex@@6B@,0x0114A008
??_7CCodec_V8U8@D3DXTex@@6B@,0x01149FC8
??_7CCodec_X1R5G5B5@D3DXTex@@6B@,0x01149E98
??_7CCodec_X4R4G4B4@D3DXTex@@6B@,0x01149EF8
??_7CCodec_X8B8G8R8@D3DXTex@@6B@,0x01149F28
??_7CCodec_X8L8V8U8@D3DXTex@@6B@,0x01149FE8
??_7CCodec_X8R8G8B8@D3DXTex@@6B@,0x01149E78
??_7CCodec_YUY2@D3DXTex@@6B@,0x0114A128
??_7CConstantTable@D3DXShader@@6B@,0x0114D7C8
??_7CD3DXSkinInfo@@6B@,0x01149088
??_7CDDrive@@6B@,0x01086258
??_7CDManager@@6B@,0x01086210
??_7CDManagerInterface@@6B@,0x010861C8
??_7CDownload@@6B@,0x01117B30
??_7CFXLProgram@D3DXShader@@6B@,0x01158A78
??_7CNode@D3DXShader@@6B@,0x011515D0
??_7CNodeArray@D3DXShader@@6B@,0x01151630
??_7CNodeAsmInstruction@D3DXShader@@6B@,0x01151868
??_7CNodeAsmRegister@D3DXShader@@6B@,0x01151874
??_7CNodeBuffer@D3DXShader@@6B@,0x01151690
??_7CNodeDecl@D3DXShader@@6B@,0x01151618
??_7CNodeExpression@D3DXShader@@6B@,0x0115166C
??_7CNodeFunction@D3DXShader@@6B@,0x01151648
??_7CNodeList@D3DXShader@@6B@,0x011515DC
??_7CNodeProgram@D3DXShader@@6B@,0x01151600
??_7CNodeRegister@D3DXShader@@6B@,0x0115169C
??_7CNodeScope@D3DXShader@@6B@,0x0115160C
??_7CNodeState@D3DXShader@@6B@,0x01151684
??_7CNodeStatement@D3DXShader@@6B@,0x01151660
??_7CNodeToken@D3DXShader@@6B@,0x011515F4
??_7CNodeTree@D3DXShader@@6B@,0x011515E8
??_7CNodeType@D3DXShader@@6B@,0x0115163C
??_7CNodeUsage@D3DXShader@@6B@,0x01151624
??_7CNodeValue@D3DXShader@@6B@,0x01151678
??_7CNodeVariable@D3DXShader@@6B@,0x01151654
??_7CPMSharedData@@6B@,0x01148F84
??_7CPSLegacyProgram@D3DXShader@@6B@,0x01157480
??_7CPSProgram@D3DXShader@@6B@,0x01158598
??_7CP_Iface1@@6B@,0x0109C9D0
??_7CP_Iface2@@6B@,0x0109CBA0
??_7CProgram@D3DXShader@@6B@,0x01151884
??_7CShaderProgram@D3DXShader@@6B@,0x0115B678
??_7CStringBuffer@D3DXCore@@6B@,0x0114D868
??_7CTReorderInstructions@D3DXShader@@6B@,0x011518A8
??_7CTransform@D3DXShader@@6B@,0x011518A0
??_7CVSProgram@D3DXShader@@6B@,0x01158808
??_7CacheStraw@@6B@,0x01145404
??_7CachedFileInputStream@@6B@,0x01086304
??_7CameraClass@@6BMultiListObjectClass@@@,0x0113C664
??_7CameraClass@@6BRefCountClass@@@,0x0113C668
??_7CameraShakerClass@CameraShakeSystemClass@@6B@,0x0111DC50
??_7CameraShakerVolumeFXNugget@@6B@,0x010F3450
??_7Campaign@@6B@,0x0110F65C
??_7CampaignManager@@6B@,0x0110F660
??_7CashHackSpecialPower@@6B@,0x010B3888
??_7CashHackSpecialPower@@6BBehaviorModuleInterface@@@,0x010B3900
??_7CashHackSpecialPower@@6BObjectModule@@@,0x010B39C4
??_7CastleBehavior@@6BBehaviorModuleInterface@@@,0x010E9B38
??_7CastleBehavior@@6BFoundationAIUpdateIface3@@@,0x010E9B00
??_7CastleBehavior@@6BObjectModule@@@,0x010E9BFC
??_7CastleBehavior@@6BUpdateModule@@@,0x010E9B28
??_7CastleMemberBehavior@@6BBehaviorModule@@@,0x010E9594
??_7CastleMemberBehavior@@6BBehaviorModuleInterface@@@,0x010E94D0
??_7CastleMemberBehavior@@6BModuleInterface@@@,0x010E94BC
??_7CastleMemberBehavior@@6BObjectModule@@@,0x010E9594
??_7CastleMemberBehavior@@6BUpdateModuleInterface@@@,0x010E94D0
??_7CastleMemberBehaviorModuleData@@6B@,0x010E97C8
??_7CastleUpgrade@@6BBehaviorModule@@@,0x010CC2C4
??_7CastleUpgrade@@6BBehaviorModuleInterface@@@,0x010CC200
??_7CastleUpgrade@@6BModuleInterface@@@,0x010CC19C
??_7CastleUpgrade@@6BUpgradeMux@@@,0x010CC1B0
??_7CastleUpgradeModuleData@@6B@,0x0108F5F8
??_7CategoryModuleTemplate8Sub@FXParticleSystem@@6B@,0x0107375C
??_7CaveContain@@6BCaveContainBase@@@,0x010AB000
??_7CaveContain@@6BCaveContainIface1@@@,0x010AAF38
??_7CaveContain@@6BCaveContainIface2@@@,0x010AAF28
??_7CaveContain@@6BCaveContainIface3@@@,0x010AAD80
??_7CaveContain@@6BCaveContainIface4@@@,0x010AAD64
??_7CaveContain@@6BCaveContainIface5@@@,0x010AAD60
??_7CaveContain@@6BCaveContainIface6@@@,0x010AAD50
??_7CaveContain@@6BCaveContainIface7@@@,0x010AAD14
??_7CaveContain@@6BCaveContainIface8@@@,0x010AAD04
??_7CaveContain@@6BCaveContainIface9@@@,0x010AACF8
??_7CaveContainIface9@@6B@,0x010AACEC
??_7CaveContainModuleData@@6B@,0x0108F288
??_7Cftp@@6B@,0x01132ECC
??_7CheckpointUpdate@@6B@,0x010A7034
??_7CheckpointUpdate@@6BCP_Iface1@@@,0x010A7130
??_7CheckpointUpdate@@6BCP_Iface2@@@,0x010A7124
??_7CheckpointUpdate@@6BPB_DeepBase@@@,0x010A71F4
??_7CheckpointUpdateInterface@@6B@,0x010A1BFC
??_7CivilianSpawnCollide@@6BCivilianSpawnCollideBase@@@,0x010AA21C
??_7CivilianSpawnCollide@@6BCivilianSpawnCollideIface1@@@,0x010AA158
??_7CivilianSpawnCollide@@6BCivilianSpawnCollideIface2@@@,0x010AA13C
??_7CivilianSpawnCollideIface1@@6B@,0x0109C9D0
??_7CivilianSpawnCollideIface2@@6B@,0x010A1DE4
??_7CivilianSpawnCollideModuleData@@6B@,0x010AA0A8
??_7CivilianSpawnUpdate@@6BPB_DeepBase@@@,0x010BCE14
??_7CivilianSpawnUpdate@@6BPB_Iface1@@@,0x010BCD50
??_7CivilianSpawnUpdate@@6BPB_Iface2@@@,0x010BCD40
??_7CivilianSpawnUpdateModuleData@@6B@,0x010BCE48
??_7CivilianSpawnUpdateModuleDataBase@@6B@,0x01073744
??_7ClassicEnvironmentMapperClass@@6B@,0x0113BF90
??_7CleanupHazardUpdateBehaviorInterface@@6B@,0x0109C9D0
??_7CleanupHazardUpdateUpdateInterface@@6B@,0x0109CBA0
??_7ClearanceTestingSlowDeathBehavior@@6B@,0x010A2FE0
??_7ClearanceTestingSlowDeathBehavior@@6BBehaviorModule@@@,0x010A30DC
??_7ClearanceTestingSlowDeathBehavior@@6BClearanceTestingSlowDeathBehaviorIface1@@@,0x010A3018
??_7ClearanceTestingSlowDeathBehavior@@6BClearanceTestingSlowDeathBehaviorIface2@@@,0x010A3008
??_7ClearanceTestingSlowDeathBehavior@@6BClearanceTestingSlowDeathBehaviorIface3@@@,0x010A3004
??_7ClearanceTestingSlowDeathBehavior@@6BClearanceTestingSlowDeathBehaviorIface4@@@,0x010A2FF0
??_7ClearanceTestingSlowDeathBehaviorIface5@@6B@,0x010A2FD0
??_7ClickReactionBehavior@@6B@,0x010A3190
??_7ClickReactionBehavior@@6BPB_DeepBase@@@,0x010A33CC
??_7ClickReactionBehavior@@6BPB_Iface1@@@,0x010A3308
??_7ClickReactionBehavior@@6BPB_Iface2@@@,0x010A32F8
??_7ClickReactionBehaviorIface@@6B@,0x010A3180
??_7ClickReactionBehaviorModuleData@@6B@,0x010A4A10
??_7ClientUpdateModule@@6B@,0x011151DC
??_7CloudBreakSpecialPower@@6BBehaviorModule@@@,0x010B3CA4
??_7CloudBreakSpecialPower@@6BModuleInterface@@@,0x010B3B68
??_7CloudBreakSpecialPower@@6BSpecialPowerModuleInterface@@@,0x010B3BE0
??_7CloudBreakSpecialPowerModuleData@@6B@,0x010B3CD8
??_7CollectionPrototypeClass@@6B@,0x01085DD0
??_7CollideModule@@6B@,0x010A9AF8
??_7CollideModuleInterface@@6B@,0x010A1DE4
??_7CollideModuleModuleData@@6B@,0x010BA680
??_7CollisionManager@@6BSnapshot@@@,0x01141670
??_7CollisionManager@@6BSubsystemInterface@@@,0x01141680
??_7CombineHordeSpecialPower@@6BBehaviorModule@@@,0x010B3E94
??_7CombineHordeSpecialPower@@6BModuleInterface@@@,0x010B3D58
??_7CombineHordeSpecialPower@@6BSpecialPowerModuleInterface@@@,0x010B3DD0
??_7CombineHordeSpecialPowerModuleData@@6B@,0x010B3EC8
??_7CommandButton@@6B@,0x010FB5DC
??_7CommandButtonHuntUpdate@@6BPB_DeepBase@@@,0x010BD004
??_7CommandButtonHuntUpdate@@6BPB_Iface1@@@,0x010BCF40
??_7CommandButtonHuntUpdate@@6BPB_Iface2@@@,0x010BCF30
??_7CommandButtonHuntUpdateModuleData@@6B@,0x010BCEA0
??_7CommandSet@@6B@,0x010FB7C0
??_7CommandSetUpgrade@@6BBehaviorModule@@@,0x010CC444
??_7CommandSetUpgrade@@6BBehaviorModuleInterface@@@,0x010CC380
??_7CommandSetUpgrade@@6BModuleInterface@@@,0x010CC31C
??_7CommandSetUpgrade@@6BUpgradeMux@@@,0x010CC330
??_7CommandSetUpgradeModuleData@@6B@,0x0108F338
??_7CommandSetUpgradeModuleDataPrimaryBase@@6B@,0x01073744
??_7CompositeRenderObjClass@@6BMultiListObjectClass@@@,0x0113F364
??_7CompositeRenderObjClass@@6BRefCountClass@@@,0x0113F368
??_7Condition@@6B@,0x010E84DC
??_7ContestableContain@@6B?$OpenContainSecondaryBase@$00@@@,0x010AB2F8
??_7ContestableContain@@6B?$OpenContainSecondaryBase@$01@@@,0x010AB140
??_7ContestableContain@@6B?$OpenContainSecondaryBase@$02@@@,0x010AB124
??_7ContestableContain@@6B?$OpenContainSecondaryBase@$03@@@,0x010AB120
??_7ContestableContain@@6B?$OpenContainSecondaryBase@$04@@@,0x010AB110
??_7ContestableContain@@6B?$OpenContainSecondaryBase@$05@@@,0x010AB0D4
??_7ContestableContain@@6B?$OpenContainSecondaryBase@$06@@@,0x010AB0C4
??_7ContestableContain@@6BOpenContainPrimaryBase@@@,0x010AB3C0
??_7ContestableContain@@6BOpenContainWideSecondaryBase@@@,0x010AB2E8
??_7ContinueState@@6B@,0x010979B8
??_7ConvertToCarBombCrateCollideModuleDataBase@@6B@,0x01073744
??_7ConvertToCarBombCrateCollideModuleDataVtbl@@6B@,0x0108E940
??_7CostModifierUpgrade@@6B@,0x010CC474
??_7CostModifierUpgrade@@6BBehaviorModuleInterface@@@,0x010CC4E8
??_7CostModifierUpgrade@@6BModuleInterface@@@,0x010CC484
??_7CostModifierUpgrade@@6BObjectModule@@@,0x010CC5AC
??_7CostModifierUpgrade@@6BUpgradeModuleInterface@@@,0x010CC498
??_7CostModifierUpgradeModuleData@@6B@,0x010CC698
??_7CostModifierUpgradeModuleDataPrimaryBase@@6B@,0x01073744
??_7CountUpTransition@@6B@,0x0110C688
??_7CrateCollide@@6BBehaviorModule@@@,0x010AA32C
??_7CrateCollide@@6BInlineCollideModuleInterface@@@,0x010AA268
??_7CrateCollide@@6BModuleInterface@@@,0x010AA24C
??_7CrateSystem@@6B@,0x010EA34C
??_7CrateTemplate@@6B@,0x010EA378
??_7CreateCrateDie@@6BBehaviorModuleInterface@@@,0x010B2908
??_7CreateCrateDie@@6BDieModuleInterface@@@,0x010B2900
??_7CreateCrateDie@@6BObjectModule@@@,0x010B29CC
??_7CreateCrateDieModuleData@@6B@,0x0108EF70
??_7CreateCrateDieModuleDataBase@@6B@,0x01073744
??_7CreateModule@@6B@,0x010B132C
??_7CreateModule@@6BBehaviorModuleInterface@@@,0x010B1340
??_7CreateModule@@6BObjectModule@@@,0x010B1404
??_7CreateModuleInterface@@6B@,0x010A372C
??_7CreateObjectDie@@6B@,0x010B2A60
??_7CreateObjectDie@@6BBehaviorModuleInterface@@@,0x010B2A68
??_7CreateObjectDie@@6BObjectModule@@@,0x010B2B2C
??_7CreateObjectDieModuleData@@6B@,0x010B2B60
??_7CreditsManager@@6B@,0x010F0D04
??_7CritterEmitterUpdate@@6B@,0x010BD038
??_7CritterEmitterUpdate@@6BCritterEmitterUpdateIface1@@@,0x010BD060
??_7CritterEmitterUpdate@@6BCritterEmitterUpdateIface2@@@,0x010BD054
??_7CritterEmitterUpdate@@6BCritterEmitterUpdateInterface@@@,0x010BD038
??_7CritterEmitterUpdate@@6BObjectModule@@@,0x010BD124
??_7CritterEmitterUpdateIface1@@6B@,0x0109C9D0
??_7CritterEmitterUpdateIface2@@6B@,0x0109CBA0
??_7CritterEmitterUpdateIface3@@6B@,0x010A1DE4
??_7CritterEmitterUpdateModuleData@@6B@,0x010A39F0
??_7CritterEmitterUpdateModuleDataRootBase@@6B@,0x01073744
??_7CrushDie@@6BBehaviorModuleInterface@@@,0x010B2BC0
??_7CrushDie@@6BDieModuleInterface@@@,0x010B2BB8
??_7CrushDie@@6BObjectModule@@@,0x010B2C84
??_7CrushDieModuleData@@6B@,0x0108B5D8
??_7CrushDieModuleDataBase@@6B@,0x01073744
??_7CullSystemClass@@6B@,0x01137818
??_7CullableClass@@6B@,0x01137830
??_7CursorParticleSystemFXNugget@@6B@,0x010F3538
??_7CustomMatchPreferences@@6B@,0x01081020
??_7CylinderEmissionVolumeInfo@FXParticleSystem@@6B@,0x01110A4C
??_7CylinderEmissionVolumeModule@FXParticleSystem@@6B@,0x01111950
??_7CylinderEmissionVolumeModule@FXParticleSystem@@6BParticleModuleCategorySlice@1@@,0x01111968
??_7CylinderEmissionVolumeModule@FXParticleSystem@@6BParticleModuleSnapshotSlice@1@@,0x01111964
??_7CylinderEmissionVolumeModule@FXParticleSystem@@6BT1A1_005DD290@@@,0x0111196C
??_7CylinderEmissionVolumeModuleTemplate@FXParticleSystem@@6B?$CategoryModuleInfo@$04@1@@,0x01110A74
??_7CylinderEmissionVolumeModuleTemplate@FXParticleSystem@@6B@,0x01110A60
??_7CylinderEmissionVolumeModuleTemplate@FXParticleSystem@@6BModuleTemplate@1@@,0x01110A78
??_7CylindricalEmissionVelocityInfo@FXParticleSystem@@6B@,0x01110B78
??_7CylindricalEmissionVelocityModule@FXParticleSystem@@6B?$CategoryModuleInfo@$03@1@@,0x01111A50
??_7CylindricalEmissionVelocityModule@FXParticleSystem@@6B@,0x01111A3C
??_7CylindricalEmissionVelocityModule@FXParticleSystem@@6BT1A1_005DD290@@@,0x01111A54
??_7CylindricalEmissionVelocityModuleTemplate@FXParticleSystem@@6B?$CategoryModuleInfo@$03@1@@,0x01110B8C
??_7CylindricalEmissionVelocityModuleTemplate@FXParticleSystem@@6B@,0x01110BA4
??_7CylindricalEmissionVelocityModuleTemplate@FXParticleSystem@@6BModuleTemplate@1@@,0x01110B90
??_7DPEU_Iface1@@6B@,0x0109C9D0
??_7DPEU_Iface2@@6B@,0x0109CBA0
??_7DRU_Iface1@@6B@,0x0109C9D0
??_7DRU_Iface2@@6B@,0x0109CBA0
??_7DU_Iface1@@6B@,0x0109C9D0
??_7DU_Iface2@@6B@,0x0109CBA0
??_7DWB_Iface1@@6B@,0x0109C9D0
??_7DWB_Iface2@@6B@,0x0109CBA0
??_7DWSU_Iface1@@6B@,0x0109C9D0
??_7DWSU_Iface2@@6B@,0x0109CBA0
??_7DWSU_Iface3@@6B@,0x010BD3E8
??_7DX8FVFCategoryContainer@@6B@,0x0113D024
??_7DX8IndexBufferClass@@6B@,0x0113BD18
??_7DX8PolygonRendererClass@@6B@,0x0113EAC0
??_7DX8RigidFVFCategoryContainer@@6B@,0x0113D040
??_7DX8TextureCategoryClass@@6B@,0x0113D020
??_7DX8VertexBufferClass@@6B@,0x0113BD74
??_7DamageFXStore@@6B@,0x010758F8
??_7DamageInfo@@6B@,0x01085DE4
??_7DamageInfoInput@@6B@,0x01085DE0
??_7DamageInfoOutput@@6B@,0x01085DBC
??_7DamageModule@@6B@,0x010B1DC4
??_7DamageModule@@6BBehaviorModuleInterface@@@,0x010A7548
??_7DamageModule@@6BBfmeDamageModuleInterface@@@,0x010A7418
??_7DamageModule@@6BObjectModule@@@,0x010A760C
??_7DamageModuleBase@@6BPB_DeepBase@@@,0x0109CB5C
??_7DamageModuleBase@@6BPB_Iface1@@@,0x0109CA98
??_7DamageModuleInterface@@6B@,0x010A1BFC
??_7DamageModuleModuleData@@6B@,0x010BA680
??_7DarknessSpecialPower@@6BBehaviorModule@@@,0x010B40BC
??_7DarknessSpecialPower@@6BModuleInterface@@@,0x010B3F80
??_7DarknessSpecialPower@@6BSpecialPowerModuleInterface@@@,0x010B3FF8
??_7DarknessSpecialPowerModuleData@@6B@,0x010B40F0
??_7DebrisDrawInterface@@6B@,0x01121EA4
??_7Debug@@6B@,0x01133058
??_7DebugCmdInterface@@6B@,0x01133034
??_7DebugCmdInterfaceDebug@@6B@,0x01133100
??_7DebugDisplay@@6B@,0x0110F8D4
??_7DebugDisplayInterface@@6B@,0x0110F898
??_7DebugIOCon@@6B@,0x01135C9C
??_7DebugIOFlat@@6B@,0x0113517C
??_7DebugIOInterface@@6B@,0x01135044
??_7DebugIONet@@6B@,0x0113507C
??_7DebugIOOds@@6B@,0x01135060
??_7DecalMeshClass@@6B@,0x010860C4
??_7DefaultModule2Base@@6BBfmeHolderCU@@@,0x01113190
??_7DefaultModule2Base@@6BDefaultModule2CategorySlice@FXParticleSystem@@@,0x01113188
??_7DefaultModule2Base@@6BDefaultModule2SecondarySlice@FXParticleSystem@@@,0x0111318C
??_7DefaultModule2CategorySlice@FXParticleSystem@@6B@,0x0110F9E8
??_7DefaultModule2SecondarySlice@FXParticleSystem@@6B@,0x0111089C
??_7DefaultProductionExitUpdate@@6B@,0x010CB508
??_7DefaultProductionExitUpdate@@6BDPEU_DeepBase@@@,0x010CB614
??_7DefaultProductionExitUpdate@@6BDPEU_Iface1@@@,0x010CB550
??_7DefaultProductionExitUpdate@@6BDPEU_Iface2@@@,0x010CB544
??_7DefaultProductionExitUpdate@@6BExitInterface@@@,0x010CB508
??_7DefaultProductionExitUpdateModuleData@@6B@,0x0108C990
??_7DefaultStaticSortListClass@@6B@,0x0113DE3C
??_7DefectorSpecialPower@@6BBehaviorModule@@@,0x010B42BC
??_7DefectorSpecialPower@@6BModuleInterface@@@,0x010B4180
??_7DefectorSpecialPower@@6BSpecialPowerModuleInterface@@@,0x010B41F8
??_7DefectorSpecialPowerModuleData@@6B@,0x010B42F0
??_7DeflectSpecialPower@@6B@,0x010B4358
??_7DeflectSpecialPower@@6BBehaviorModule@@@,0x010B44EC
??_7DeflectSpecialPower@@6BDeflectSpecialPowerIface1@@@,0x010B4428
??_7DeflectSpecialPower@@6BDeflectSpecialPowerIface2@@@,0x010B441C
??_7DeflectSpecialPower@@6BDeflectSpecialPowerIface3@@@,0x010B43F0
??_7DeflectSpecialPower@@6BDeflectSpecialPowerIface4@@@,0x010B4378
??_7DeflectSpecialPowerIface5@@6B@,0x010A1DE4
??_7DeflectSpecialPowerModuleData@@6B@,0x010B4520
??_7DelayedDeathBody@@6BBehaviorModule@@@,0x010A7E90
??_7DelayedDeathBody@@6BBodyModuleInterface@@@,0x010A7DC8
??_7DelayedDeathBody@@6BModuleInterface@@@,0x010A7CF8
??_7DelayedLuaEventList@@6B@,0x01085E10
??_7DelayedLuaEventUpdate@@6B@,0x010BD2E0
??_7DelayedLuaEventUpdate@@6BBehaviorModuleInterface@@@,0x010BD2F0
??_7DelayedLuaEventUpdate@@6BDelayedLuaEventUpdateBase@@@,0x010BD3B4
??_7DelayedLuaEventUpdate@@6BDelayedLuaEventUpdateInterface1@@@,0x010BD2F0
??_7DelayedLuaEventUpdate@@6BDelayedLuaEventUpdateInterface2@@@,0x010BD2E0
??_7DelayedLuaEventUpdate@@6BObjectModule@@@,0x010BD3B4
??_7DelayedLuaEventUpdateInterface1@@6B@,0x0109C9D0
??_7DelayedLuaEventUpdateInterface2@@6B@,0x0109CBA0
??_7DelayedLuaEventUpdateModuleData@@6B@,0x010BD278
??_7DelayedUpgrade@@6BBehaviorModule@@@,0x010CC814
??_7DelayedUpgrade@@6BBehaviorModuleInterface@@@,0x010CC750
??_7DelayedUpgrade@@6BModuleInterface@@@,0x010CC6EC
??_7DelayedUpgrade@@6BUpgradeMux@@@,0x010CC700
??_7DelayedUpgradeModuleData@@6B@,0x0108F390
??_7DelayedWeaponSetUpgradeUpdate@@6B@,0x010BD3F4
??_7DelayedWeaponSetUpgradeUpdate@@6BDWSU_DeepBase@@@,0x010BD53C
??_7DelayedWeaponSetUpgradeUpdate@@6BDWSU_Iface1@@@,0x010BD478
??_7DelayedWeaponSetUpgradeUpdate@@6BDWSU_Iface2@@@,0x010BD468
??_7DelayedWeaponSetUpgradeUpdate@@6BDelayedUpgradeUpdateInterface@@@,0x010BD3F4
??_7DeletionUpdate@@6BDU_DeepBase@@@,0x010BD69C
??_7DeletionUpdate@@6BDU_Iface1@@@,0x010BD5D8
??_7DeletionUpdate@@6BDU_Iface2@@@,0x010BD5C8
??_7DemoTrapUpdate@@6BBehaviorInterface@@@,0x010BD6E0
??_7DemoTrapUpdate@@6BObjectModule@@@,0x010BD7A4
??_7DemoTrapUpdate@@6BUpdateInterface@@@,0x010BD6D0
??_7DemoTrapUpdateModuleData@@6B@,0x010BD7D8
??_7DeployStyleAIUpdate@@6BDeployStyleAIUpdateBase@@@,0x010C64B0
??_7DeployStyleAIUpdate@@6BDeployStyleAIUpdateIface1@@@,0x010C63E8
??_7DeployStyleAIUpdate@@6BDeployStyleAIUpdateIface2@@@,0x010C63DC
??_7DeployStyleAIUpdate@@6BDeployStyleAIUpdateIface3@@@,0x010C63D8
??_7DeployStyleAIUpdate@@6BDeployStyleAIUpdateIface4@@@,0x010C63BC
??_7DeployStyleAIUpdateModuleData@@6B@,0x010BA680
??_7DeployStyleAIUpdateModuleDataVtbl@@6B@,0x01089B68
??_7DeployStyleAIUpdateRva002B53E0@@6BDeployStyleAIUpdateIface1D@@@,0x010C63E8
??_7DeployStyleAIUpdateRva002B53E0@@6BDeployStyleAIUpdateIface2D@@@,0x010C63DC
??_7DeployStyleAIUpdateRva002B53E0@@6BDeployStyleAIUpdateIface3D@@@,0x010C63D8
??_7DeployStyleAIUpdateRva002B53E0@@6BDeployStyleAIUpdateIface4D@@@,0x010C63BC
??_7DeployStyleAIUpdateRva002B53E0@@6BGiantBirdAIBase@@@,0x010C64B0
??_7DestroyDie@@6BBehaviorModuleInterface@@@,0x010B2D10
??_7DestroyDie@@6BDieModuleInterface@@@,0x010B2D08
??_7DestroyDie@@6BObjectModule@@@,0x010B2DD4
??_7DestroyEnvironmentUpdate@@6B@,0x010BDAB0
??_7DestroyEnvironmentUpdate@@6BBFU_DeepBase@@@,0x010BDB84
??_7DestroyEnvironmentUpdate@@6BBehaviorModuleInterface@@@,0x010BDAC0
??_7DestroyEnvironmentUpdate@@6BModuleInterface@@@,0x010BDAB0
??_7DestroyEnvironmentUpdate@@6BObjectModule@@@,0x010BDB84
??_7DestroyEnvironmentUpdate@@6BUpdateModuleInterface@@@,0x010BDAC0
??_7DestroyEnvironmentUpdateModuleData@@6B@,0x010BDA00
??_7DestroyModule@@6B@,0x010B2798
??_7DestroyModule@@6BBehaviorModuleInterface@@@,0x010B27A0
??_7DestroyModule@@6BObjectModule@@@,0x010B2864
??_7DestroyModuleInterface@@6B@,0x010B2794
??_7DetachableRiderBody@@6B@,0x010A7FC0
??_7DetachableRiderBody@@6BDRB_Iface1@@@,0x010A80E0
??_7DetachableRiderBody@@6BDRB_Iface2@@@,0x010A8010
??_7DetachableRiderBody@@6BDRB_Primary@@@,0x010A81A8
??_7DetachableRiderUpdate@@6BDRU_DeepBase@@@,0x010BDC8C
??_7DetachableRiderUpdate@@6BDRU_Iface1@@@,0x010BDBC8
??_7DetachableRiderUpdate@@6BDRU_Iface2@@@,0x010BDBBC
??_7DevastateSpecialPower@@6BBehaviorModule@@@,0x010B4744
??_7DevastateSpecialPower@@6BModuleInterface@@@,0x010B4608
??_7DevastateSpecialPower@@6BSpecialPowerModuleInterface@@@,0x010B4680
??_7DevastateSpecialPowerModuleData@@6B@,0x010B47C8
??_7DirectInputKeyboard@@6B@,0x0111CDCC
??_7DirectInputMouse@@6B@,0x0111CE08
??_7DisconnectManager@@6B@,0x0111A2CC
??_7DisplayString@@6B@,0x01083E50
??_7DisplayStringManager@@6B@,0x010F1014
??_7DistLODClass@@6BMultiListObjectClass@@@,0x01121010
??_7DistLODClass@@6BRefCountClass@@@,0x01121018
??_7DistLODPrototypeClass@@6B@,0x010956B0
??_7DockUpdate@@6B@,0x010CA800
??_7DockUpdate@@6BBehaviorInterface@@@,0x010CA870
??_7DockUpdate@@6BBehaviorModuleInterface@@@,0x010CA870
??_7DockUpdate@@6BDockUpdateInterface@@@,0x010CA800
??_7DockUpdate@@6BObjectModule@@@,0x010CA934
??_7DockUpdate@@6BUpdateInterface@@@,0x010CA860
??_7DockUpdate@@6BUpdateModule@@@,0x010CA860
??_7DockUpdateInterface@@6B@,0x010C81E0
??_7DockUpdateModuleData@@6B@,0x010CA700
??_7DominateEnemySpecialPower@@6BBehaviorModule@@@,0x010B49F8
??_7DominateEnemySpecialPower@@6BModuleInterface@@@,0x010B4920
??_7DominateEnemySpecialPower@@6BSpecialAbilityUpdateInterface@@@,0x010B4930
??_7DominateEnemySpecialPowerHelper@@6B@,0x010B48F4
??_7DominateEnemySpecialPowerModuleData@@6B@,0x010B4820
??_7DownloadManager@@6B@,0x01117D04
??_7DownloadManagerMunkee@@6B@,0x010FE198
??_7DozerAIInterface@@6B@,0x010C68A8
??_7DozerAIUpdate@@6B?$DozerIface@$00@@@,0x010C69C8
??_7DozerAIUpdate@@6B?$DozerIface@$01@@@,0x010C69B4
??_7DozerAIUpdate@@6B@,0x010C6920
??_7DozerAIUpdate@@6BAnimalAIUpdateBase@@@,0x010C6A90
??_7DozerAIUpdate@@6BDozerAIInterface@@@,0x010C6920
??_7DozerAIUpdate@@6BDozerIface1@@@,0x010C69C8
??_7DozerAIUpdate@@6BDozerIface2@@@,0x010C69B8
??_7DozerAIUpdate@@6BDozerIface3@@@,0x010C69B4
??_7DozerAIUpdate@@6BDozerIface4@@@,0x010C6998
??_7DozerAIUpdate@@6BDozerPaddedIface@@@,0x010C6998
??_7DozerAIUpdate@@6BDozerRootBase@@@,0x010C6A90
??_7DozerAIUpdate@@6BDozerWideIface@@@,0x010C69B8
??_7DozerActionDoActionState@@6B@,0x010C6E20
??_7DozerActionMoveToActionPosState@@6B@,0x010C6DA0
??_7DozerActionPickActionPosState@@6B@,0x010C6D28
??_7DozerActionState@@6B@,0x010C6F70
??_7DozerActionStateMachine@@6B@,0x010C6E98
??_7DozerPrimaryIdleState@@6B@,0x010C6F00
??_7DrawModule@@6B@,0x01121BA8
??_7DrawableIconInfo@@6B@,0x010F11C4
??_7DrawableLocoInfo@@6B@,0x010F11C8
??_7DrawableModule@@6B@,0x010897B4
??_7DrawableModuleLayoutBase@@6B@,0x01121BA8
??_7DualWeaponBehavior@@6BDWB_DeepBase@@@,0x010A3694
??_7DualWeaponBehavior@@6BDWB_Iface1@@@,0x010A35D0
??_7DualWeaponBehavior@@6BDWB_Iface2@@@,0x010A35C4
??_7DualWeaponBehaviorModuleData@@6B@,0x010A3468
??_7DynamicAudioEventRTS@@6B@,0x01082DE0
??_7DynamicDecalFXNugget@@6B@,0x010F3420
??_7DynamicPortalBehaviour@@6BDynamicPortalBase4@@@,0x010A3854
??_7DynamicPortalBehaviour@@6BDynamicPortalBase5@@@,0x010A3844
??_7DynamicPortalBehaviour@@6BDynamicPortalBehaviourInterface@@@,0x010A38B8
??_7DynamicPortalBehaviour@@6BDynamicPortalModuleInterface@@@,0x010A3858
??_7DynamicPortalBehaviour@@6BDynamicPortalObjectModule@@@,0x010A397C
??_7DynamicPortalBehaviour@@6BDynamicPortalUpgradeMux@@@,0x010A3868
??_7DynamicPortalBehaviourModule@@6BDynamicPortalBehaviourInterface@@@,0x0109CA98
??_7DynamicPortalBehaviourModule@@6BDynamicPortalObjectModule@@@,0x0109CB5C
??_7DynamicPortalUpgradeModule@@6BDynamicPortalModuleInterface@@@,0x010A36CC
??_7DynamicPortalUpgradeModule@@6BDynamicPortalUpgradeMux@@@,0x010A36E0
??_7DynamicShroudClearingRangeUpdate@@6B@,0x010BDFF4
??_7DynamicShroudClearingRangeUpdate@@6BBehaviorModuleInterface@@@,0x010BE000
??_7DynamicShroudClearingRangeUpdate@@6BModuleInterface@@@,0x010BDFF4
??_7DynamicShroudClearingRangeUpdate@@6BObjectModule@@@,0x010BE0C4
??_7DynamicShroudClearingRangeUpdate@@6BUpdateModuleInterface@@@,0x010BE000
??_7DynamicShroudClearingRangeUpdateModuleData@@6B@,0x010BE100
??_7DynamicShroudClearingRangeUpdateModuleDataBase@@6B@,0x01073744
??_7DynamicVectorDummy@@6B@,0x0113CDF4
??_7EdgeMapperClass@@6B@,0x0113E4FC
??_7ElvenWoodSpecialPower@@6BBehaviorModule@@@,0x010B4B9C
??_7ElvenWoodSpecialPower@@6BModuleInterface@@@,0x010B4A60
??_7ElvenWoodSpecialPower@@6BSpecialPowerModuleInterface@@@,0x010B4AD8
??_7EmissionVolumeInfo@FXParticleSystem@@6B@,0x0110F980
??_7EmotionTrackerUpdate@@6BBehaviorModuleInterface@@@,0x010BE1E8
??_7EmotionTrackerUpdate@@6BEmotionTrackerUpdateSecondaryBase@@@,0x010BE1D4
??_7EmotionTrackerUpdate@@6BObjectModule@@@,0x010BE2AC
??_7EmotionTrackerUpdate@@6BUpdateModule@@@,0x010BE1D8
??_7EmotionTrackerUpdateModuleData@@6B@,0x010BE180
??_7EmotionTrackerUpdateSecondaryBase@@6B@,0x010B2794
??_7Energy@@6B@,0x011296B0
??_7EnragedBehavior@@6BEnragedBehaviorIface1@@@,0x010A3CD8
??_7EnragedBehavior@@6BEnragedBehaviorIface2@@@,0x010A3CC8
??_7EnragedBehavior@@6BPB_DeepBase@@@,0x010A3D9C
??_7EnragedBehaviorIface1@@6B@,0x0109C9D0
??_7EnragedBehaviorIface2@@6B@,0x0109CBA0
??_7EnragedBehaviorModuleData@@6B@,0x010A5A58
??_7EnragedBehaviorModuleDataBase@@6B@,0x01073744
??_7EntEnragedUpdate@@6BBehaviorModuleInterface@@@,0x010BE7E8
??_7EntEnragedUpdate@@6BPB_DeepBase@@@,0x010BE8AC
??_7EntEnragedUpdate@@6BUpdateModuleInterface@@@,0x010BE7DC
??_7EnvironmentMapperClass@@6B@,0x0113BFD8
??_7Eva@@6BSnapshot@@@,0x010F1F94
??_7Eva@@6BSubsystemInterface@@@,0x010F1FA8
??_7EvaCheckInfo@@6B@,0x011362C8
??_7EvaEventFXNugget@@6B@,0x010F33C0
??_7EvacuateDamage@@6B@,0x010B2138
??_7EvacuateDamage@@6BEvacuateDamageInterface@@@,0x010B2138
??_7EvacuateDamage@@6BPB_DeepBase@@@,0x010B220C
??_7EvacuateDamage@@6BPB_Iface1@@@,0x010B2148
??_7EvacuateDamageInterface@@6B@,0x010A1BFC
??_7EvacuateDamageModuleData@@6B@,0x010B2018
??_7ExitConditions@@6B@,0x01096084
??_7ExitInterface@@6B@,0x010ABF08
??_7ExperienceLevel@@6B@,0x010EA944
??_7ExperienceLevelCreate@@6BBehaviorModule@@@,0x010B151C
??_7ExperienceLevelCreate@@6BExperienceLevelCreateIface1@@@,0x010B1458
??_7ExperienceLevelCreate@@6BExperienceLevelCreateIface2@@@,0x010B1444
??_7ExperienceLevelCreateModuleData@@6B@,0x010B15F8
??_7ExperienceLevelSystem@@6B@,0x010EA948
??_7ExperienceScalarUpgrade@@6BBehaviorModule@@@,0x010CC9A4
??_7ExperienceScalarUpgrade@@6BBehaviorModuleInterface@@@,0x010CC8E0
??_7ExperienceScalarUpgrade@@6BModuleInterface@@@,0x010CC87C
??_7ExperienceScalarUpgrade@@6BUpgradeMux@@@,0x010CC890
??_7ExperienceScalarUpgradeModuleDataBase@@6B@,0x01073744
??_7ExperienceScalarUpgradeModuleDataVtbl@@6B@,0x010CC9D8
??_7ExperienceTracker@@6B@,0x0109C990
??_7ExperienceTracker@@6BBfmeModuleDataSnapshotBase@@@,0x0109C8B0
??_7ExperienceTracker@@6BMemoryPoolObject@@@,0x0109C89C
??_7FU_Iface1@@6B@,0x0109C9D0
??_7FU_Iface2@@6B@,0x0109CBA0
??_7FVFCategoryList@@6B@,0x0113CFFC
??_7FWU_Iface1@@6B@,0x0109C9D0
??_7FWU_Iface2@@6B@,0x0109CBA0
??_7FXList@@6B@,0x010F3550
??_7FXListAtBonePosFXNugget@@6B@,0x010F3508
??_7FXListDie@@6BBehaviorModuleInterface@@@,0x010B2F18
??_7FXListDie@@6BDieModuleInterface@@@,0x010B2F10
??_7FXListDie@@6BObjectModule@@@,0x010B2FDC
??_7FXListDieModuleData@@6B@,0x0108B758
??_7FXListStore@@6B@,0x010F35A4
??_7FXNugget@@6B@,0x010F23A0
??_7FadeAndDieOrnamentUpdate@@6BBehaviorModuleInterface@@@,0x010BE8F0
??_7FadeAndDieOrnamentUpdate@@6BObjectModule@@@,0x010BE9B4
??_7FadeAndDieOrnamentUpdate@@6BUpdateModuleInterface@@@,0x010BE8E0
??_7FadeAndDieOrnamentUpdateModuleData@@6B@,0x0108E838
??_7FadeAndDieOrnamentUpdateModuleDataBase@@6B@,0x01073744
??_7FailureState@@6B@,0x01097950
??_7FellBeastSwoopPower@@6BBehaviorModule@@@,0x010B4EE8
??_7FellBeastSwoopPower@@6BModuleInterface@@@,0x010B4DE4
??_7FellBeastSwoopPower@@6BSpecialPowerModuleExtra@@@,0x010B4E10
??_7FellBeastSwoopPower@@6BSpecialPowerModuleInterface@@@,0x010B4E20
??_7FellBeastSwoopPowerModuleData@@6B@,0x010B4D90
??_7File@@6B@,0x01143AF8
??_7FileClass@@6B@,0x011201F0
??_7FilePipe@@6B@,0x01145424
??_7FileStraw@@6B@,0x011453C0
??_7FileSystem@@6B@,0x0109DF10
??_7FireSpreadUpdate@@6B@,0x010BEB00
??_7FireSpreadUpdate@@6BBehaviorModuleInterface@@@,0x010BEB10
??_7FireSpreadUpdate@@6BObjectModule@@@,0x010BEBD4
??_7FireSpreadUpdateModuleData@@6B@,0x010BEA00
??_7FireWeaponCollide@@6B@,0x010A9B14
??_7FireWeaponCollide@@6BBehaviorModuleInterface@@@,0x010A9B30
??_7FireWeaponCollide@@6BObjectModule@@@,0x010A9BF4
??_7FireWeaponCollideModuleData@@6B@,0x0108EB50
??_7FireWeaponCollideModuleInterface@@6B@,0x010A1DE4
??_7FireWeaponNugget@@6B@,0x0109F0DC
??_7FireWeaponUpdate@@6B@,0x010BEC64
??_7FireWeaponUpdate@@6BBehaviorModuleInterface@@@,0x010BEC70
??_7FireWeaponUpdate@@6BFWU_DeepBase@@@,0x010BED34
??_7FireWeaponUpdate@@6BFWU_Iface1@@@,0x010BEC70
??_7FireWeaponUpdate@@6BFWU_Iface2@@@,0x010BEC64
??_7FireWeaponUpdate@@6BObjectModule@@@,0x010BED34
??_7FireWeaponUpdateModuleData@@6B@,0x010BED68
??_7FireWeaponWhenDamagedBehaviorModuleData@@6B@,0x0108F078
??_7FireWeaponWhenDeadBehaviorModuleData@@6B@,0x0108F0D0
??_7FirestormDynamicGeometryInfoUpdateModuleData@@6B@,0x010C7540
??_7FirewallHelperClass@@6B@,0x0111A388
??_7FiringTracker@@6B@,0x0109CBB8
??_7FiringTracker@@6BBehaviorModuleInterface@@@,0x0109CBC8
??_7FiringTracker@@6BObjectModule@@@,0x0109CC8C
??_7FlammableUpdate@@6B@,0x010BEE5C
??_7FlammableUpdate@@6BBehaviorModuleInterface@@@,0x010BEE78
??_7FlammableUpdate@@6BDamageModuleInterface@@@,0x010BEE5C
??_7FlammableUpdate@@6BFU_DeepBase@@@,0x010BEF3C
??_7FlammableUpdate@@6BFU_Iface1@@@,0x010BEE78
??_7FlammableUpdate@@6BFU_Iface2@@@,0x010BEE6C
??_7FlammableUpdate@@6BObjectModule@@@,0x010BEF3C
??_7FlammableUpdate@@6BUpdateModule@@@,0x010BEE6C
??_7FlammableUpdateModuleData@@6B@,0x010BEF70
??_7FlammableUpdateModuleDataBase@@6B@,0x01073744
??_7FlightDeckBehaviorModuleData@@6B@,0x010A8268
??_7FloatUpdate@@6BBehaviorInterface@@@,0x010BF390
??_7FloatUpdate@@6BObjectModule@@@,0x010BF454
??_7FloatUpdate@@6BUpdateInterface@@@,0x010BF384
??_7FloatUpdateModuleData@@6B@,0x010BF308
??_7FloatingTextData@@6B@,0x010F58C8
??_7FontCharsClass@@6B@,0x0113CE8C
??_7FontLibrary@@6B@,0x010F7650
??_7FoundationAIUpdate@@6BBehaviorModuleInterface@@@,0x010C7288
??_7FoundationAIUpdate@@6BFoundationAIUpdateIface3@@@,0x010C7254
??_7FoundationAIUpdate@@6BObjectModule@@@,0x010C734C
??_7FoundationAIUpdate@@6BUpdateModule@@@,0x010C727C
??_7FoundationAIUpdateModuleData@@6B@,0x0108AEA0
??_7FrameDataManager@@6B@,0x0111A38C
??_7FreeLifeBody@@6BBehaviorModule@@@,0x010A8538
??_7FreeLifeBody@@6BBodyModuleInterface@@@,0x010A8470
??_7FreeLifeBody@@6BModuleInterface@@@,0x010A83A0
??_7FreezingRainSpecialPower@@6BBehaviorModule@@@,0x010B50F4
??_7FreezingRainSpecialPower@@6BModuleInterface@@@,0x010B4FB8
??_7FreezingRainSpecialPower@@6BSpecialPowerModuleInterface@@@,0x010B5030
??_7FreezingRainSpecialPowerModuleData@@6B@,0x010B5128
??_7FunctionLexicon@@6B@,0x01087AC0
??_7FunctorNotSet@@6B@,0x010766DC
??_7GBB_Iface1@@6B@,0x0109C9D0
??_7GBB_Iface2@@6B@,0x0109CBA0
??_7GBB_Iface3@@6B@,0x010A4298
??_7GODupBase@@6BBfmeSnapshotBase@@@,0x0109C89C
??_7GODupBase@@6BSubsystemInterface@@@,0x0109C8B0
??_7GameFileClass@@6B@,0x01120258
??_7GameFont@@6B@,0x010F7628
??_7GameInfo@@6B@,0x01102F7C
??_7GameLogic@@6BBfmeBaseVUQ@@@,0x010EB560
??_7GameLogic@@6BSubsystemInterface@@@,0x010EB574
??_7GameMessage@@6B@,0x0107D518
??_7GameMessageArgument@@6B@,0x0107D530
??_7GameMessageParser@@6B@,0x011176EC
??_7GameMessageParserArgumentType@@6B@,0x011176F0
??_7GameMessageTranslator@@6B@,0x010F35D4
??_7GameResultsInterface@@6B@,0x01119318
??_7GameResultsInterfaceWide@@6B@,0x01119428
??_7GameResultsQueueWide@@6B@,0x01119688
??_7GameSlot@@6B@,0x01075D50
??_7GameSpyBuddyMessageQueue@@6B@,0x01118E70
??_7GameSpyBuddyMessageQueueInterface@@6B@,0x01118E04
??_7GameSpyConfig@@6B@,0x01118050
??_7GameSpyConfigInterfaceDtorBase@@6B@,0x01117E7C
??_7GameSpyGameSlot@@6B@,0x01102FD0
??_7GameSpyInfo@@6B@,0x011188D0
??_7GameSpyInfoInterface@@6B@,0x011186B8
??_7GameSpyLoginPreferences@@6B@,0x01076FC0
??_7GameSpyMiscPreferences@@6B@,0x01081048
??_7GameSpyPeerMessageQueue@@6B@,0x01119688
??_7GameSpyPeerMessageQueueInterface@@6B@,0x01119428
??_7GameSpyStagingRoom@@6B@,0x01102FE0
??_7GameState@@6BSnapshot@@@,0x010893CC
??_7GameState@@6BSubsystemInterface@@@,0x010893E0
??_7GameTextInterface@@6B@,0x010F3988
??_7GameTextManager@@6B@,0x010F39F0
??_7GameWindow@@6B@,0x010F7778
??_7GameWindowManager@@6B@,0x010F8B60
??_7GameWindowTransitionsHandler@@6B@,0x010F9610
??_7GarrisonContain@@6B?$OpenContainSecondaryBase@$00@@@,0x010AB750
??_7GarrisonContain@@6B?$OpenContainSecondaryBase@$01@@@,0x010AB598
??_7GarrisonContain@@6B?$OpenContainSecondaryBase@$02@@@,0x010AB578
??_7GarrisonContain@@6B?$OpenContainSecondaryBase@$03@@@,0x010AB574
??_7GarrisonContain@@6B?$OpenContainSecondaryBase@$04@@@,0x010AB564
??_7GarrisonContain@@6B?$OpenContainSecondaryBase@$05@@@,0x010AB528
??_7GarrisonContain@@6B?$OpenContainSecondaryBase@$06@@@,0x010AB518
??_7GarrisonContain@@6BOpenContainPrimaryBase@@@,0x010AB818
??_7GarrisonContain@@6BOpenContainWideSecondaryBase@@@,0x010AB740
??_7GarrisonUpgrade@@6BBehaviorModule@@@,0x010CCB54
??_7GarrisonUpgrade@@6BBehaviorModuleInterface@@@,0x010CCA90
??_7GarrisonUpgrade@@6BModuleInterface@@@,0x010CCA2C
??_7GarrisonUpgrade@@6BUpgradeMux@@@,0x010CCA40
??_7GateOpenAndCloseBehavior@@6BBehaviorModuleInterface@@@,0x010A4108
??_7GateOpenAndCloseBehavior@@6BGateOpenAndCloseBehaviorFirstBase@@@,0x010A41CC
??_7GateOpenAndCloseBehavior@@6BObjectModule@@@,0x010A40C4
??_7GateOpenAndCloseBehavior@@6BUpdateModule@@@,0x010A40F8
??_7GateOpenAndCloseBehaviorFirstBase@@6B@,0x010A1DE4
??_7GateProxyBehavior@@6BBehaviorModule@@@,0x0108A150
??_7GateProxyBehavior@@6BGateProxyBehaviorInterface@@@,0x0108A150
??_7GateProxyBehavior@@6BGateProxyPrimaryBase@@@,0x0108A248
??_7GateProxyBehavior@@6BGateProxyUpdateInterface@@@,0x0108A144
??_7GateProxyBehavior@@6BMemoryPoolObject@@@,0x0108A248
??_7GateProxyBehavior@@6BModule@@@,0x0108A214
??_7GateProxyBehavior@@6BSnapshot@@@,0x0108A214
??_7GateProxyBehavior@@6BUpdateModuleInterface@@@,0x0108A144
??_7GateProxyBehaviorModuleData@@6B@,0x010A4210
??_7GateProxyBehaviorModuleDataVtbl@@6B@,0x0108A2A0
??_7Gen0014AE40@@6B@,0x01095774
??_7Gen0045AFE0Base@@6B@,0x0107FCB0
??_7Gen00522E00@@6B@,0x01106938
??_7Gen00529110Owner@@6B@,0x01105690
??_7Gen006E2310@@6B@,0x0111E250
??_7Gen0078D1C0@@6B@,0x01126DA0
??_7Gen0078D1C0Base@@6B@,0x01126D84
??_7Gen007E9B10@@6B@,0x01129758
??_7Gen007F1BF0@@6B@,0x0112A5F8
??_7Gen007F2120@@6B@,0x0112AB34
??_7Gen007F2E30@@6B@,0x0112AC70
??_7Gen007F33E0@@6B@,0x0112AF04
??_7Gen007F40C0@@6B@,0x0112B048
??_7Gen007F47E0@@6B@,0x0112B248
??_7Gen007FBAF0@@6B@,0x0112BCD0
??_7Gen007FCF50@@6B@,0x0112BEE8
??_7Gen0080ACD0@@6B@,0x0112C830
??_7Gen009D8CA0@@6B@,0x01144180
??_7Gen01073744@@6B@,0x01073744
??_7GenBase003BB1E0@@6B@,0x010ED7AC
??_7GenBase00479230@@6B@,0x010F77AC
??_7GenBase01073744@@6B@,0x01073744
??_7GenX005EB6B0@@6B@,0x01111DB4
??_7GenX005EB830@@6B@,0x01111DF0
??_7GenX005EB930@@6B@,0x01111E2C
??_7GenX005EBA30@@6B@,0x01111E68
??_7GenX005EBB30@@6B@,0x01111EA4
??_7GenX005ED230@@6B@,0x011121EC
??_7GenX005ED360@@6B@,0x0111221C
??_7GenX005ED510@@6B@,0x0111227C
??_7GenX005ED630@@6B@,0x011122AC
??_7GenY005E4C10@@6B@,0x01111AB4
??_7GenY005E5D90@@6B@,0x01111F1C
??_7GenY005E6030@@6B@,0x01111FFC
??_7GenY005E6160@@6B@,0x01112084
??_7GenY005E6290@@6B@,0x011120F8
??_7GenY005E7360@@6B@,0x011124AC
??_7GenY005E7620@@6B@,0x011125A8
??_7GenY005E7940@@6B@,0x011126BC
??_7Gen_00076C80@@6B@,0x01075EE8
??_7Gen_0009F7A0@@6B@,0x010806B0
??_7Gen_000B5240@@6B@,0x010827DC
??_7Gen_000D1730@@6B@,0x01083E50
??_7Gen_000F8A40@@6B@,0x01085FD8
??_7Gen_000FDA80@@6B@,0x010860D8
??_7Gen_001031B0@@6B@,0x01086348
??_7Gen_001260D0ModuleDataVtbl@@6B@,0x0108E998
??_7Gen_0014B790@@6B@,0x010957C4
??_7Gen_0014C7A0@@6B@,0x010959D4
??_7Gen_00193D50@@6B@,0x0109C004
??_7Gen_001BA9E0@@6B@,0x0109DF3C
??_7Gen_001C07A0@@6B@,0x01085DE0
??_7Gen_001EACF0@@6B@,0x010A1678
??_7Gen_00200AE0@@6B?$BfmeBasePB@$0A@@@@,0x010A4CEC
??_7Gen_00200AE0@@6BBfmeBaseP0@@@,0x010A4DB4
??_7Gen_00200AE0@@6BBfmeBasePA@@@,0x010A4CF0
??_7Gen_002029F0@@6B@,0x010A53A4
??_7Gen_002029F0@@6BPB_DeepBase@@@,0x010A554C
??_7Gen_002029F0@@6BPB_Iface1@@@,0x010A5488
??_7Gen_002029F0@@6BPB_Iface2@@@,0x010A5478
??_7Gen_00216300@@6B?$BfmeBasePB@$00@@@,0x010A9AF8
??_7Gen_00216300@@6BBfmeBaseP0@@@,0x010A9CEC
??_7Gen_00216300@@6BBfmeBasePA@@@,0x010A9C28
??_7Gen_00250690@@6B?$BfmeBasePB@$01@@@,0x010B1DC4
??_7Gen_00250690@@6BBfmeBaseP0@@@,0x010B1E9C
??_7Gen_00250690@@6BBfmeBasePA@@@,0x010B1DD8
??_7Gen_002D7770@@6BBfmeQ0@@@,0x010CD95C
??_7Gen_002D7770@@6BBfmeQA@@@,0x010CD898
??_7Gen_002D7770@@6BBfmeQB@@@,0x010CD848
??_7Gen_002D7770@@6BBfmeQC@@@,0x010CD834
??_7Gen_002F1B10@@6B@,0x010D0014
??_7Gen_003643C0@@6B@,0x010E8F5C
??_7Gen_00366B90@@6B@,0x010E8F5C
??_7Gen_00378650@@6BBfmeBaseP@@@,0x010EA230
??_7Gen_00378650@@6BBfmeBaseQ@@@,0x010EA21C
??_7Gen_0039C060@@6B@,0x010EBDD0
??_7Gen_0039C6D0@@6B@,0x010EBDD4
??_7Gen_003A87D0@@6B@,0x010EC774
??_7Gen_003A8910@@6B@,0x010EC778
??_7Gen_003A8A70@@6B@,0x010EC780
??_7Gen_00428730@@6B@,0x010F33A8
??_7Gen_0042B9F0@@6BBfmeDBaseA@@@,0x010F3558
??_7Gen_0042B9F0@@6BBfmeDBaseB@@@,0x010F3554
??_7Gen_00471390@@6B@,0x010F756C
??_7Gen_00490100@@6B@,0x010F9AAC
??_7Gen_004902A0@@6B@,0x010F9AD8
??_7Gen_00490420@@6B@,0x010F9AF0
??_7Gen_00491580@@6B@,0x010F9B94
??_7Gen_00491880@@6B@,0x010F9BBC
??_7Gen_004B1670@@6B@,0x010FD1D8
??_7Gen_0057ECF0@@6B@,0x010806B0
??_7Gen_00587D40@@6B@,0x0110BA30
??_7Gen_005B42F0@@6B@,0x0110DE34
??_7Gen_005F2D20@@6B@,0x01112F2C
??_7Gen_005F2D20@@6BBfmeR0@@@,0x01112F44
??_7Gen_005F2D20@@6BBfmeRA@@@,0x01112F40
??_7Gen_005F6530@@6B@,0x01112EF0
??_7Gen_005F6530@@6BBfmeR0@@@,0x01112F08
??_7Gen_005F6530@@6BBfmeRA@@@,0x01112F04
??_7Gen_005e9a20@@6B@,0x011129B4
??_7Gen_006949B0@@6BBfmeSMiddle@@@,0x0111BD58
??_7Gen_006949B0@@6BBfmeSX@@@,0x0111BD54
??_7Gen_006BC530@@6BSnapshot@@@,0x0111CF68
??_7Gen_006BC530@@6BSubsystemInterface@@@,0x0111CF3C
??_7Gen_00749740@@6B@,0x01121AE8
??_7Gen_0077DD80@@6B@,0x01125808
??_7Gen_007875E0@@6B@,0x01126AE4
??_7Gen_00837480@@6B@,0x0112EB44
??_7Gen_008374F0@@6B@,0x0112EB64
??_7Gen_00837560@@6B@,0x0112EB70
??_7Gen_008375D0@@6B@,0x0112EB90
??_7Gen_008AB8E0@@6B@,0x01136854
??_7Gen_008AB930@@6B@,0x01136854
??_7Gen_008AC620@@6B@,0x0113693C
??_7Gen_008AC620Base@@6B@,0x01136854
??_7Gen_008BD820@@6B@,0x01136854
??_7Gen_008BD880@@6B@,0x01136854
??_7Gen_008BD8E0@@6B@,0x01136854
??_7Gen_00924090@@6B@,0x0113C108
??_7Gen_00924110@@6B@,0x0113C118
??_7Gen_00924150@@6B@,0x0113C120
??_7Gen_00926630@@6B@,0x0113C164
??_7Gen_00929E80@@6B@,0x0113C300
??_7Gen_0092B920@@6B@,0x0113C338
??_7Gen_00930B10@@6B@,0x0113C5FC
??_7Gen_00930DB0@@6B@,0x0113C5FC
??_7Gen_00936CB0@@6B@,0x0113C894
??_7Gen_00936E40@@6B@,0x0113C894
??_7Gen_009380E0@@6B@,0x0113C8C4
??_7Gen_0093E1A0@@6B@,0x0113CE0C
??_7Gen_0093E9C0@@6B@,0x0113CE0C
??_7Gen_009D83D0@@6B@,0x01144090
??_7Gen_009D9C00@@6B@,0x01144538
??_7Gen_ctor_004b02a0@@6B@,0x010FD1CC
??_7Gen_dtor_001a87f0@@6B@,0x0109C354
??_7Gen_dtor_004b05d0@@6B@,0x010FD1CC
??_7Gen_dtor_004b05d0Base@@6B@,0x010EAD58
??_7Gen_dtor_00970920@@6B@,0x0113E6F0
??_7Gen_dtor_00970f60@@6B@,0x0113E730
??_7Gen_dtor_00971340@@6B@,0x0113E770
??_7Gen_dtor_00971710@@6B@,0x0113E7B0
??_7Gen_dtor_00971d80@@6B@,0x0113E7F0
??_7Gen_dtor_00972460@@6B@,0x0113E830
??_7Gen_t_003a75c0_p8cd@@6B@,0x010EC76C
??_7Gen_t_003a9110_p8vs@@6B@,0x010EC76C
??_7Gen_t_003abad0_p36vt@@6B@,0x010EC84C
??_7Gen_uwm_00899380@@6B@,0x01136058
??_7GenericList@@6B@,0x01145488
??_7GenericMultiListClass@@6B@,0x0111DC4C
??_7GenericNode@@6B@,0x01145484
??_7GenericObjectCreationNugget@@6B@,0x0109F5E8
??_7GeometryInfo@@6B@,0x01086138
??_7GeometryUpgrade@@6BGeometryUpgradeBase@@@,0x010CCD5C
??_7GeometryUpgrade@@6BGeometryUpgradeIface1@@@,0x010CCC98
??_7GeometryUpgrade@@6BGeometryUpgradeIface2@@@,0x010CCC48
??_7GeometryUpgrade@@6BGeometryUpgradeIface3@@@,0x010CCC34
??_7GeometryUpgradeBase@@6BGeometryUpgradeModuleInterface@@@,0x010A36CC
??_7GeometryUpgradeBase@@6BGeometryUpgradeMux@@@,0x010A36E0
??_7GeometryUpgradeBehaviorModule@@6BGeometryUpgradeBehaviorInterface@@@,0x0109CA98
??_7GeometryUpgradeBehaviorModule@@6BObjectModule@@@,0x0109CB5C
??_7GeometryUpgradeModuleData@@6B@,0x010CCD90
??_7GeometryUpgradeModuleDataPrimaryBase@@6B@,0x01073744
??_7GettingBuiltBehavior@@6B@,0x010A45E0
??_7GettingBuiltBehavior@@6BGBB_DeepBase@@@,0x010A46F4
??_7GettingBuiltBehavior@@6BGBB_Iface1@@@,0x010A4630
??_7GettingBuiltBehavior@@6BGBB_Iface2@@@,0x010A4624
??_7GhostObject@@6B@,0x0109CE94
??_7GhostObject@@6BRva001B3E60SecondBaseCore@@@,0x0109CE80
??_7GhostObject@@6BRva001B3E60VBase@@@,0x0109CE68
??_7GhostObjectManager@@6B@,0x0109CE28
??_7GhostObjectManagerEnergyDup@@6B@,0x011296B0
??_7GhostVirtualBase@@6B@,0x0109CDD8
??_7GiantBirdAIUpdate@@6BGiantBirdIface1@@@,0x010C7E78
??_7GiantBirdAIUpdate@@6BGiantBirdIface2@@@,0x010C7E6C
??_7GiantBirdAIUpdate@@6BGiantBirdIface3@@@,0x010C7E68
??_7GiantBirdAIUpdate@@6BGiantBirdIface4@@@,0x010C7E4C
??_7GiantBirdAIUpdate@@6BGiantBirdRoot@@@,0x010C7F40
??_7GiantBirdAttackMoveToState@@6B@,0x010C7A60
??_7GiantBirdFollowWaypointPathState@@6B@,0x010C79E0
??_7GiantBirdNested@@6B@,0x010C7E28
??_7GiantBirdNestedBase@@6B@,0x010C7450
??_7GiantBirdNormalFlightState@@6B@,0x010C77F0
??_7GiantBirdSlowDeathBehavior@@6BSlowDeathBehaviorDieInterface@@@,0x010A48B0
??_7GiantBirdSlowDeathBehavior@@6BSlowDeathBehaviorInterface@@@,0x010A489C
??_7GiantBirdSlowDeathBehavior@@6BSlowDeathBehaviorPrimary@@@,0x010A4984
??_7GiantBirdSlowDeathBehavior@@6BSlowDeathBehaviorSecondary@@@,0x010A48C0
??_7GiantBirdSlowDeathBehavior@@6BSlowDeathBehaviorTertiary@@@,0x010A48B4
??_7GiveUpgradeUpdate@@6BGiveUpgradeUpdateGrandBase@@@,0x010B5368
??_7GiveUpgradeUpdate@@6BGiveUpgradeUpdateIface1@@@,0x010B52A0
??_7GiveUpgradeUpdate@@6BGiveUpgradeUpdateIface2@@@,0x010B5290
??_7GiveUpgradeUpdate@@6BGiveUpgradeUpdateIface3@@@,0x010B5264
??_7GlobalData@@6B@,0x0107C68C
??_7GlobalLanguage@@6B@,0x010F4124
??_7GlobalWeatherSystem@@6BBfmeBaseVUQ@@@,0x010EBCFC
??_7GlobalWeatherSystem@@6BSubsystemInterface@@@,0x010EBD10
??_7GloriousChargeUpdate@@6BGloriousChargeUpdateBaseInterface1@@@,0x010B5540
??_7GloriousChargeUpdate@@6BGloriousChargeUpdateObjectModule@@@,0x010B5608
??_7GloriousChargeUpdate@@6BGloriousChargeUpdateSpecialPowerUpdateInterface@@@,0x010B5504
??_7GloriousChargeUpdate@@6BGloriousChargeUpdateUpdateModule@@@,0x010B5530
??_7GloriousChargeUpdateModuleData@@6B@,0x010B5428
??_7GrabPassengerSpecialPower@@6BBehaviorModule@@@,0x010B5814
??_7GrabPassengerSpecialPower@@6BModuleInterface@@@,0x010B56D8
??_7GrabPassengerSpecialPower@@6BSpecialPowerModuleInterface@@@,0x010B5750
??_7GrabPassengerSpecialPowerModuleData@@6B@,0x010B5848
??_7GrantStealthBehaviorModuleDataBase@@6B@,0x01073744
??_7GrantUpgradeCreate@@6B@,0x010B164C
??_7GrantUpgradeCreate@@6BBehaviorModuleInterface@@@,0x010B1660
??_7GrantUpgradeCreate@@6BObjectModule@@@,0x010B1724
??_7GrantUpgradeCreateModuleData@@6B@,0x010B17B8
??_7GridClassicEnvironmentMapperClass@@6B@,0x0113C0AC
??_7GridCullSystemClass@@6B@,0x011377E0
??_7GridEnvironmentMapperClass@@6B@,0x0113C068
??_7GridLinkClass@@6B@,0x0113780C
??_7GridTextureMapperClass@@6B@,0x0113E594
??_7GridWSClassicEnvironmentMapperClass@@6B@,0x0113E630
??_7GridWSEnvMapperClass@@6B@,0x0113E60C
??_7GridWSEnvironmentMapperClass@@6B@,0x0113E654
??_7GuardRetaliateExitConditions@@6B@,0x01096518
??_7GuiFxInitializedWrapper@@6B@,0x010F6F90
??_7GuiFxTooltipWrapper@@6B@,0x010F6F84
??_7HAnimClass@@6BHashableClass@@@,0x0113DF58
??_7HAnimClass@@6BRefCountClass@@@,0x0113DF60
??_7HAnimComboClass@@6B@,0x0113EAE0
??_7HCompressedAnimClass@@6BHashableClass@@@,0x0113E02C
??_7HCompressedAnimClass@@6BRefCountClass@@@,0x0113E038
??_7HDU_Iface1@@6B@,0x0109C9D0
??_7HDU_Iface2@@6B@,0x0109CBA0
??_7HLodClass@@6BMultiListObjectClass@@@,0x0113EBE4
??_7HLodClass@@6BRefCountClass@@@,0x0113EBE8
??_7HLodPrototypeClass@@6B@,0x010956F4
??_7HModelPrototypeClass@@6B@,0x01085DD0
??_7HRB_Iface1@@6B@,0x0109C9D0
??_7HRB_Iface2@@6B@,0x0109CBA0
??_7HRawAnimClass@@6BHashableClass@@@,0x0113DFC0
??_7HRawAnimClass@@6BRefCountClass@@@,0x0113DFC8
??_7HashableClass@@6B@,0x011283C8
??_7HealContain@@6BHealContainGrandBase@@@,0x010ABC78
??_7HealContain@@6BHealContainIface1@@@,0x010ABBB0
??_7HealContain@@6BHealContainIface2@@@,0x010ABBA0
??_7HealContain@@6BHealContainIface3@@@,0x010AB9F8
??_7HealContain@@6BHealContainIface4@@@,0x010AB9DC
??_7HealContain@@6BHealContainIface5@@@,0x010AB9D8
??_7HealContain@@6BHealContainIface6@@@,0x010AB9C8
??_7HealContain@@6BHealContainIface7@@@,0x010AB98C
??_7HealContain@@6BHealContainIface8@@@,0x010AB97C
??_7HealCrateCollide@@6B@,0x010AA598
??_7HealCrateCollide@@6BBehaviorModuleInterface@@@,0x010AA5B8
??_7HealCrateCollide@@6BObjectModule@@@,0x010AA67C
??_7HeightDieUpdate@@6BHDU_DeepBase@@@,0x010BF6DC
??_7HeightDieUpdate@@6BHDU_Iface1@@@,0x010BF618
??_7HeightDieUpdate@@6BHDU_Iface2@@@,0x010BF608
??_7HeightDieUpdateModuleData@@6B@,0x010BF498
??_7HeightMapRenderObjClass@@6BHeightMapBaseAtC8@@@,0x0111DC74
??_7HeightMapRenderObjClass@@6BHeightMapBaseAtCC@@@,0x0111DC60
??_7HeightMapRenderObjClass@@6BHeightMapBaseAtEight@@@,0x0111DC80
??_7HeightMapRenderObjClass@@6BHeightMapBaseAtZero@@@,0x0111DC88
??_7HemisphericalEmissionVelocityModuleTemplate@FXParticleSystem@@6B?$CategoryModuleInfo@$03@1@@,0x01110B60
??_7HemisphericalEmissionVelocityModuleTemplate@FXParticleSystem@@6B@,0x01110B4C
??_7HemisphericalEmissionVelocityModuleTemplate@FXParticleSystem@@6BModuleTemplate@1@@,0x01110B64
??_7HeroDie@@6BHeroDieBase@@@,0x010B312C
??_7HeroDie@@6BHeroDieIface1@@@,0x010B3068
??_7HeroDie@@6BHeroDieIface2@@@,0x010B3064
??_7HeroDieIface1@@6B@,0x0109C9D0
??_7HeroDieIface2@@6B@,0x010A257C
??_7HeroDieModuleData@@6B@,0x010B3010
??_7HeroModeSpecialAbilityUpdate@@6BBehaviorModule@@@,0x010B59A0
??_7HeroModeSpecialAbilityUpdate@@6BModuleInterface@@@,0x010B589C
??_7HeroModeSpecialAbilityUpdate@@6BSpecialPowerModuleExtra@@@,0x010B58C8
??_7HeroModeSpecialAbilityUpdate@@6BSpecialPowerModuleInterface@@@,0x010B58D8
??_7HeroModeSpecialAbilityUpdateModuleData@@6B@,0x010B5A08
??_7HighlanderBody@@6BBehaviorModule@@@,0x010A8788
??_7HighlanderBody@@6BBehaviorModuleInterface@@@,0x010A86C0
??_7HighlanderBody@@6BBodyModuleInterface@@@,0x010A85F0
??_7HijackerUpdate@@6BPB_DeepBase@@@,0x010BF7E4
??_7HijackerUpdate@@6BPB_Iface1@@@,0x010BF720
??_7HijackerUpdate@@6BPB_Iface2@@@,0x010BF714
??_7HitReactionBehavior@@6BHRB_DeepBase@@@,0x010A4CB4
??_7HitReactionBehavior@@6BHRB_Iface1@@@,0x010A4BF0
??_7HitReactionBehavior@@6BHRB_Iface2@@@,0x010A4BE4
??_7HitReactionBehaviorModuleData@@6B@,0x010BE5A0
??_7HitReactionBehaviorModuleDataBase@@6B@,0x01073744
??_7HomeFunctorWrapperBE0@@6B@,0x01107BE0
??_7HomeFunctorWrapperBEC@@6B@,0x01107BEC
??_7HomeFunctorWrapperBF8@@6B@,0x01107BF8
??_7HordeAIUpdate@@6BHordeAIUpdateBase@@@,0x010C8398
??_7HordeAIUpdate@@6BHordeAIUpdateIface1@@@,0x010C82D0
??_7HordeAIUpdate@@6BHordeAIUpdateIface2@@@,0x010C82C0
??_7HordeAIUpdate@@6BHordeAIUpdateIface3@@@,0x010C82BC
??_7HordeAIUpdate@@6BHordeAIUpdateIface4@@@,0x010C82A0
??_7HordeAIUpdate@@6BHordeAIUpdateIface5@@@,0x010C8240
??_7HordeAIUpdateIface5@@6B@,0x010C81E0
??_7HordeAIUpdateModuleData@@6B@,0x010BA680
??_7HordeAIUpdateModuleDataVtbl@@6B@,0x0108A2F8
??_7HordeContain@@6B?$OpenContainSecondaryBase@$00@@@,0x010AF200
??_7HordeContain@@6B?$OpenContainSecondaryBase@$01@@@,0x010AF048
??_7HordeContain@@6B?$OpenContainSecondaryBase@$02@@@,0x010AF028
??_7HordeContain@@6B?$OpenContainSecondaryBase@$03@@@,0x010AF024
??_7HordeContain@@6B?$OpenContainSecondaryBase@$04@@@,0x010AF014
??_7HordeContain@@6B?$OpenContainSecondaryBase@$05@@@,0x010AEFD8
??_7HordeContain@@6B?$OpenContainSecondaryBase@$06@@@,0x010AEFC8
??_7HordeContain@@6BHordeContainEleventhBase@@@,0x010AED58
??_7HordeContain@@6BOpenContainPrimaryBase@@@,0x010AF2C8
??_7HordeContain@@6BOpenContainWideSecondaryBase@@@,0x010AF1F0
??_7HordeContain@@6BSiegeEngineContainBase@@@,0x010AEFC4
??_7HordeContainModuleData@@6B@,0x010ABCF8
??_7HordeContainModuleDataBase@@6B@,0x01073744
??_7HordeGarrisonContainModuleData@@6B@,0x010B0788
??_7HordeMemberCollide@@6BBehaviorModule@@@,0x010A9F04
??_7HordeMemberCollide@@6BInlineCollideModuleInterface@@@,0x010A9E40
??_7HordeMemberCollide@@6BModuleInterface@@@,0x010A9E24
??_7HordeMemberCollideModuleData@@6B@,0x010A9DD0
??_7HordeSiegeEngineContain@@6B?$HordeTransportIface@$00@@@,0x010B01E0
??_7HordeSiegeEngineContain@@6B?$HordeTransportIface@$01@@@,0x010B0028
??_7HordeSiegeEngineContain@@6B?$HordeTransportIface@$02@@@,0x010B0008
??_7HordeSiegeEngineContain@@6B?$HordeTransportIface@$03@@@,0x010B0004
??_7HordeSiegeEngineContain@@6B?$HordeTransportIface@$04@@@,0x010AFFF4
??_7HordeSiegeEngineContain@@6B?$HordeTransportIface@$05@@@,0x010AFFB8
??_7HordeSiegeEngineContain@@6B?$HordeTransportIface@$06@@@,0x010AFFA4
??_7HordeSiegeEngineContain@@6B?$OpenContainSecondaryBase@$00@@@,0x010B01E0
??_7HordeSiegeEngineContain@@6B?$OpenContainSecondaryBase@$01@@@,0x010B0028
??_7HordeSiegeEngineContain@@6B?$OpenContainSecondaryBase@$02@@@,0x010B0008
??_7HordeSiegeEngineContain@@6B?$OpenContainSecondaryBase@$03@@@,0x010B0004
??_7HordeSiegeEngineContain@@6B?$OpenContainSecondaryBase@$04@@@,0x010AFFF4
??_7HordeSiegeEngineContain@@6B?$OpenContainSecondaryBase@$05@@@,0x010AFFB8
??_7HordeSiegeEngineContain@@6B?$OpenContainSecondaryBase@$06@@@,0x010AFFA8
??_7HordeSiegeEngineContain@@6B@,0x010AFFA4
??_7HordeSiegeEngineContain@@6BHordeTransportContainBase@@@,0x010B02A8
??_7HordeSiegeEngineContain@@6BHordeTransportPaddedIface@@@,0x010AFFA8
??_7HordeSiegeEngineContain@@6BHordeTransportWideIface@@@,0x010B01D0
??_7HordeSiegeEngineContain@@6BOpenContainPrimaryBase@@@,0x010B02A8
??_7HordeSiegeEngineContain@@6BOpenContainWideSecondaryBase@@@,0x010B01D0
??_7HordeSiegeEngineContainModuleDataBase@@6B@,0x010ADA50
??_7HordeTransportContain@@6BHordeTransportContainBase@@@,0x010B0688
??_7HordeTransportContain@@6BHordeTransportContainIface1@@@,0x010B05C0
??_7HordeTransportContain@@6BHordeTransportContainIface2@@@,0x010B05B0
??_7HordeTransportContain@@6BHordeTransportContainIface3@@@,0x010B0408
??_7HordeTransportContain@@6BHordeTransportContainIface4@@@,0x010B03EC
??_7HordeTransportContain@@6BHordeTransportContainIface5@@@,0x010B03E8
??_7HordeTransportContain@@6BHordeTransportContainIface6@@@,0x010B03D8
??_7HordeTransportContain@@6BHordeTransportContainIface7@@@,0x010B039C
??_7HordeTransportContain@@6BHordeTransportContainIface8@@@,0x010B038C
??_7HordeTransportContain@@6BHordeTransportContainIface9@@@,0x010B0388
??_7HordeUpdate@@6B@,0x010A7034
??_7HordeUpdate@@6BPB_DeepBase@@@,0x010A71F4
??_7HordeUpdate@@6BPB_Iface1@@@,0x010A7130
??_7HordeUpdate@@6BPB_Iface2@@@,0x010A7124
??_7HordeUpdateInterface@@6B@,0x010A1BFC
??_7HordeUpdateModuleData@@6B@,0x010A42E0
??_7HordeWorkerAIUpdate@@6BHWAI_Iface1@@@,0x010C86C8
??_7HordeWorkerAIUpdate@@6BHWAI_Iface2@@@,0x010C86B8
??_7HordeWorkerAIUpdate@@6BHWAI_Iface3@@@,0x010C86B4
??_7HordeWorkerAIUpdate@@6BHWAI_Iface4@@@,0x010C8698
??_7HordeWorkerAIUpdate@@6BHWAI_Iface5@@@,0x010C8638
??_7HordeWorkerAIUpdate@@6BHordeWorkerAIUpdateBase@@@,0x010C8790
??_7HordeWorkerAIUpdateModuleData@@6B@,0x010BA680
??_7HorseHordeContain@@6BBehaviorModule@@@,0x010B0D50
??_7HorseHordeContain@@6BHorseHordeContainIface10@@@,0x010B07E0
??_7HorseHordeContain@@6BHorseHordeContainIface1@@@,0x010B0C88
??_7HorseHordeContain@@6BHorseHordeContainIface2@@@,0x010B0C78
??_7HorseHordeContain@@6BHorseHordeContainIface3@@@,0x010B0AD0
??_7HorseHordeContain@@6BHorseHordeContainIface4@@@,0x010B0AB0
??_7HorseHordeContain@@6BHorseHordeContainIface5@@@,0x010B0AAC
??_7HorseHordeContain@@6BHorseHordeContainIface6@@@,0x010B0A9C
??_7HorseHordeContain@@6BHorseHordeContainIface7@@@,0x010B0A60
??_7HorseHordeContain@@6BHorseHordeContainIface8@@@,0x010B0A50
??_7HorseHordeContain@@6BHorseHordeContainIface9@@@,0x010B0A4C
??_7HorseHordeContainModuleData@@6B@,0x010AF9B0
??_7HotKeyManager@@6B@,0x0110DE08
??_7IMEManager@@6B@,0x010F9978
??_7IMEManagerInterface@@6B@,0x010F98F0
??_7INIClass@@6B@,0x011454B0
??_7INIEntry@@6B@,0x01145494
??_7INIMemberA@@6B@,0x01143B3C
??_7INISection@@6B@,0x01145498
??_7IgnorePreferences@@6B@,0x01081070
??_7Image@@6B@,0x0110FFEC
??_7Image@Gdiplus@@6B@,0x01073728
??_7ImageCollection@@6B@,0x01110104
??_7ImmortalBody@@6BBehaviorModule@@@,0x010A8980
??_7ImmortalBody@@6BBehaviorModuleInterface@@@,0x010A88B8
??_7ImmortalBody@@6BBodyModuleInterface@@@,0x010A87E8
??_7InactiveBody@@6BInactiveBodyBase@@@,0x010A8B74
??_7InactiveBody@@6BInactiveBodyIface1@@@,0x010A8AB0
??_7InactiveBody@@6BInactiveBodyIface2@@@,0x010A89E0
??_7InactiveBodyIface1@@6B@,0x0109C9D0
??_7InactiveBodyIface2@@6B@,0x010A7348
??_7IndexBufferClass@@6B@,0x0113BD10
??_7InlineCollideModuleInterface@@6B@,0x0109C9D0
??_7InlineDamageModuleInterface@@6B@,0x0109C9D0
??_7Inner01073744@@6B@,0x01073744
??_7Inner010EAD58@@6B@,0x010EAD58
??_7Inner010EDAA0@@6B@,0x010EDAA0
??_7Inner010F6F58@@6B@,0x010F6F58
??_7InputChunk@@6B@,0x0108631C
??_7InstantDeathBehavior@@6BInstantDeathBehaviorBase@@@,0x010A4EBC
??_7InstantDeathBehavior@@6BInstantDeathBehaviorIface1@@@,0x010A4DF8
??_7InstantDeathBehavior@@6BInstantDeathBehaviorIface2@@@,0x010A4DF0
??_7InstantDeathBehaviorIface1@@6B@,0x0109C9D0
??_7InstantDeathBehaviorIface2@@6B@,0x010A257C
??_7InstantDeathBehaviorModuleData@@6B@,0x010A4F58
??_7KeepObjectDie@@6BBehaviorModuleInterface@@@,0x010B3160
??_7KeepObjectDie@@6BDieModuleInterface@@@,0x010B315C
??_7KeepObjectDie@@6BObjectModule@@@,0x010B3224
??_7KeepObjectDieModuleData@@6B@,0x0108AF78
??_7Keyboard@@6B@,0x0110CD60
??_7LANAPI@@6B@,0x0111AF50
??_7LANAPIInterface@@6B@,0x0111AE50
??_7LANGameInfo@@6B@,0x0111B8AC
??_7LANGameSlot@@6B@,0x0111B6A0
??_7LANPreferences@@6B@,0x0107C6F8
??_7LEMCT_CategoryBase@@6BLEMCT_VtblBaseA@@@,0x0110FC20
??_7LEMCT_CategoryBase@@6BLEMCT_VtblBaseB@@@,0x0110FC1C
??_7LEMCT_VtblBaseB@@6B@,0x0110F9AC
??_7LEMT_CategoryBase@@6BLEMT_VtblBaseA@@@,0x0110FC20
??_7LEMT_CategoryBase@@6BLEMT_VtblBaseB@@@,0x0110FC1C
??_7LEMT_VtblBaseB@@6B@,0x0110F9AC
??_7LGAU_Iface1@@6B@,0x0109C9D0
??_7LGAU_Iface2@@6B@,0x0109CBA0
??_7LGAU_Interface@@6B@,0x010BF884
??_7LGA_Base@@6B@,0x01073744
??_7LU_Iface1@@6B@,0x0109C9D0
??_7LU_Iface2@@6B@,0x0109CBA0
??_7LadderPreferences@@6B@,0x01081134
??_7LanguageFilter@@6B@,0x010F5DAC
??_7LargeGroupAudio@@6BHordeContainModuleDataBase@@@,0x010EE128
??_7LargeGroupAudio@@6BRva004948B0Base@@@,0x010EE13C
??_7LargeGroupAudioMap@@6B@,0x010EE124
??_7LargeGroupAudioUnusedKnownKeys@@6B@,0x010EE0FC
??_7LargeGroupAudioUnusedKnownKeysBase@@6B@,0x0107FCB0
??_7LargeGroupAudioUpdate@@6B@,0x010BF940
??_7LargeGroupAudioUpdate@@6BLGAU_DeepBase@@@,0x010BFA1C
??_7LargeGroupAudioUpdate@@6BLGAU_Iface1@@@,0x010BF958
??_7LargeGroupAudioUpdate@@6BLGAU_Iface2@@@,0x010BF94C
??_7LargeGroupAudioUpdate@@6BLargeGroupAudioUpdateInterface@@@,0x010BF940
??_7LargeGroupAudioUpdateModuleData@@6B@,0x010BFA60
??_7LargeGroupAudioUpdateModuleDataBase@@6B@,0x010896B8
??_7LargeGroupBonusIface1@@6B@,0x0109C9D0
??_7LargeGroupBonusIface2@@6B@,0x0109CBA0
??_7LargeGroupBonusInterface@@6B@,0x010BFAC8
??_7LargeGroupBonusUpdate@@6B@,0x010BFAD8
??_7LargeGroupBonusUpdate@@6BLargeGroupBonusDeepBase@@@,0x010BFD2C
??_7LargeGroupBonusUpdate@@6BLargeGroupBonusIface1@@@,0x010BFC68
??_7LargeGroupBonusUpdate@@6BLargeGroupBonusIface2@@@,0x010BFC5C
??_7LargeGroupBonusUpdate@@6BLargeGroupBonusUpdateInterface@@@,0x010BFAD8
??_7LargeGroupBonusUpdateModuleData@@6B@,0x010BFD60
??_7LaserFXNugget@@6B@,0x010F3438
??_7LaserUpdate@@6B@,0x01115370
??_7LaserUpdateModuleDataBase@@6B@,0x01073744
??_7LeafletDropBehavior@@6B@,0x010A7034
??_7LeafletDropBehavior@@6BPB_DeepBase@@@,0x010A71F4
??_7LeafletDropBehavior@@6BPB_Iface1@@@,0x010A7130
??_7LeafletDropBehavior@@6BPB_Iface2@@@,0x010A7124
??_7LevelGrantSpecialPower@@6BBehaviorModule@@@,0x010B5C70
??_7LevelGrantSpecialPower@@6BModuleInterface@@@,0x010B5B6C
??_7LevelGrantSpecialPower@@6BSpecialPowerModuleExtra@@@,0x010B5B98
??_7LevelGrantSpecialPower@@6BSpecialPowerModuleInterface@@@,0x010B5BA8
??_7LevelGrantSpecialPowerModuleData@@6B@,0x010B5CD8
??_7LevelUpUpgrade@@6BBehaviorModule@@@,0x010CCF64
??_7LevelUpUpgrade@@6BBehaviorModuleInterface@@@,0x010CCEA0
??_7LevelUpUpgrade@@6BModuleInterface@@@,0x010CCE3C
??_7LevelUpUpgrade@@6BUpgradeMux@@@,0x010CCE50
??_7LevelUpUpgradeModuleData@@6B@,0x0108F3E8
??_7LifeEventCategoryBaseB@FXParticleSystem@@6B@,0x0107375C
??_7LifeEventCategorySlice@FXParticleSystem@@6B@,0x01110830
??_7LifeEventCategoryTemplate@FXParticleSystem@@6BLifeEventCategoryBaseA@1@@,0x01073830
??_7LifeEventCategoryTemplate@FXParticleSystem@@6BLifeEventCategoryBaseB@1@@,0x0107382C
??_7LifeEventModuleInfo@FXParticleSystem@@6B@,0x01111278
??_7LifeEventModuleInfoBase@FXParticleSystem@@6B@,0x01073744
??_7LifeEventModuleTemplate@FXParticleSystem@@6B@,0x011112A4
??_7LifeEventModuleTemplate@FXParticleSystem@@6BLifeEventCategoryBaseA@1@@,0x01111290
??_7LifeEventModuleTemplate@FXParticleSystem@@6BLifeEventCategoryBaseB@1@@,0x0111128C
??_7LifetimeUpdate@@6BLU_DeepBase@@@,0x010BFFCC
??_7LifetimeUpdate@@6BLU_Iface1@@@,0x010BFF08
??_7LifetimeUpdate@@6BLU_Iface2@@@,0x010BFEFC
??_7LightClass@@6BMultiListObjectClass@@@,0x0113CBB0
??_7LightClass@@6BRefCountClass@@@,0x0113CBB8
??_7LightPointLevel@@6B@,0x010EBDD0
??_7LightningDrawModuleTemplate@FXParticleSystem@@6B?$CategoryModuleInfo@$05@1@@,0x01110D4C
??_7LightningDrawModuleTemplate@FXParticleSystem@@6B@,0x01110D64
??_7LightningDrawModuleTemplate@FXParticleSystem@@6BModuleTemplate@1@@,0x01110D50
??_7LightningEmissionInfo@FXParticleSystem@@6B@,0x01110A8C
??_7LightningEmissionModule@FXParticleSystem@@6B@,0x011132D4
??_7LightningEmissionModule@FXParticleSystem@@6BParticleModuleCategorySlice@1@@,0x011132EC
??_7LightningEmissionModule@FXParticleSystem@@6BParticleModuleSnapshotSlice@1@@,0x011132E8
??_7LightningEmissionModule@FXParticleSystem@@6BT1A1_005DD290@@@,0x011132F0
??_7LightningEmissionModuleTemplate@FXParticleSystem@@6B?$CategoryModuleInfo@$04@1@@,0x01110AA0
??_7LightningEmissionModuleTemplate@FXParticleSystem@@6B@,0x01110AB8
??_7LightningEmissionModuleTemplate@FXParticleSystem@@6BLEMT_VtblBaseA@@@,0x01110AA4
??_7LightningEmissionModuleTemplate@FXParticleSystem@@6BLEMT_VtblBaseB@@@,0x01110AA0
??_7LightningEmissionModuleTemplate@FXParticleSystem@@6BModuleTemplate@1@@,0x01110AA4
??_7Line3DClass@@6BMultiListObjectClass@@@,0x0113D338
??_7Line3DClass@@6BRefCountClass@@@,0x0113D340
??_7LineEmissionVolumeInfo@FXParticleSystem@@6B@,0x0111098C
??_7LineEmissionVolumeModule@FXParticleSystem@@6B@,0x01111890
??_7LineEmissionVolumeModule@FXParticleSystem@@6BParticleModuleCategorySlice@1@@,0x011118A8
??_7LineEmissionVolumeModule@FXParticleSystem@@6BParticleModuleSnapshotSlice@1@@,0x011118A4
??_7LineEmissionVolumeModule@FXParticleSystem@@6BT1A1_005DD290@@@,0x011118AC
??_7LineEmissionVolumeModuleTemplate@FXParticleSystem@@6B?$CategoryModuleInfo@$04@1@@,0x011109B4
??_7LineEmissionVolumeModuleTemplate@FXParticleSystem@@6B@,0x011109A0
??_7LineEmissionVolumeModuleTemplate@FXParticleSystem@@6BModuleTemplate@1@@,0x011109B8
??_7LineGroupClass@@6B@,0x0113FA44
??_7LinearOffsetTextureMapperClass@@6B@,0x0113E560
??_7LivingWorldAnimObject@@6B@,0x01115C30
??_7LivingWorldCampaign@@6B@,0x010EC788
??_7LivingWorldCampaignManager@@6B@,0x010EC770
??_7LivingWorldEyeTower@@6B@,0x01115F10
??_7LivingWorldPlayerArmy@@6B@,0x010E8F38
??_7LivingWorldRegion@@6B@,0x01117258
??_7LivingWorldRegionManager@@6B@,0x010EE010
??_7LivingWorldSound@@6B@,0x011173D4
??_7LoadGameFadeWrapper@@6B@,0x010EDB7C
??_7LocalFile@@6B@,0x01143D38
??_7LocalFileSystem@@6B@,0x01143B78
??_7LockWeaponCreate@@6B@,0x010B180C
??_7LockWeaponCreate@@6BBehaviorModuleInterface@@@,0x010B1820
??_7LockWeaponCreate@@6BObjectModule@@@,0x010B18E4
??_7LockWeaponCreateModuleData@@6B@,0x010B1950
??_7LocomotorSetUpgrade@@6BBehaviorModule@@@,0x010CD0BC
??_7LocomotorSetUpgrade@@6BBehaviorModuleInterface@@@,0x010CCFF8
??_7LocomotorSetUpgrade@@6BModuleInterface@@@,0x010CCF98
??_7LocomotorSetUpgrade@@6BUpgradeMux@@@,0x010CCFA8
??_7LocomotorSetUpgradeModuleData@@6B@,0x0108F440
??_7LocomotorStore@@6B@,0x01110104
??_7LocomotorTemplate@@6B@,0x0109DE9C
??_7LookAtTranslator@@6B@,0x0110D62C
??_7LuaScriptEngine@@6B@,0x010CFAC4
??_7Made001E5AF0@@6B@,0x010CF270
??_7Made001E5BC0@@6B@,0x010CF058
??_7Made001E5D60@@6B@,0x010CF384
??_7Made001E5E30@@6B@,0x010CF104
??_7Made001E5F00@@6B@,0x010CEFA4
??_7Made001E6170@@6B@,0x010CF1C4
??_7Made001E6240@@6B@,0x010CEDE4
??_7ManTheWallsSpecialPower@@6BBehaviorModule@@@,0x010B5E6C
??_7ManTheWallsSpecialPower@@6BModuleInterface@@@,0x010B5D30
??_7ManTheWallsSpecialPower@@6BSpecialPowerModuleInterface@@@,0x010B5DA8
??_7ManTheWallsSpecialPowerModuleData@@6B@,0x010B5EA0
??_7MapTransferColorFunctorWrapper@@6B@,0x01105048
??_7MapTransferLoadScreen@@6B@,0x010F9B60
??_7Mapping@@6B@,0x01086344
??_7MatBufferClass@@6B@,0x0113C310
??_7MaterialInfoClass@@6B@,0x0113C65C
??_7MaterialPassClass@@6B@,0x0113C884
??_7MaxHealthUpgrade@@6BBehaviorModule@@@,0x010CD26C
??_7MaxHealthUpgrade@@6BBehaviorModuleInterface@@@,0x010CD1A8
??_7MaxHealthUpgrade@@6BModuleInterface@@@,0x010CD148
??_7MaxHealthUpgrade@@6BUpgradeMux@@@,0x010CD158
??_7MaxHealthUpgradeModuleDataBase@@6B@,0x01073744
??_7MaxHealthUpgradeModuleDataVtbl@@6B@,0x010CD2A0
??_7Mem002DAB10@@6B@,0x010CE8C0
??_7MemoryReadFile@@6B@,0x01143A38
??_7MemoryWriteFile@@6B@,0x01143AA8
??_7MeshClass@@6BMultiListObjectClass@@@,0x0113C388
??_7MeshClass@@6BPersistClass@@@,0x0113C390
??_7MeshClass@@6BRefCountClass@@@,0x0113C390
??_7MeshGeometryClass@@6BMultiListObjectClass@@@,0x0113C128
??_7MeshGeometryClass@@6BRefCountClass@@@,0x0113C12C
??_7MeshModelClass@@6BMultiListObjectClass@@@,0x0113D0C8
??_7MeshModelClass@@6BRefCountClass@@@,0x0113D0CC
??_7MessageStream@@6B@,0x0107D574
??_7MetaEventTranslator@@6B@,0x0110F050
??_7MetaMap@@6B@,0x0110F024
??_7Mid0112F2F4@@6B@,0x0112F2F4
??_7Mid0112F2FC@@6B@,0x0112F2FC
??_7Mid0112F304@@6B@,0x0112F304
??_7Mid0112F30C@@6B@,0x0112F30C
??_7MidX005EB6B0@@6B@,0x01111DB0
??_7MidX005EB830@@6B@,0x01111DEC
??_7MidX005EB930@@6B@,0x01111E28
??_7MidX005EBA30@@6B@,0x01111E64
??_7MidX005EBB30@@6B@,0x01111EA0
??_7MidX005ED230@@6B@,0x011121E8
??_7MidX005ED360@@6B@,0x01112218
??_7MidX005ED510@@6B@,0x01112278
??_7MidX005ED630@@6B@,0x011122A8
??_7MidY005E4C10@@6B@,0x01111AB0
??_7MidY005E5D90@@6B@,0x01111F18
??_7MidY005E6030@@6B@,0x01111FF8
??_7MidY005E6160@@6B@,0x01112080
??_7MidY005E6290@@6B@,0x011120F4
??_7MidY005E7360@@6B@,0x011124A8
??_7MidY005E7620@@6B@,0x011125A4
??_7MidY005E7940@@6B@,0x011126B8
??_7MinefieldBehaviorModuleData@@6B@,0x010E97C8
??_7MissingAnimClass@@6B@,0x011284DC
??_7MissingGeomClass@@6B@,0x01128460
??_7MissingTextureClass@@6B@,0x01128460
??_7Mission@@6B@,0x0110F658
??_7MobMemberSlavedUpdate@@6BBehaviorModuleInterface@@@,0x010A3E40
??_7MobMemberSlavedUpdate@@6BMobMemberSlavedUpdateSecondaryBase1@@@,0x010A3DE8
??_7MobMemberSlavedUpdate@@6BMobMemberSlavedUpdateSecondaryBase2@@@,0x010A3DD4
??_7MobMemberSlavedUpdate@@6BObjectModule@@@,0x010A3F04
??_7MobMemberSlavedUpdate@@6BUpdateModule@@@,0x010A3E34
??_7ModelArrayClass@HLodClass@@6B@,0x0113EE58
??_7ModelConditionSoundSelectorClientBehavior@@6BClientUpdateModule@@@,0x0108E53C
??_7ModelConditionSoundSelectorClientBehavior@@6BSoundSelectorInterface@@@,0x0108E52C
??_7ModelConditionSoundSelectorClientBehaviorModuleData@@6B@,0x011157C0
??_7ModelConditionSoundSelectorClientBehaviorModuleDataBase@@6B@,0x01073744
??_7ModelConditionSpecialAbilityUpdate@@6BBehaviorModule@@@,0x010C0158
??_7ModelConditionSpecialAbilityUpdate@@6BBehaviorModuleInterface@@@,0x010C0090
??_7ModelConditionSpecialAbilityUpdate@@6BModuleInterface@@@,0x010C0054
??_7ModelConditionSpecialAbilityUpdate@@6BSpecialAbilityUpdate@@@,0x010C0158
??_7ModelConditionSpecialAbilityUpdate@@6BUpdateModuleInterface@@@,0x010C0080
??_7ModelConditionSpecialAbilityUpdateModuleData@@6B@,0x010C0000
??_7ModelConditionUpgrade@@6BBehaviorModule@@@,0x010CD48C
??_7ModelConditionUpgrade@@6BBehaviorModuleInterface@@@,0x010CD3C8
??_7ModelConditionUpgrade@@6BModuleInterface@@@,0x010CD364
??_7ModelConditionUpgrade@@6BUpgradeMux@@@,0x010CD378
??_7ModelConditionUpgradeModuleData@@6B@,0x010CD4C0
??_7ModelConditionUpgradeModuleDataBase@@6B@,0x01073744
??_7Module@@6BBfmeModuleDataSnapshotBase@@@,0x0109C8B0
??_7Module@@6BMemoryPoolObject@@@,0x0109C89C
??_7ModuleFactory@@6BSnapshot@@@,0x0108ECCC
??_7ModuleFactory@@6BSubsystemInterface@@@,0x0108ECE0
??_7ModuleTemplate@FXParticleSystem@@6B@,0x01073758
??_7Money@@6B@,0x01083D18
??_7MoneyCrateCollide@@6B@,0x010AA6B8
??_7MoneyCrateCollide@@6BBehaviorModuleInterface@@@,0x010AA6D8
??_7MoneyCrateCollide@@6BObjectModule@@@,0x010AA79C
??_7MoneyCrateCollideModuleDataVtbl@@6B@,0x0108EAA0
??_7MonsterDockUpdate@@6BBehaviorModuleInterface@@@,0x010CAA60
??_7MonsterDockUpdate@@6BDockInterface@@@,0x010CA9F0
??_7MonsterDockUpdate@@6BDockUpdate@@@,0x010CAB24
??_7MonsterDockUpdate@@6BDockUpdateInterface@@@,0x010CA9F0
??_7MonsterDockUpdate@@6BObjectModule@@@,0x010CAB24
??_7MonsterDockUpdate@@6BUpdateModule@@@,0x010CAA50
??_7MonsterDockUpdate@@6BUpdateModuleInterface@@@,0x010CAA50
??_7MonsterDockUpdateModuleData@@6B@,0x010CAB58
??_7Mouse@@6B@,0x0110D580
??_7MouseThreadClass@@6B@,0x01120918
??_7MoveAwayAndCowerState@@6B@,0x0109AD88
??_7MoveAwayPanicState@@6B@,0x0109A3E0
??_7MoveOntoWallStateMachine@@6B@,0x010973F8
??_7MultiListObjectClass@@6B@,0x0111DC48
??_7MultiPlayerLoadScreen@@6B@,0x010F9B28
??_7MultiplayerSettings@@6B@,0x0107F954
??_7NAT@@6B@,0x0111A390
??_7NamedPivotMapClass@@6B?$DynamicVectorClass@M@@@,0x0113EB6C
??_7NamedPivotMapClass@@6BRefCountClass@@@,0x0113EB64
??_7NamedTimerInfo@@6B@,0x010F5758
??_7NetAckBothCommandMsg@@6B@,0x0111A488
??_7NetAckStage1CommandMsg@@6B@,0x0111A49C
??_7NetAckStage2CommandMsg@@6B@,0x0111A4B0
??_7NetChatCommandMsg@@6B@,0x0111A728
??_7NetCommandList@@6B@,0x0111A470
??_7NetCommandMsg@@6B@,0x0111A20C
??_7NetCommandWrapperList@@6B@,0x0111A848
??_7NetCommandWrapperListNode@@6B@,0x0111A844
??_7NetDestroyPlayerCommandMsg@@6B@,0x0111A4D8
??_7NetDisconnectChatCommandMsg@@6B@,0x0111A714
??_7NetDisconnectFrameCommandMsg@@6B@,0x0111A578
??_7NetDisconnectKeepAliveCommandMsg@@6B@,0x0111A500
??_7NetDisconnectPlayerCommandMsg@@6B@,0x0111A514
??_7NetDisconnectScreenOffCommandMsg@@6B@,0x0111A5C8
??_7NetDisconnectVoteCommandMsg@@6B@,0x0111A528
??_7NetFileAnnounceCommandMsg@@6B@,0x0111A750
??_7NetFileCommandMsg@@6B@,0x0111A73C
??_7NetFileProgressCommandMsg@@6B@,0x0111A564
??_7NetFrameCommandMsg@@6B@,0x0111A220
??_7NetGameCommandMsg@@6B@,0x0111A474
??_7NetKeepAliveCommandMsg@@6B@,0x0111A4EC
??_7NetPacket@@6B@,0x0111A84C
??_7NetPlayerLeaveCommandMsg@@6B@,0x0111A4C4
??_7NetProgressCommandMsg@@6B@,0x0111A53C
??_7NetWrapperCommandMsg@@6B@,0x0111A550
??_7Network@@6B@,0x0111A968
??_7NetworkInterface@@6B@,0x0111A850
??_7NotifyWeaponFiredInterface@@6B@,0x010976E0
??_7Null3DObjClass@@6BMultiListObjectClass@@@,0x0113E870
??_7Null3DObjClass@@6BRefCountClass@@@,0x0113E878
??_7OBBoxRenderObjClass@@6BMultiListObjectClass@@@,0x0113DC18
??_7OBBoxRenderObjClass@@6BRefCountClass@@@,0x0113DC20
??_7OCLSpecialPower@@6B@,0x010B6010
??_7OCLSpecialPower@@6BBehaviorModuleInterface@@@,0x010B6088
??_7OCLSpecialPower@@6BObjectModule@@@,0x010B614C
??_7OCLSpecialPowerModuleData@@6B@,0x010B6180
??_7OCLUpdate@@6BBehaviorModuleInterface@@@,0x010C02B0
??_7OCLUpdate@@6BObjectModule@@@,0x010C0374
??_7OCLUpdate@@6BUpdateModuleInterface@@@,0x010C02A0
??_7OCU_Iface1@@6B@,0x0109C9D0
??_7OCU_Iface2@@6B@,0x0109CBA0
??_7OCU_MiddleBase@@6BOCU_Iface1@@@,0x0109CCD0
??_7OCU_MiddleBase@@6BOCU_Iface2@@@,0x0109CBAC
??_7OCU_MiddleBase@@6BOCU_MidGrand@@@,0x0109CD94
??_7OathbreakerBody@@6BBehaviorModule@@@,0x010A8D40
??_7OathbreakerBody@@6BBehaviorModuleInterface@@@,0x010A8C78
??_7OathbreakerBody@@6BBodyModuleInterface@@@,0x010A8BA8
??_7OathbreakersFadeAwayBehavior@@6BOathbreakersFadeAwayBehaviorIface1@@@,0x010A5060
??_7OathbreakersFadeAwayBehavior@@6BOathbreakersFadeAwayBehaviorIface2@@@,0x010A5054
??_7OathbreakersFadeAwayBehavior@@6BPB_DeepBase@@@,0x010A5124
??_7OathbreakersFadeAwayBehaviorIface1@@6B@,0x0109C9D0
??_7OathbreakersFadeAwayBehaviorIface2@@6B@,0x0109CBA0
??_7ObjectCreationListStore@@6B@,0x0109F9DC
??_7ObjectCreationNugget@@6B@,0x0109F0C4
??_7ObjectCreationUpgrade@@6B@,0x010CD620
??_7ObjectCreationUpgrade@@6BOCU_Iface1@@@,0x010CD558
??_7ObjectCreationUpgrade@@6BOCU_Iface2@@@,0x010CD54C
??_7ObjectCreationUpgrade@@6BOCU_MidGrand@@@,0x010CD518
??_7ObjectCreationUpgradeModuleData@@6B@,0x010CD780
??_7ObjectDefectionHelper@@6B@,0x0109E4A0
??_7ObjectDefectionHelper@@6BBehaviorModuleInterface@@@,0x0109E4B0
??_7ObjectDefectionHelper@@6BObjectModule@@@,0x0109E574
??_7ObjectHelper@@6BBehaviorModuleInterface@@@,0x0109E398
??_7ObjectHelper@@6BObjectModule@@@,0x0109E45C
??_7ObjectHelper@@6BUpdateModuleInterface@@@,0x0109E38C
??_7ObjectRecoveryHelper@@6BBehaviorModuleInterface@@@,0x0109E5D0
??_7ObjectRecoveryHelper@@6BObjectHelper@@@,0x0109E694
??_7ObjectRecoveryHelper@@6BUpdateModuleInterface@@@,0x0109E5C4
??_7ObjectRepulsorHelper@@6BBehaviorModuleInterface@@@,0x0109E6F0
??_7ObjectRepulsorHelper@@6BObjectHelper@@@,0x0109E7B4
??_7ObjectRepulsorHelper@@6BUpdateModuleInterface@@@,0x0109E6E4
??_7ObjectSMCHelper@@6BBehaviorModuleInterface@@@,0x0109EAF8
??_7ObjectSMCHelper@@6BModuleInterface@@@,0x0109EBBC
??_7ObjectSMCHelper@@6BUpdateModuleInterface@@@,0x0109EAEC
??_7ObjectSellInfo@@6B@,0x010860C0
??_7ObjectTracker@@6B@,0x010A5580
??_7ObjectTypes@@6B@,0x0109FB2C
??_7ObjectWeaponStatusHelper@@6BBehaviorModuleInterface@@@,0x0109E810
??_7ObjectWeaponStatusHelper@@6BObjectHelper@@@,0x0109E8D4
??_7ObjectWeaponStatusHelper@@6BUpdateModuleInterface@@@,0x0109E804
??_7OneRingPenaltyUpdate@@6B@,0x010C0400
??_7OneRingPenaltyUpdate@@6BOneRingPenaltyUpdateInterface@@@,0x010C0400
??_7OneRingPenaltyUpdate@@6BPB_DeepBase@@@,0x010C0684
??_7OneRingPenaltyUpdate@@6BPB_Iface1@@@,0x010C05C0
??_7OneRingPenaltyUpdate@@6BPB_Iface2@@@,0x010C05B4
??_7OneRingPenaltyUpdateIface@@6B@,0x010A257C
??_7OneRingPenaltyUpdateModuleData@@6B@,0x010C0408
??_7OnlineChatInitVirtualFunctorWrapper@@6B@,0x01106F9C
??_7OnlineChatVirtualFunctorWrapper@@6B@,0x01106F90
??_7OnlineLoginFunctorWrapper@@6B@,0x011080B0
??_7OnlineLoginInitGadgetsFunctorWrapper@@6B@,0x011080BC
??_7Open2Module28AC90@@6B@,0x010BCF30
??_7Open2Module28AC90@@6BBehaviorModuleInterface@@@,0x010BCF40
??_7Open2Module28AC90@@6BObjectModule@@@,0x010BD004
??_7SkirmishGameInfo@@6BGameInfo@@@,0x01075E90
??_7SkirmishGameInfo@@6BSnapshot@@@,0x01075E7C
??_7Open2Store880FC0@@6BSnapshot@@@,0x01132B44
??_7Open2Store880FC0@@6BSubsystemInterface@@@,0x01132B54
??_7Open2Store8F75D0@@6BSnapshot@@@,0x01138D08
??_7Open2Store8F75D0@@6BSubsystemInterface@@@,0x01138D18
??_7Open2Store9A2680@@6BSnapshot@@@,0x01141670
??_7Open2Store9A2680@@6BSubsystemInterface@@@,0x01141680
??_7OpenContain@@6B?$OpenContainSecondaryBase@$01@@@,0x010AC038
??_7OpenContain@@6B?$OpenContainSecondaryBase@$02@@@,0x010AC018
??_7OpenContain@@6B?$OpenContainSecondaryBase@$03@@@,0x010AC014
??_7OpenContain@@6B?$OpenContainSecondaryBase@$04@@@,0x010AC004
??_7OpenContain@@6B?$OpenContainSecondaryBase@$05@@@,0x010ABFC8
??_7OpenContain@@6B?$OpenContainSecondaryBase@$06@@@,0x010ABFB8
??_7OpenContain@@6BBehaviorModuleInterface@@@,0x010AC1F0
??_7OpenContain@@6BObjectModule@@@,0x010AC2B8
??_7OpenContain@@6BUpdateModule@@@,0x010AC1E0
??_7OptionPreferences@@6B@,0x0107F9BC
??_7OrCondition@@6B@,0x010E84D8
??_7OrthoEmissionVelocityInfo@FXParticleSystem@@6B@,0x01110ACC
??_7OrthoEmissionVelocityModule@FXParticleSystem@@6B?$CategoryModuleInfo@$03@1@@,0x011119AC
??_7OrthoEmissionVelocityModule@FXParticleSystem@@6B@,0x011119C8
??_7OrthoEmissionVelocityModule@FXParticleSystem@@6BT1A1_005DD290@@@,0x011119B0
??_7OrthoEmissionVelocityModuleTemplate@FXParticleSystem@@6B?$CategoryModuleInfo@$03@1@@,0x01110AE0
??_7OrthoEmissionVelocityModuleTemplate@FXParticleSystem@@6B@,0x01110AF8
??_7OrthoEmissionVelocityModuleTemplate@FXParticleSystem@@6BModuleTemplate@1@@,0x01110AE4
??_7OutputChunk@@6B@,0x01086318
??_7OutwardEmissionVelocityInfo@FXParticleSystem@@6B@,0x01110BB8
??_7OutwardEmissionVelocityModule@FXParticleSystem@@6B?$CategoryModuleInfo@$03@1@@,0x01111A80
??_7OutwardEmissionVelocityModule@FXParticleSystem@@6B@,0x01111A6C
??_7OutwardEmissionVelocityModule@FXParticleSystem@@6BT1A1_005DD290@@@,0x01111A84
??_7OutwardEmissionVelocityModuleTemplate@FXParticleSystem@@6B?$CategoryModuleInfo@$03@1@@,0x01110BCC
??_7OutwardEmissionVelocityModuleTemplate@FXParticleSystem@@6B@,0x01110BE4
??_7OutwardEmissionVelocityModuleTemplate@FXParticleSystem@@6BModuleTemplate@1@@,0x01110BD0
??_7OverchargeBehavior@@6B@,0x010A7034
??_7OverchargeBehavior@@6BPB_DeepBase@@@,0x010A71F4
??_7OverchargeBehavior@@6BPB_Iface1@@@,0x010A7130
??_7OverchargeBehavior@@6BPB_Iface2@@@,0x010A7124
??_7OverchargeBehaviorInterface@@6B@,0x010A1BFC
??_7OverchargeBehaviorModuleData@@6B@,0x0107D534
??_7Overridable@@6B@,0x0107FCB0
??_7OwnerFieldsY005E4C10@@6B@,0x01112ABC
??_7OwnerFieldsY005E6290@@6B@,0x01112A4C
??_7PB_BehaviorModuleInterface@@6B@,0x0109C9D0
??_7PB_DamageInterface_002029F0@@6B@,0x010A1BFC
??_7PB_Iface1@@6B@,0x0109C9D0
??_7PB_Iface2@@6B@,0x0109CBA0
??_7PB_UpdateModuleInterface@@6B@,0x0109CBA0
??_7PPB_DieInterface@@6B@,0x010A2910
??_7PPB_Iface1@@6B@,0x0109C9D0
??_7PPB_Iface2@@6B@,0x0109CBA0
??_7PalantirCallbackWrapper@@6B@,0x010F6F84
??_7PalantirPlayerSideWrapper@@6B@,0x010F7348
??_7ParkingPlaceBehavior@@6B@,0x010A292C
??_7ParkingPlaceBehavior@@6BPPB_DeepBase@@@,0x010A2A1C
??_7ParkingPlaceBehavior@@6BPPB_Iface1@@@,0x010A2958
??_7ParkingPlaceBehavior@@6BPPB_Iface2@@@,0x010A2948
??_7PartTheHeavensUpdate@@6B@,0x010C0718
??_7PartTheHeavensUpdate@@6BBehaviorModuleInterface@@@,0x010C0728
??_7PartTheHeavensUpdate@@6BObjectModule@@@,0x010C07EC
??_7PartTheHeavensUpdate@@6BPB_DeepBase@@@,0x010C07EC
??_7PartTheHeavensUpdate@@6BPartTheHeavensUpdateIface1@@@,0x010C0728
??_7PartTheHeavensUpdate@@6BPartTheHeavensUpdateIface2@@@,0x010C0718
??_7PartTheHeavensUpdateIface1@@6B@,0x0109C9D0
??_7PartTheHeavensUpdateIface2@@6B@,0x0109CBA0
??_7Particle@@6B@,0x0110FE8C
??_7ParticleBufferClass@@6BMultiListObjectClass@@@,0x0113F610
??_7ParticleBufferClass@@6BRefCountClass@@@,0x0113F618
??_7ParticleEmitterClass@@6BMultiListObjectClass@@@,0x0113EE84
??_7ParticleEmitterClass@@6BRefCountClass@@@,0x0113EE88
??_7ParticleEmitterDefClass@@6B@,0x0113F908
??_7ParticleEmitterPrototypeClass@@6B@,0x01095704
??_7ParticleLifeEventModule@FXParticleSystem@@6BBfmeHolderCU@@@,0x01113244
??_7ParticleLifeEventModule@FXParticleSystem@@6BLifeEventCategorySlice@1@@,0x01113240
??_7ParticleLifeEventModule@FXParticleSystem@@6BLifeEventFlagsSlice@1@@,0x0111323C
??_7ParticleLifeEventModuleTemplate@FXParticleSystem@@6BPLEMT_Base@1@@,0x01111424
??_7ParticleLifeEventModuleTemplate@FXParticleSystem@@6BPLEMT_IfaceA@1@@,0x01111420
??_7ParticleLifeEventModuleTemplate@FXParticleSystem@@6BPLEMT_IfaceB@1@@,0x0111140C
??_7ParticleModule005F2CA0@@6BParticleModuleInterface005F2CA0@@@,0x01112FA4
??_7ParticleModule005F2CA0@@6BT1A1_005DD290@@@,0x01112FA8
??_7ParticleModuleCategorySlice@FXParticleSystem@@6B@,0x0110F9AC
??_7ParticleModuleFlagBase005FC800@@6B@,0x0107375C
??_7ParticleModuleFlagBase005FD300@@6B@,0x0107375C
??_7ParticleModuleInterface005F2CA0@@6B@,0x0110F97C
??_7ParticleModuleSnapshotSlice@FXParticleSystem@@6B@,0x011106F4
??_7ParticleModuleState005FC800@@6BParticleModuleFlagBase005FC800@@@,0x01112D10
??_7ParticleModuleState005FC800@@6BParticleModuleOwnerBase005FC800@@@,0x01112D14
??_7ParticleModuleState005FC800@@6BParticleModuleValuesBase005FC800@@@,0x01112CFC
??_7ParticleModuleState005FD300@@6BParticleModuleFlagBase005FD300@@@,0x01112DB8
??_7ParticleModuleState005FD300@@6BParticleModuleOwnerBase005FD300@@@,0x01112DBC
??_7ParticleModuleState005FD300@@6BParticleModuleValuesBase005FD300@@@,0x01112DA4
??_7ParticleModuleValuesBase005FC800@@6B@,0x01112A4C
??_7ParticleModuleValuesBase005FD300@@6B@,0x01112ABC
??_7ParticleSysBoneFXNugget@@6B@,0x010F33A8
??_7ParticleSystemFXNugget@@6B@,0x010F3520
??_7ParticleSystemInfo@FXParticleSystem@@6B@,0x01073878
??_7ParticleSystemInfoBase@FXParticleSystem@@6B@,0x01073744
??_7ParticleSystemManager@@6BSnapshot@@@,0x0110FDB8
??_7ParticleSystemManager@@6BSubsystemInterface@@@,0x0110FDCC
??_7ParticleSystemTemplate@FXParticleSystem@@6B@,0x0110FE64
??_7ParticleTerrainCollisionModuleTemplate@FXParticleSystem@@6BTerrainCollisionModuleTemplate@1@@,0x01111450
??_7ParticleTerrainCollisionModuleTemplate@FXParticleSystem@@6BTerrainCollisionTemplateIfaceA@1@@,0x0111144C
??_7ParticleTerrainCollisionModuleTemplate@FXParticleSystem@@6BTerrainCollisionTemplateIfaceB@1@@,0x01111438
??_7ParticleUplinkCannonUpdateModuleData@@6B@,0x010C1AC8
??_7ParticleUplinkCannonUpdateModuleDataBase@@6B@,0x01073744
??_7PartitionFilter@@6B@,0x01083B5C
??_7PartitionFilter@Rva00327D30@@6B@,0x01083B5C
??_7PartitionFilterAcceptByKindOf@@6B@,0x01083B70
??_7PartitionFilterAcceptByKindOf@Rva00327D30@@6B@,0x01083B70
??_7PartitionFilterGarrisonable@@6B@,0x010CFFE0
??_7PartitionFilterHordeMember@@6B@,0x010F5738
??_7PartitionFilterIsValidCarriage@@6B@,0x010F5738
??_7PartitionFilterOnMap@@6B@,0x0109687C
??_7PartitionFilterPlayer@@6B@,0x0109688C
??_7PartitionFilterPlayer@Rva00327D30@@6B@,0x0109688C
??_7PartitionFilterPlayerAffiliation@@6B@,0x0109689C
??_7PartitionFilterPossibleToAttack@@6B@,0x010FD964
??_7PartitionFilterPossibleToEnter@@6B@,0x010F5738
??_7PartitionFilterPossibleToHijack@@6B@,0x010F5738
??_7PartitionFilterRejectBuildings@@6B@,0x0109FB64
??_7PartitionFilterRejectByObjectStatus@@6B@,0x010956D4
??_7PartitionFilterRelationship@@6B@,0x01085DC0
??_7PartitionFilterRelationship@Rva00327D30@@6B@,0x01085DC0
??_7PartitionFilterSameMapStatus@@6B@,0x01085DD0
??_7PartitionFilterThing@@6B@,0x010CFFD0
??_7PartitionFilterUnmannedObject@@6B@,0x010D0000
??_7PartitionFilterValidCommandButtonTarget@@6B@,0x010A1A5C
??_7PartitionFilterWouldCollide@@6B@,0x010860A0
??_7PassiveAreaEffectBehavior@@6B@,0x010A5234
??_7PassiveAreaEffectBehavior@@6BBehaviorModuleInterface@@@,0x010A5240
??_7PassiveAreaEffectBehavior@@6BObjectModule@@@,0x010A5304
??_7PassiveAreaEffectBehavior@@6BPassiveAreaEffectBehaviorInterface@@@,0x010A5240
??_7PassiveAreaEffectBehavior@@6BPassiveAreaEffectBehaviorRoot@@@,0x010A5304
??_7PassiveAreaEffectBehavior@@6BPassiveAreaEffectUpdateInterface@@@,0x010A5234
??_7PassiveAreaEffectBehaviorInterface@@6B@,0x0109C9D0
??_7PassiveAreaEffectBehaviorModuleData@@6B@,0x010A5350
??_7PassiveAreaEffectBehaviorModuleDataBase@@6B@,0x01073744
??_7PassiveAreaEffectUpdateInterface@@6B@,0x0109CBA0
??_7Pathfinder@@6BPathfinderBaseFirst@@@,0x010EE5C8
??_7Pathfinder@@6BPathfinderBaseSecond@@@,0x010EE5B4
??_7Pathfinder@@6BRva00C73744SnapshotBase@@@,0x010EE5B4
??_7Pathfinder@@6BRva00CEE5C8PathServices@@@,0x010EE5C8
??_7PathfinderBaseSecond@@6B@,0x01073744
??_7PersistClass@@6B@,0x011135AC
??_7PhysicsBehavior@@6B@,0x010C0BBC
??_7PhysicsBehavior@@6BPB_DeepBase@@@,0x010C0C8C
??_7PhysicsBehavior@@6BPB_Iface1@@@,0x010C0BC8
??_7PhysicsBehavior@@6BPB_Iface2@@@,0x010C0BBC
??_7Pinger@@6B@,0x0111A1D0
??_7Pipe@@6B@,0x011453D0
??_7PivotMapClass@@6B?$DynamicVectorClass@M@@@,0x0113EB30
??_7PivotMapClass@@6BRefCountClass@@@,0x0113EB28
??_7Player@@6B@,0x010840CC
??_7PlayerController@@6B@,0x01073744
??_7PlayerHealSpecialPower@@6BBehaviorModule@@@,0x010B64CC
??_7PlayerHealSpecialPower@@6BModuleInterface@@@,0x010B6390
??_7PlayerHealSpecialPower@@6BSpecialPowerModuleInterface@@@,0x010B6408
??_7PlayerHealSpecialPowerModuleData@@6B@,0x010B6500
??_7PlayerList@@6BSnapshot@@@,0x01084168
??_7PlayerList@@6BSubsystemInterface@@@,0x0108417C
??_7PlayerUpgradeSpecialPower@@6BBehaviorModule@@@,0x010B6694
??_7PlayerUpgradeSpecialPower@@6BModuleInterface@@@,0x010B6558
??_7PlayerUpgradeSpecialPower@@6BSpecialPowerModuleInterface@@@,0x010B65D0
??_7PlayerUpgradeSpecialPowerModuleData@@6B@,0x010B66C8
??_7PlayingAudio@@6B@,0x0111C8C4
??_7PointDefenseLaserUpdate@@6B@,0x010BC684
??_7PointDefenseLaserUpdate@@6BPB_DeepBase@@@,0x010BC86C
??_7PointDefenseLaserUpdate@@6BPB_Iface1@@@,0x010BC7A8
??_7PointDefenseLaserUpdate@@6BPB_Iface2@@@,0x010BC798
??_7PointDefenseLaserUpdateIface@@6B@,0x010BC650
??_7PointDefenseLaserUpdateModuleData@@6B@,0x0108B808
??_7PointEmissionVolumeModule@FXParticleSystem@@6B@,0x01111850
??_7PointEmissionVolumeModule@FXParticleSystem@@6BParticleModuleCategorySlice@1@@,0x01111868
??_7PointEmissionVolumeModule@FXParticleSystem@@6BParticleModuleSnapshotSlice@1@@,0x01111864
??_7PointEmissionVolumeModule@FXParticleSystem@@6BT1A1_005DD290@@@,0x0111186C
??_7PointEmissionVolumeModuleTemplate@FXParticleSystem@@6B?$CategoryModuleInfo@$04@1@@,0x01110974
??_7PointEmissionVolumeModuleTemplate@FXParticleSystem@@6B@,0x01110960
??_7PointEmissionVolumeModuleTemplate@FXParticleSystem@@6BModuleTemplate@1@@,0x01110978
??_7PointGroupClass@@6B@,0x0113ACA4
??_7PoisonedBehaviorModuleData@@6B@,0x010A53B8
??_7PolyRemover@@6B@,0x0113D01C
??_7PolymorphicVptrBase01073744@@6B@,0x01073744
??_7PolymorphicVptrBase01073760@@6B@,0x01073760
??_7PolymorphicVptrBase0110F978@@6B@,0x0110F978
??_7PolymorphicVptrBase0110F9E4@@6B@,0x0110F9E4
??_7PolymorphicVptrBase0110F9E8@@6B@,0x0110F9E8
??_7PolymorphicVptrBase0110FA14@@6B@,0x0110FA14
??_7PolymorphicVptrBase01111D20@@6B@,0x01111D20
??_7PolymorphicVptrDwordBase0107375C@@6B@,0x0107375C
??_7PopupMessageData@@6B@,0x010F58C4
??_7PorcupineFormationBodyModule@@6BBehaviorModule@@@,0x010A8FB0
??_7PorcupineFormationBodyModule@@6BBehaviorModuleInterface@@@,0x010A8EE8
??_7PorcupineFormationBodyModule@@6BBodyModuleInterface@@@,0x010A8E18
??_7PorcupineFormationBodyModuleModuleData@@6B@,0x010A9010
??_7PreorderCreate@@6BBehaviorModule@@@,0x010B1A7C
??_7PreorderCreate@@6BCreateModuleInterface@@@,0x010B19B8
??_7PreorderCreate@@6BModuleInterface@@@,0x010B19A4
??_7ProcessAnimateWindowSlideFromBottom@@6B@,0x010FA2A8
??_7ProcessAnimateWindowSlideFromBottomTimed@@6B@,0x010FA21C
??_7ProcessAnimateWindowSlideFromLeft@@6B@,0x010FA270
??_7ProcessAnimateWindowSlideFromRight@@6B@,0x010FA254
??_7ProcessAnimateWindowSlideFromRightFast@@6B@,0x010FA2E0
??_7ProcessAnimateWindowSlideFromTop@@6B@,0x010FA28C
??_7ProcessAnimateWindowSlideFromTopFast@@6B@,0x010FA2C4
??_7ProcessAnimateWindowSpiral@@6B@,0x010FA238
??_7ProductionSpeedBonus@@6BBehaviorModule@@@,0x010B68FC
??_7ProductionSpeedBonus@@6BModuleInterface@@@,0x010B67C0
??_7ProductionSpeedBonus@@6BSpecialPowerModuleInterface@@@,0x010B6838
??_7ProductionSpeedBonusModuleData@@6B@,0x010B6930
??_7ProductionUpdate@@6B?$ProductionUpdateSecondaryBase@$00@@@,0x010C0E00
??_7ProductionUpdate@@6B?$ProductionUpdateSecondaryBase@$01@@@,0x010C0DFC
??_7ProductionUpdate@@6BBehaviorModuleInterface@@@,0x010C0E70
??_7ProductionUpdate@@6BDieModuleInterface@@@,0x010C0DFC
??_7ProductionUpdate@@6BObjectModule@@@,0x010C0F34
??_7ProductionUpdate@@6BProductionUpdateInterface@@@,0x010C0E00
??_7ProductionUpdate@@6BUpdateModule@@@,0x010C0E64
??_7ProductionUpdate@@6BUpdateModuleInterface@@@,0x010C0E64
??_7ProductionUpdateInterface@@6B@,0x010C0D98
??_7ProductionUpdateModuleData@@6B@,0x010C0F68
??_7ProneUpdateModuleData@@6B@,0x010C1290
??_7PropagandaTowerBehavior@@6B@,0x010A5584
??_7PropagandaTowerBehavior@@6BPB_DeepBase@@@,0x010A576C
??_7PropagandaTowerBehavior@@6BPB_Iface1@@@,0x010A56A8
??_7PropagandaTowerBehavior@@6BPB_Iface2@@@,0x010A569C
??_7PropagandaTowerBehaviorBase@@6B@,0x01073744
??_7PropagandaTowerBehaviorIface@@6B@,0x010A257C
??_7PropagandaTowerBehaviorModuleData@@6B@,0x010BDD28
??_7ProxyArrayClass@@6B?$VectorClass@VProxyRecordClass@@@@@,0x0113EBCC
??_7ProxyArrayClass@@6B@,0x0113EBAC
??_7ProxyArrayClass@@6BRefCountClass@@@,0x0113EBC4
??_7Q2ArrayOwnerBase@@6B@,0x011135AC
??_7Q3EhBaseOne@@6B@,0x01073744
??_7Q3EhBaseTwo@@6B@,0x01135D68
??_7Q3MakeBaseB@@6B@,0x01129744
??_7Q4Base00D35D68@@6B@,0x01135D68
??_7QuadDrawModuleInfo@FXParticleSystem@@6B@,0x01110CB8
??_7QuadDrawModuleTemplate@FXParticleSystem@@6B?$CategoryModuleInfo@$05@1@@,0x01110CCC
??_7QuadDrawModuleTemplate@FXParticleSystem@@6B@,0x01110CE4
??_7QuadDrawModuleTemplate@FXParticleSystem@@6BModuleTemplate@1@@,0x01110CD0
??_7QueueProductionExitUpdate@@6BDynamicPortalBase4@@@,0x010A3854
??_7QueueProductionExitUpdate@@6BDynamicPortalBase5@@@,0x010A3844
??_7QueueProductionExitUpdate@@6BDynamicPortalModuleInterface@@@,0x010A3858
??_7QueueProductionExitUpdate@@6BDynamicPortalObjectModule@@@,0x010A397C
??_7QueueProductionExitUpdate@@6BDynamicPortalUpgradeMux@@@,0x010A3868
??_7QueueProductionExitUpdate@@6BQueueProductionExitUpdateInterface@@@,0x010A38B8
??_7QueueProductionExitUpdateModule@@6BDynamicPortalObjectModule@@@,0x0109CB5C
??_7QueueProductionExitUpdateModule@@6BQueueProductionExitUpdateInterface@@@,0x0109CA98
??_7QueueProductionExitUpdateModuleData@@6B@,0x0108CFC0
??_7QuickMatchPreferences@@6B@,0x01080FF8
??_7RAMFile@@6B@,0x01143C58
??_7ROFU_BehaviorModule@@6BROFU_DeepBase@@@,0x0109CB5C
??_7ROFU_BehaviorModule@@6BROFU_Iface1@@@,0x0109CA98
??_7ROFU_Iface1@@6B@,0x0109C9D0
??_7ROFU_Iface2@@6B@,0x0109CBA0
??_7ROFU_Interface@@6B@,0x010C168C
??_7RRU_Iface1@@6B@,0x0109C9D0
??_7RRU_Iface2@@6B@,0x0109CBA0
??_7RTS2DScene@@6BSimpleSceneClass@@@,0x01120A80
??_7RTS2DScene@@6BSubsystemInterface@@@,0x01120A50
??_7RTS3DScene@@6BSimpleSceneClass@@@,0x01120BE0
??_7RTS3DScene@@6BSubsystemInterface@@@,0x01120BB0
??_7RU_Iface1@@6B@,0x0109C9D0
??_7RU_Iface2@@6B@,0x0109CBA0
??_7Radar@@6BSnapshot@@@,0x010888AC
??_7Radar@@6BSubsystemInterface@@@,0x01088880
??_7RadarObject@@6B@,0x01088838
??_7RadarUpdate@@6BBehaviorInterface@@@,0x010C1488
??_7RadarUpdate@@6BObjectModule@@@,0x010C154C
??_7RadarUpdate@@6BUpdateInterface@@@,0x010C147C
??_7RadarUpdateModuleData@@6B@,0x010C1428
??_7RadarUpgrade@@6BBehaviorModule@@@,0x010CDB64
??_7RadarUpgrade@@6BBehaviorModuleInterface@@@,0x010CDAA0
??_7RadarUpgrade@@6BModuleInterface@@@,0x010CDA3C
??_7RadarUpgrade@@6BUpgradeMux@@@,0x010CDA50
??_7RadarUpgradeModuleData@@6B@,0x0108F498
??_7RadiusDecalUpdate@@6B@,0x010C1580
??_7RadiusDecalUpdate@@6BBehaviorModuleInterface@@@,0x010C1590
??_7RadiusDecalUpdate@@6BModuleInterface@@@,0x010C1580
??_7RadiusDecalUpdate@@6BObjectModule@@@,0x010C1654
??_7RadiusDecalUpdate@@6BUpdateModuleInterface@@@,0x010C1590
??_7RadiusDecalUpdateModuleData@@6B@,0x0108CE10
??_7RailedTransportDockUpdate@@6B@,0x010CAC2C
??_7RailedTransportDockUpdate@@6BBehaviorModuleInterface@@@,0x010CACB0
??_7RailedTransportDockUpdate@@6BDockUpdate@@@,0x010CAD74
??_7RailedTransportDockUpdate@@6BDockUpdateInterface@@@,0x010CAC40
??_7RailedTransportDockUpdate@@6BObjectModule@@@,0x010CAD74
??_7RailedTransportDockUpdate@@6BRailedTransportDockUpdateInterface@@@,0x010CAC2C
??_7RailedTransportDockUpdate@@6BUpdateModule@@@,0x010CACA0
??_7RailedTransportDockUpdate@@6BUpdateModuleInterface@@@,0x010CACA0
??_7RailedTransportDockUpdateInterface@@6B@,0x010CAC1C
??_7RailedTransportDockUpdateModuleData@@6B@,0x010CADD0
??_7RainOfFireUpdate@@6B@,0x010C1838
??_7RainOfFireUpdate@@6BROFU_DeepBase@@@,0x010C1914
??_7RainOfFireUpdate@@6BROFU_Iface1@@@,0x010C1850
??_7RainOfFireUpdate@@6BROFU_Iface2@@@,0x010C1844
??_7RainOfFireUpdate@@6BROFU_Interface@@@,0x010C1838
??_7RainOfFireUpdate@@6BUpdateModule@@@,0x010C1844
??_7RainOfFireUpdateModuleData@@6B@,0x010C1698
??_7RampageBehavior@@6BPB_DeepBase@@@,0x010A5A24
??_7RampageBehavior@@6BRampageBehaviorIface1@@@,0x010A5960
??_7RampageBehavior@@6BRampageBehaviorIface2@@@,0x010A5954
??_7RampageBehaviorIface1@@6B@,0x0109C9D0
??_7RampageBehaviorIface2@@6B@,0x0109CBA0
??_7RandomSoundSelectorClientBehavior@@6BClientUpdateModule@@@,0x01115918
??_7RandomSoundSelectorClientBehavior@@6BSoundSelectorInterface@@@,0x01115908
??_7RandomSoundSelectorClientBehaviorModuleData@@6B@,0x0108F6A8
??_7RandomTextureMapperClass@@6B@,0x0113E53C
??_7RankInfo@@6B@,0x010EC4F8
??_7RankInfoStore@@6B@,0x01075F40
??_7RawFileClass@@6B@,0x01145548
??_7RayEffectFXNugget@@6B@,0x010F33F0
??_7RayEffectSystem@@6B@,0x01110130
??_7RebuildHoleBehavior@@6BDynamicPortalBase4@@@,0x010A3854
??_7RebuildHoleBehavior@@6BDynamicPortalBase5@@@,0x010A3844
??_7RebuildHoleBehavior@@6BDynamicPortalModuleInterface@@@,0x010A3858
??_7RebuildHoleBehavior@@6BDynamicPortalObjectModule@@@,0x010A397C
??_7RebuildHoleBehavior@@6BDynamicPortalUpgradeMux@@@,0x010A3868
??_7RebuildHoleBehavior@@6BRebuildHoleBehaviorInterface@@@,0x010A38B8
??_7RebuildHoleBehaviorModule@@6BDynamicPortalObjectModule@@@,0x0109CB5C
??_7RebuildHoleBehaviorModule@@6BRebuildHoleBehaviorInterface@@@,0x0109CA98
??_7RecorderClass@@6B@,0x0107FEF4
??_7RefCountClass@@6B@,0x011135AC
??_7ReflectDamage@@6BBehaviorModule@@@,0x010B240C
??_7ReflectDamage@@6BInlineDamageModuleInterface@@@,0x010B2348
??_7ReflectDamage@@6BModuleInterface@@@,0x010B2334
??_7ReflectDamageModuleData@@6B@,0x010B22E0
??_7RefundDie@@6BBehaviorModuleInterface@@@,0x010B3258
??_7RefundDie@@6BDieModuleInterface@@@,0x010B3254
??_7RefundDie@@6BObjectModule@@@,0x010B331C
??_7RefundDieModuleData@@6B@,0x0108B4E0
??_7Render2DSentenceClass@@6B@,0x0113CEAC
??_7RenderObjClass@@6BMultiListObjectClass@@@,0x0113BD84
??_7RenderObjClass@@6BPersistClass@@@,0x0113BD88
??_7RenderObjClass@@6BRefCountClass@@@,0x0113BD88
??_7RenderObjectDrawCategoryBase@@6BRenderObjectDrawCategoryBaseA@@@,0x0110FC50
??_7RenderObjectDrawCategoryBase@@6BRenderObjectDrawCategoryBaseB@@@,0x0110FC4C
??_7RenderObjectDrawCategoryBaseB@@6B@,0x0110F97C
??_7RenderObjectDrawModule@FXParticleSystem@@6B@,0x01112F68
??_7RenderObjectDrawModule@FXParticleSystem@@6BBfmeR0@@@,0x01112F80
??_7RenderObjectDrawModule@FXParticleSystem@@6BBfmeR1@@@,0x01112F7C
??_7RenderObjectDrawModuleInfo@FXParticleSystem@@6B@,0x011112B8
??_7RenderObjectDrawModuleInfoBase@FXParticleSystem@@6B@,0x01073744
??_7RenderObjectDrawModuleTemplate@FXParticleSystem@@6B?$CategoryModuleInfo@$05@1@@,0x011112CC
??_7RenderObjectDrawModuleTemplate@FXParticleSystem@@6B@,0x011112E4
??_7RenderObjectDrawModuleTemplate@FXParticleSystem@@6BModuleTemplate@1@@,0x011112D0
??_7RenderObjectDrawModuleTemplate@FXParticleSystem@@6BRenderObjectDrawCategoryBaseA@@@,0x011112D0
??_7RenderObjectDrawModuleTemplate@FXParticleSystem@@6BRenderObjectDrawCategoryBaseB@@@,0x011112CC
??_7RenderObjectUpdateModuleTemplate@FXParticleSystem@@6B?$CategoryModuleInfo@$00@1@@,0x01110D8C
??_7RenderObjectUpdateModuleTemplate@FXParticleSystem@@6B@,0x01110DA4
??_7RenderObjectUpdateModuleTemplate@FXParticleSystem@@6BModuleTemplate@1@@,0x01110D90
??_7RenderObjectUpdateModuleTemplate@FXParticleSystem@@6BROUMT_VtblBaseA@@@,0x01110D90
??_7RenderObjectUpdateModuleTemplate@FXParticleSystem@@6BROUMT_VtblBaseB@@@,0x01110D8C
??_7RepairDockUpdate@@6B@,0x010CAE60
??_7RepairDockUpdate@@6BBehaviorModule@@@,0x010CAF94
??_7RepairDockUpdate@@6BBehaviorModuleInterface@@@,0x010CAED0
??_7RepairDockUpdate@@6BDockUpdate@@@,0x010CAF94
??_7RepairDockUpdate@@6BDockUpdateInterface@@@,0x010CAE60
??_7RepairDockUpdate@@6BUpdateModuleInterface@@@,0x010CAEC0
??_7RepairDockUpdateModuleData@@6B@,0x010CAFC8
??_7RepairSpecialPower@@6BBehaviorModule@@@,0x010B6ADC
??_7RepairSpecialPower@@6BModuleInterface@@@,0x010B69A0
??_7RepairSpecialPower@@6BSpecialPowerModuleInterface@@@,0x010B6A18
??_7RepairSpecialPowerModuleData@@6B@,0x010B6B10
??_7ReplayGameInfo@@6B@,0x0107FEB0
??_7ReplenishUnitsBehavior@@6BBehaviorModuleInterface@@@,0x010A5B80
??_7ReplenishUnitsBehavior@@6BObjectModule@@@,0x010A5C44
??_7ReplenishUnitsBehavior@@6BSpawnBehaviorFourthBase@@@,0x010A5AC0
??_7ReplenishUnitsBehavior@@6BUpdateModule@@@,0x010A5B74
??_7ReplenishUnitsBehaviorModuleData@@6B@,0x010A5C78
??_7ResourceGatheringManager@@6B@,0x01084C40
??_7ResourceGatheringManagerBase@@6B@,0x01073744
??_7RespawnBody@@6BBehaviorModule@@@,0x010A9268
??_7RespawnBody@@6BBehaviorModuleInterface@@@,0x010A91A0
??_7RespawnBody@@6BBodyModuleInterface@@@,0x010A90D0
??_7RespawnBodyModuleData@@6B@,0x010A92C8
??_7RespawnUpdate@@6BRU_DeepBase@@@,0x010C1A84
??_7RespawnUpdate@@6BRU_Iface1@@@,0x010C19C0
??_7RespawnUpdate@@6BRU_Iface2@@@,0x010C19B4
??_7RetailCollideModuleData@@6B@,0x0108A350
??_7RetailDamageModuleData@@6B@,0x0108A350
??_7RetailUpdateModuleData@@6B@,0x0108A350
??_7RiderChangeContain@@6BRiderChangeContainBase@@@,0x010ACAF0
??_7RiderChangeContain@@6BRiderChangeContainIface1@@@,0x010ACA28
??_7RiderChangeContain@@6BRiderChangeContainIface2@@@,0x010ACA18
??_7RiderChangeContain@@6BRiderChangeContainIface3@@@,0x010AC870
??_7RiderChangeContain@@6BRiderChangeContainIface4@@@,0x010AC854
??_7RiderChangeContain@@6BRiderChangeContainIface5@@@,0x010AC850
??_7RiderChangeContain@@6BRiderChangeContainIface6@@@,0x010AC840
??_7RiderChangeContain@@6BRiderChangeContainIface7@@@,0x010AC804
??_7RiderChangeContain@@6BRiderChangeContainIface8@@@,0x010AC7F4
??_7RiderChangeContain@@6BRiderChangeContainIface9@@@,0x010AC7F0
??_7RiderChangeContainModuleData@@6B@,0x010B7858
??_7RiderChangeContainModuleDataBase@@6B@,0x01073744
??_7RopeDrawInterface@@6B@,0x011234C4
??_7RotateTextureMapperClass@@6B@,0x0113E3F0
??_7RousingSpeechUpdate@@6BSpecialAbilityUpdateBaseInterface1@@@,0x010B6CC8
??_7RousingSpeechUpdate@@6BSpecialAbilityUpdateInterface@@@,0x010B6C8C
??_7RousingSpeechUpdate@@6BSpecialAbilityUpdateObjectModule@@@,0x010B6D90
??_7RousingSpeechUpdate@@6BSpecialAbilityUpdateUpdateModule@@@,0x010B6CB8
??_7RousingSpeechUpdateModuleData@@6B@,0x010B6DF8
??_7RubbleRiseUpdate@@6B@,0x010C2890
??_7RubbleRiseUpdate@@6BDieModuleInterface@@@,0x010C2890
??_7RubbleRiseUpdate@@6BRRU_DeepBase@@@,0x010C29C4
??_7RubbleRiseUpdate@@6BRRU_Iface1@@@,0x010C2900
??_7RubbleRiseUpdate@@6BRRU_Iface2@@@,0x010C28F4
??_7RubbleRiseUpdateModuleDataBase@@6B@,0x01073744
??_7RunOffMapBehavior@@6B@,0x010A5E0C
??_7RunOffMapBehavior@@6BRunOffMapBehaviorBase@@@,0x010A5F8C
??_7RunOffMapBehavior@@6BRunOffMapBehaviorIface1@@@,0x010A5EC8
??_7RunOffMapBehavior@@6BRunOffMapBehaviorIface2@@@,0x010A5E0C
??_7RunOffMapBehaviorIface1@@6B@,0x0109C9D0
??_7RunOffMapBehaviorIface2@@6B@,0x010A5E08
??_7Rva0005BB20@@6B@,0x01073728
??_7Rva0005C110Surface@@6B@,0x01073740
??_7Rva000659E0MultiTailDtor@@6B@,0x01075520
??_7Rva000678B0Body@@6B@,0x010758F8
??_7Rva0006B0D0@@6B@,0x01075AD8
??_7Rva0006B140TailDtor@@6B@,0x01075AD8
??_7Rva0006B450Node@@6B@,0x01075BC0
??_7Rva0006B690TailDtor@@6B@,0x01075BC8
??_7Rva0006E0C0@@6B@,0x01075BC0
??_7Rva00070620@@6B@,0x01075DE0
??_7Rva00076B60@@6B@,0x01075EE8
??_7Rva0007B850Exception@@6B@,0x010766DC
??_7Rva00086320TailDtor@@6B@,0x0107C6F8
??_7Rva00087320@@6B@,0x0107C7DC
??_7Rva00087370Deleting@@6B@,0x0107C7DC
??_7Rva0008A3D0@@6B@,0x0107D530
??_7Rva0008A3E0Deleting@@6B@,0x0107D530
??_7Rva0008F840MultiTailDtor@@6B@,0x0107F980
??_7Rva0008FE00Owner@@6B@,0x0107F984
??_7Rva0009C1E0TailDtor@@6B@,0x01080460
??_7Rva000AAFC0TailDtor@@6B@,0x01081048
??_7Rva000AAFD0TailDtor@@6B@,0x01081070
??_7Rva000AF7C0@@6B@,0x010817AC
??_7Rva000AFC40Deleting@@6B@,0x010817AC
??_7Rva000B9AD0MultiTailDtor@@6B@,0x01082DE0
??_7Rva000C3980Base@@6B@,0x0107FCB0
??_7Rva000C3B70@@6B@,0x01083B5C
??_7Rva000C3BB0Deleting@@6B@,0x01083B5C
??_7Rva000C3DD0VptrZeroBlockObject@@6B@,0x01083B70
??_7Rva000C3FF0@@6B@,0x01083B90
??_7Rva000C4040TailDtor@@6B@,0x01083B90
??_7Rva000C8480Owner@@6B@,0x01083CA4
??_7Rva000CBAA0@@6B@,0x01083D18
??_7Rva000D3FA0Map@@6B@,0x01083E94
??_7Rva000D3FA0PoolObject@@6B@,0x01073744
??_7Rva000DA590Map@@6B@,0x01083E94
??_7Rva000E9A40@@6B@,0x01084DF0
??_7Rva000FBCB0VptrZeroMixedObject@@6B@,0x010860A0
??_7Rva000FBDF0@@6B@,0x010860C0
??_7Rva000FBE10Poly@@6B@,0x010860C0
??_7Rva00101B70Deleting@@6B@,0x010861B0
??_7Rva00101BE0@@6B@,0x010861B0
??_7Rva00102330InputStream@@6B@,0x01086300
??_7Rva00102460@@6B@,0x01086318
??_7Rva00102470Deleting@@6B@,0x01086318
??_7Rva001026E0@@6B@,0x0108631C
??_7Rva001026F0Deleting@@6B@,0x0108631C
??_7Rva00102900@@6B@,0x01086320
??_7Rva00103160@@6B@,0x01086348
??_7Rva00105350TailDtor@@6B@,0x01087AC0
??_7Rva001129B0@@6BGenBase009A1A30@@@,0x01089644
??_7Rva001129B0@@6BGenBase01073744@@@,0x01089630
??_7Rva001139E0@@6B@,0x010896B8
??_7Rva00121D10TailDtor@@6B@,0x0108ACB8
??_7Rva00121EC0@@6B@,0x0108ACF8
??_7Rva00122CF0@@6B@,0x0108AD88
??_7Rva00122D30@@6B@,0x0108ADE0
??_7Rva00122D50@@6B@,0x0108AE38
??_7Rva00122E90@@6B@,0x0108AF20
??_7Rva00122F80@@6B@,0x0108B1B8
??_7Rva00123E20@@6B@,0x0108CE10
??_7Rva00124580@@6B@,0x0108D638
??_7Rva001246D0@@6B@,0x0108D748
??_7Rva00126080ModuleData@@6B@,0x0108E998
??_7Rva00127C60ModuleData@@6B@,0x0108EB50
??_7Rva0012B140@@6B@,0x0108F390
??_7Rva0012B380@@6B@,0x0108F440
??_7Rva0012B480@@6B@,0x0108F498
??_7Rva0012B580ModuleData@@6B@,0x0108F4F0
??_7Rva0012B880@@6B@,0x0108F5A0
??_7Rva0012B9B0@@6B@,0x0108F5F8
??_7Rva00146BA0OverridableView@@6B@,0x0107FCB0
??_7Rva00149EA0VptrZeroBlockObject@@6B@,0x010956D4
??_7Rva00149F20VptrZeroObject@@6B@,0x010956E4
??_7Rva00149FC0FunctorValueWrapper@@6B@,0x01095714
??_7Rva00149FF0FunctorValueWrapper@@6B@,0x01095724
??_7Rva0014A580FunctorValueWrapper@@6B@,0x01095734
??_7Rva0014A5E0FunctorValueWrapper@@6B@,0x01095744
??_7Rva0014C850Store@@6B@,0x010959D4
??_7Rva0014E640TailDtor@@6B@,0x01095A38
??_7Rva0014F380State@@6B@,0x01095B80
??_7Rva0014F420State@@6B@,0x01095BF0
??_7Rva0014F490State@@6B@,0x01095C68
??_7Rva0014F510State@@6B@,0x01095CC0
??_7Rva0014F590State@@6B@,0x01095D38
??_7Rva0014F610State@@6B@,0x01095DB0
??_7Rva0014F690State@@6B@,0x01095E28
??_7Rva0014F710State@@6B@,0x01095EA0
??_7Rva0015B740@@6B@,0x01095FB8
??_7Rva0015B940VptrZeroObject@@6B@,0x01095FCC
??_7Rva0015CE80State@@6B@,0x010961E0
??_7Rva0015CF50State@@6B@,0x010962C8
??_7Rva0015E730TailDtor@@6B@,0x01096420
??_7Rva0015EC40State@@6B@,0x01096520
??_7Rva0015F070GuardState@@6B@,0x010965C8
??_7Rva0015FD00State@@6B@,0x010966F8
??_7Rva0015FDB0State@@6B@,0x01096770
??_7Rva0015FE20State@@6B@,0x010967E8
??_7Rva00160BB0VptrZeroObject@@6B@,0x0109685C
??_7Rva00160BE0VptrZeroBlockObject@@6B@,0x0109686C
??_7Rva00160CA0VptrZeroObject@@6B@,0x0109688C
??_7Rva0016A9F0FunctorValueWrapper@@6B@,0x01097144
??_7Rva0016AA20VptrZeroObject@@6B@,0x01097154
??_7Rva0016AB00TailDtor@@6B@,0x01097168
??_7Rva0016AB50TailDtor@@6B@,0x010971D0
??_7Rva0016ABA0TailDtor@@6B@,0x01097238
??_7Rva0016ABF0TailDtor@@6B@,0x010972A0
??_7Rva0016AC40TailDtor@@6B@,0x01097310
??_7Rva0016AC60TailDtor@@6B@,0x01097380
??_7Rva0016ACE0TailDtor@@6B@,0x010973F8
??_7Rva0016B230TailDtor@@6B@,0x01097468
??_7Rva0016B5A0TailDtor@@6B@,0x01097588
??_7Rva0016CB60TailDtor@@6B@,0x010976F8
??_7Rva0016D590VptrZeroObject@@6B@,0x01097744
??_7Rva00170F30State@@6B@,0x01097A20
??_7Rva00171060State@@6B@,0x01097AF8
??_7Rva001710C0State@@6B@,0x01097B68
??_7Rva00171120State@@6B@,0x01097BE0
??_7Rva00171250State@@6B@,0x01097D40
??_7Rva00171480State@@6B@,0x01097F70
??_7Rva001714E0State@@6B@,0x01097FD8
??_7Rva00171540State@@6B@,0x01098048
??_7Rva001715A0State@@6B@,0x010980B0
??_7Rva00171610State@@6B@,0x01098120
??_7Rva001716D0State@@6B@,0x010981E0
??_7Rva00171820State@@6B@,0x01098330
??_7Rva00171930State@@6B@,0x01098408
??_7Rva001719A0State@@6B@,0x01098470
??_7Rva001719F0State@@6B@,0x010984D8
??_7Rva00171B40AIAttackFireWeaponState@@6B@,0x01097DC0
??_7Rva00171B40AIWaitUntilFinishedFiringState@@6B@,0x01097D40
??_7Rva00171B40AttackHordeStateMachine@@6B@,0x01097310
??_7Rva00171D50State@@6B@,0x01098540
??_7Rva00171DB0@@6B@,0x01098540
??_7Rva00173620State@@6B@,0x01098FA8
??_7Rva00173F30@@6B@,0x01097AF8
??_7Rva001744C0State@@6B@,0x010991D0
??_7Rva001780A0@@6B@,0x01099848
??_7Rva00179550@@6B@,0x01099C08
??_7Rva0017D1F0@@6B@,0x01097E30
??_7Rva0017D7A0@@6B@,0x01097F08
??_7Rva0017D830@@6B@,0x01097F70
??_7Rva0017E060@@6B@,0x010981E0
??_7Rva0017E160@@6B@,0x01098248
??_7Rva0017E2F0@@6B@,0x010982B8
??_7Rva0017E3F0@@6B@,0x01098330
??_7Rva0017E870@@6B@,0x01098398
??_7Rva0017F4F0State@@6B@,0x0109A458
??_7Rva00180050State@@6B@,0x0109AC38
??_7Rva001800A0State@@6B@,0x0109ACA8
??_7Rva00180550State@@6B@,0x0109AE70
??_7Rva00181DF0Owner@@6B@,0x0109AEF8
??_7Rva00183C10@@6B@,0x0109B190
??_7Rva00183DC0@@6B@,0x0109B220
??_7Rva0018AC40State@@6B@,0x0109B560
??_7Rva0018ACA0State@@6B@,0x0109B5E0
??_7Rva0018AD60State@@6B@,0x0109B6D0
??_7Rva0018C2D0TailDtor@@6B@,0x0109B828
??_7Rva0018D600@@6BBfmeBaseVUQ@@@,0x0109BBF4
??_7Rva0018D600@@6BRva0018D600Base2@@@,0x0109BBDC
??_7Rva001B0820Store@@6B@,0x0109C838
??_7Rva001B0BC0Store@@6B@,0x0109C838
??_7Rva001B24D0Deleting@@6B@,0x0109C9BC
??_7Rva001B2A90@@6B@,0x0109C9D0
??_7Rva001B2AA0MultiTailDtor@@6BRva00047C53MultiBase@@@,0x0109CB5C
??_7Rva001B2AA0MultiTailDtor@@6BTailMixinA@@@,0x0109CA98
??_7Rva001B2B00@@6B@,0x0109CBA0
??_7Rva001B3A10@@6B@,0x0109CDD8
??_7Rva001B3E60SecondBase@@6BRva001B3E60SecondBaseCore@@@,0x0109CE08
??_7Rva001B3E60SecondBase@@6BRva001B3E60VBase@@@,0x0109CDF0
??_7Rva001B3E60VBase@@6B@,0x0109CDD8
??_7Rva001B6F20@@6B@,0x0109DF10
??_7Rva001B7450@@6B@,0x0109DF3C
??_7Rva001BDC00@@6B@,0x0109E090
??_7Rva001BDC20@@6B@,0x0109E0E8
??_7Rva001BDC40@@6B@,0x0109E140
??_7Rva001BDC60@@6B@,0x0109E198
??_7Rva001BDC80@@6B@,0x0109E1F0
??_7Rva001BDCA0@@6B@,0x0109E248
??_7Rva001BDE50@@6B@,0x0109E2DC
??_7Rva001BDE60@@6B@,0x0109E304
??_7Rva001C0CF0@@6B@,0x0109E338
??_7Rva001D5E00@@6B@,0x0109F0C4
??_7Rva001D6D80Head@@6B@,0x0109F0C4
??_7Rva001DCAF0Filter@@6B@,0x0109FB54
??_7Rva001DCBB0Filter@@6B@,0x0109685C
??_7Rva001DDC90Poly@@6B@,0x0109FB98
??_7Rva001DDCA0@@6B@,0x0109FB88
??_7Rva001EE620@@6B@,0x010A1BFC
??_7Rva001EE790DeepDtor@@6BRva001EE790DeepDtorL2M0@@@,0x010A1C20
??_7Rva001EE790DeepDtor@@6BRva001EE790DeepDtorL2M1@@@,0x010A1C0C
??_7Rva001EE790DeepDtorL0@@6BNestedInlineBase@@@,0x0109CB5C
??_7Rva001EE790DeepDtorL0@@6BRva001EE790DeepDtorL0M0@@@,0x0109CA98
??_7Rva001EE790DeepDtorL1@@6B@,0x0109CBAC
??_7Rva001EF440@@6B@,0x010A1DE4
??_7Rva001EF4F0@@6B@,0x010A1E00
??_7Rva001F1EE0@@6B@,0x010A257C
??_7Rva001F1F20@@6B@,0x010A2580
??_7Rva001F5850@@6B@,0x010A2910
??_7Rva001F5B90NestedDtor@@6BRva001F5B90NestedDtorThirdMixin@@@,0x010A292C
??_7Rva001F5B90NestedDtorInlineMid@@6BNestedInlineBase@@@,0x0109CB5C
??_7Rva001F5B90NestedDtorInlineMid@@6BRva001F5B90NestedDtorFirstMixin@@@,0x0109CA98
??_7Rva001F5B90NestedDtorPaddedInlineMid@@6B@,0x0109CBAC
??_7Rva001F5F60@@6B@,0x010A2A58
??_7Rva001F6ED0@@6B@,0x010A2FD0
??_7Rva001F6EE0FlatDtor@@6BRva00032691FlatBase@@@,0x010A30DC
??_7Rva001F6EE0FlatDtor@@6BRva001F6EE0FlatDtorM0@@@,0x010A3018
??_7Rva001F6EE0FlatDtor@@6BRva001F6EE0FlatDtorM1@@@,0x010A3008
??_7Rva001F6EE0FlatDtor@@6BRva001F6EE0FlatDtorM2@@@,0x010A3004
??_7Rva001F6EE0FlatDtor@@6BRva001F6EE0FlatDtorM3@@@,0x010A2FF0
??_7Rva001F6EE0FlatDtor@@6BRva001F6EE0FlatDtorM4@@@,0x010A2FE0
??_7Rva001F6FC0VptrZeroObject@@6B@,0x010A3118
??_7Rva001F7780@@6B@,0x010A3180
??_7Rva001F7790NestedDtor@@6BRva001F7790NestedDtorThirdMixin@@@,0x010A3190
??_7Rva001F7790NestedDtorInlineMid@@6BNestedInlineBase@@@,0x0109CB5C
??_7Rva001F7790NestedDtorInlineMid@@6BRva001F7790NestedDtorFirstMixin@@@,0x0109CA98
??_7Rva001F7790NestedDtorPaddedInlineMid@@6B@,0x0109CBAC
??_7Rva001FABC0@@6B@,0x010A3C38
??_7Rva001FBFC0DeepDtor@@6BRva001FBFC0DeepDtorL2M0@@@,0x010A3F40
??_7Rva001FBFC0DeepDtor@@6BRva001FBFC0DeepDtorL2M1@@@,0x010A3F3C
??_7Rva001FBFC0DeepDtorL0@@6BNestedInlineBase@@@,0x0109CB5C
??_7Rva001FBFC0DeepDtorL0@@6BRva001FBFC0DeepDtorL0M0@@@,0x0109CA98
??_7Rva001FBFC0DeepDtorL1@@6B@,0x0109CBAC
??_7Rva001FC280VptrZeroBlockObject@@6B@,0x010A40B4
??_7Rva001FC330MultiTailDtor@@6BRva00047C53MultiBase@@@,0x010A40C4
??_7Rva001FC330MultiTailDtor@@6BRva1FC330IfaceA@@@,0x010A4108
??_7Rva001FC330MultiTailDtor@@6BRva1FC330Middle@@@,0x010A40F8
??_7Rva001FC330MultiTailDtor@@6BRva1FC330TrivialHead@@@,0x010A41CC
??_7Rva001FE040@@6B@,0x010A4298
??_7Rva001FEB50@@6BBehaviorModuleInterface@@@,0x010A4630
??_7Rva001FEB50@@6BGen_dtor_0110A4F4@@@,0x010A46F4
??_7Rva001FEB50@@6BRva001FEB50ExtraInterface@@@,0x010A45E0
??_7Rva001FEB50@@6BUpdateModule@@@,0x010A4624
??_7Rva00200840NestedDtor@@6B@,0x010A4CEC
??_7Rva00200840NestedDtorInlineMid@@6BNestedInlineBase@@@,0x0109CB5C
??_7Rva00200840NestedDtorInlineMid@@6BRva00200840NestedDtorFirstMixin@@@,0x0109CA98
??_7Rva00200870NestedDtor@@6B@,0x010A4CEC
??_7Rva00200870NestedDtorInlineMid@@6BNestedInlineBase@@@,0x0109CB5C
??_7Rva00200870NestedDtorInlineMid@@6BRva00200870NestedDtorFirstMixin@@@,0x0109CA98
??_7Rva002028E0NestedDtor@@6BRva002028E0NestedDtorThirdMixin@@@,0x010A53A4
??_7Rva002028E0NestedDtorInlineMid@@6BNestedInlineBase@@@,0x0109CB5C
??_7Rva002028E0NestedDtorInlineMid@@6BRva002028E0NestedDtorFirstMixin@@@,0x0109CA98
??_7Rva002028E0NestedDtorPaddedInlineMid@@6B@,0x0109CBAC
??_7Rva00202E50@@6B@,0x010A5580
??_7Rva00202E70Poly@@6B@,0x010A5580
??_7Rva00202E80NestedDtor@@6BRva00202E80NestedDtorThirdMixin@@@,0x010A5584
??_7Rva00202E80NestedDtorInlineMid@@6BNestedInlineBase@@@,0x0109CB5C
??_7Rva00202E80NestedDtorInlineMid@@6BRva00202E80NestedDtorFirstMixin@@@,0x0109CA98
??_7Rva00202E80NestedDtorPaddedInlineMid@@6B@,0x0109CBAC
??_7Rva00204360VptrZeroObject@@6B@,0x010A5AAC
??_7Rva00204FF0@@6B@,0x010A5E08
??_7Rva00205650@@6B@,0x010A5FBC
??_7Rva00205660NestedDtor@@6BRva00205660NestedDtorThirdMixin@@@,0x010A5FC0
??_7Rva00205660NestedDtorInlineMid@@6BNestedInlineBase@@@,0x0109CB5C
??_7Rva00205660NestedDtorInlineMid@@6BRva00205660NestedDtorFirstMixin@@@,0x0109CA98
??_7Rva00205660NestedDtorPaddedInlineMid@@6B@,0x0109CBAC
??_7Rva00205DE0@@6B@,0x010A61DC
??_7Rva00207790@@6B@,0x010A6590
??_7Rva0020A790@@6B@,0x010A6B40
??_7Rva0020CC70Update@@6BBfmeBannerCarrierInterface@@@,0x010A6D04
??_7Rva0020CC70Update@@6BBfmeBannerInterface@@@,0x010A6D10
??_7Rva0020CC70Update@@6BObjectModule@@@,0x010A6DD4
??_7Rva0020D080@@6B@,0x010A6EBC
??_7Rva0020D090NestedDtor@@6BRva0020D090NestedDtorThirdMixin@@@,0x010A6EC0
??_7Rva0020D090NestedDtorInlineMid@@6BNestedInlineBase@@@,0x0109CB5C
??_7Rva0020D090NestedDtorInlineMid@@6BRva0020D090NestedDtorFirstMixin@@@,0x0109CA98
??_7Rva0020D090NestedDtorPaddedInlineMid@@6B@,0x0109CBAC
??_7Rva0020D4E0NestedDtor@@6BRva0020D4E0NestedDtorThirdMixin@@@,0x010A7034
??_7Rva0020D4E0NestedDtorInlineMid@@6BNestedInlineBase@@@,0x0109CB5C
??_7Rva0020D4E0NestedDtorInlineMid@@6BRva0020D4E0NestedDtorFirstMixin@@@,0x0109CA98
??_7Rva0020D4E0NestedDtorPaddedInlineMid@@6B@,0x0109CBAC
??_7Rva0020DB10@@6B@,0x010A7348
??_7Rva0020DB20NestedDtor@@6B@,0x010A7418
??_7Rva0020DB20NestedDtorInlineMid@@6BNestedInlineBase@@@,0x0109CB5C
??_7Rva0020DB20NestedDtorInlineMid@@6BRva0020DB20NestedDtorFirstMixin@@@,0x0109CA98
??_7Rva0020DE10Poly@@6B@,0x010A74E8
??_7Rva0020E130@@6B@,0x010A74E8
??_7Rva0020E490@@6B@,0x010A74F0
??_7Rva0020F8E0Owner@@6B@,0x010A7718
??_7Rva0020F8E0Owner@@6BRva0020F8E0_DeepBase@@@,0x010A78B0
??_7Rva0020F8E0Owner@@6BRva0020F8E0_Iface1@@@,0x010A77E8
??_7Rva00212D30FlatDtor@@6BRva00017EEAFlatBase@@@,0x010A81A8
??_7Rva00212D30FlatDtor@@6BRva00212D30FlatDtorM0@@@,0x010A80E0
??_7Rva00212D30FlatDtor@@6BRva00212D30FlatDtorM1@@@,0x010A8010
??_7Rva00212D30FlatDtor@@6BRva00212D30FlatDtorM2@@@,0x010A7FC0
??_7Rva00213B70NestedDtor@@6B@,0x010A7418
??_7Rva00213B70NestedDtorInlineMid@@6BNestedInlineBase@@@,0x0109CB5C
??_7Rva00213B70NestedDtorInlineMid@@6BRva00213B70NestedDtorFirstMixin@@@,0x0109CA98
??_7Rva00215A70NestedDtor@@6BRva00215A70NestedDtorThirdMixin@@@,0x010A9720
??_7Rva00215A70NestedDtorInlineMid@@6BNestedInlineBase@@@,0x0109CB5C
??_7Rva00215A70NestedDtorInlineMid@@6BRva00215A70NestedDtorFirstMixin@@@,0x0109CA98
??_7Rva00215A70NestedDtorPaddedInlineMid@@6B@,0x0109CBAC
??_7Rva00219280@@6B@,0x010AACEC
??_7Rva00220630@@6B@,0x010ABD60
??_7Rva00220640@@6B@,0x010ABF08
??_7Rva0022CC70@@6B@,0x010AD1E4
??_7Rva002321A0@@6B@,0x010AE8E0
??_7Rva0024F3F0TailDtor@@6B@,0x010B12D8
??_7Rva0024F680@@6B@,0x010B1550
??_7Rva00251980VptrZeroBlockObject@@6B@,0x010B243C
??_7Rva00253BF0@@6B@,0x010B2794
??_7Rva00253D30NestedDtor@@6B@,0x010A4CEC
??_7Rva00253D30NestedDtorInlineMid@@6BNestedInlineBase@@@,0x0109CB5C
??_7Rva00253D30NestedDtorInlineMid@@6BRva00253D30NestedDtorFirstMixin@@@,0x0109CA98
??_7Rva002545E0NestedDtor@@6B@,0x010A4CEC
??_7Rva002545E0NestedDtorInlineMid@@6BNestedInlineBase@@@,0x0109CB5C
??_7Rva002545E0NestedDtorInlineMid@@6BRva002545E0NestedDtorFirstMixin@@@,0x0109CA98
??_7Rva00254960NestedDtor@@6B@,0x010A4CEC
??_7Rva00254960NestedDtorInlineMid@@6BNestedInlineBase@@@,0x0109CB5C
??_7Rva00254960NestedDtorInlineMid@@6BRva00254960NestedDtorFirstMixin@@@,0x0109CA98
??_7Rva00254F50NestedDtor@@6B@,0x010A4CEC
??_7Rva00254F50NestedDtorInlineMid@@6BNestedInlineBase@@@,0x0109CB5C
??_7Rva00254F50NestedDtorInlineMid@@6BRva00254F50NestedDtorFirstMixin@@@,0x0109CA98
??_7Rva00255320NestedDtor@@6B@,0x010A4CEC
??_7Rva00255320NestedDtorInlineMid@@6BNestedInlineBase@@@,0x0109CB5C
??_7Rva00255320NestedDtorInlineMid@@6BRva00255320NestedDtorFirstMixin@@@,0x0109CA98
??_7Rva00255580NestedDtor@@6B@,0x010A4CEC
??_7Rva00255580NestedDtorInlineMid@@6BNestedInlineBase@@@,0x0109CB5C
??_7Rva00255580NestedDtorInlineMid@@6BRva00255580NestedDtorFirstMixin@@@,0x0109CA98
??_7Rva00255840NestedDtor@@6B@,0x010A4CEC
??_7Rva00255840NestedDtorInlineMid@@6BNestedInlineBase@@@,0x0109CB5C
??_7Rva00255840NestedDtorInlineMid@@6BRva00255840NestedDtorFirstMixin@@@,0x0109CA98
??_7Rva00255A40NestedDtor@@6B@,0x010A4CEC
??_7Rva00255A40NestedDtorInlineMid@@6BNestedInlineBase@@@,0x0109CB5C
??_7Rva00255A40NestedDtorInlineMid@@6BRva00255A40NestedDtorFirstMixin@@@,0x0109CA98
??_7Rva00255DD0NestedDtor@@6B@,0x010A4CEC
??_7Rva00255DD0NestedDtorInlineMid@@6BNestedInlineBase@@@,0x0109CB5C
??_7Rva00255DD0NestedDtorInlineMid@@6BRva00255DD0NestedDtorFirstMixin@@@,0x0109CA98
??_7Rva002560A0NestedDtor@@6B@,0x010A4CEC
??_7Rva002560A0NestedDtorInlineMid@@6BNestedInlineBase@@@,0x0109CB5C
??_7Rva002560A0NestedDtorInlineMid@@6BRva002560A0NestedDtorFirstMixin@@@,0x0109CA98
??_7Rva00256890Module@@6BRva00256890Interface1@@@,0x010B3550
??_7Rva00256890Module@@6BRva00256890Interface2@@@,0x010B3540
??_7Rva00256890Module@@6BRva00256890PrimaryBase@@@,0x010B3614
??_7Rva0025A390FlatDtor@@6BRva00019565FlatBase@@@,0x010B44EC
??_7Rva0025A390FlatDtor@@6BRva0025A390FlatDtorM0@@@,0x010B4428
??_7Rva0025A390FlatDtor@@6BRva0025A390FlatDtorM1@@@,0x010B441C
??_7Rva0025A390FlatDtor@@6BRva0025A390FlatDtorM2@@@,0x010B43F0
??_7Rva0025A390FlatDtor@@6BRva0025A390FlatDtorM3@@@,0x010B4378
??_7Rva0025A390FlatDtor@@6BRva0025A390FlatDtorM4@@@,0x010B4358
??_7Rva0025E150UpgradeFilter@@6B@,0x010B5180
??_7Rva0025ED50ObjectFilter@@6B@,0x01085DD0
??_7Rva0025ED50ObjectFilter@Rva00327D30@@6B@,0x01085DD0
??_7Rva0025ED50RootFilter@@6B@,0x01083B80
??_7Rva0025ED50RootFilter@Rva00327D30@@6B@,0x01083B80
??_7Rva0025F2D0KindOfAnyFilter@@6B@,0x010B243C
??_7Rva00260180SelfFilter@@6B@,0x01095724
??_7Rva00264A70VptrZeroObject@@6B@,0x010B6B64
??_7Rva00265150DistanceFilter@@6B@,0x010B6B64
??_7Rva00265150RJFilter@@6B@,0x010A5158
??_7Rva00265BF0FlatDtor@@6BRva00019565FlatBase@@@,0x010B71FC
??_7Rva00265BF0FlatDtor@@6BRva00265BF0FlatDtorM0@@@,0x010B7138
??_7Rva00265BF0FlatDtor@@6BRva00265BF0FlatDtorM1@@@,0x010B712C
??_7Rva00265BF0FlatDtor@@6BRva00265BF0FlatDtorM2@@@,0x010B7100
??_7Rva00265BF0FlatDtor@@6BRva00265BF0FlatDtorM3@@@,0x010B7088
??_7Rva00267FC0@@6B@,0x010B77E0
??_7Rva0026A700@@6B@,0x010B7C6C
??_7Rva0026A710DeepDtor@@6BRva0026A710DeepDtorL2M0@@@,0x010B7D10
??_7Rva0026A710DeepDtor@@6BRva0026A710DeepDtorL2M1@@@,0x010B7C98
??_7Rva0026A710DeepDtorL0@@6BNestedInlineBase@@@,0x0109CB5C
??_7Rva0026A710DeepDtorL0@@6BRva0026A710DeepDtorL0M0@@@,0x0109CA98
??_7Rva0026A710DeepDtorL1@@6B@,0x0109CBAC
??_7Rva0026C550FlatDtor@@6BRva000243A7FlatBase@@@,0x010B88E8
??_7Rva0026C550FlatDtor@@6BRva0026C550FlatDtorM0@@@,0x010B8820
??_7Rva0026C550FlatDtor@@6BRva0026C550FlatDtorM1@@@,0x010B8810
??_7Rva0026C550FlatDtor@@6BRva0026C550FlatDtorM2@@@,0x010B87E4
??_7Rva0026C550FlatDtor@@6BRva0026C550FlatDtorM3@@@,0x010B87D4
??_7Rva0026E890@@6B@,0x010B9338
??_7Rva0026FA60FunctorValueWrapper@@6B@,0x010B9340
??_7Rva002818A0@@6B@,0x010BB3FC
??_7Rva00286DB0@@6B@,0x010BC650
??_7Rva0028BB10ModuleData@@6B@,0x010BD1B0
??_7Rva0028C220@@6B@,0x010BD3E8
??_7Rva00295F50@@6B@,0x010BF884
??_7Rva00296530VptrCtor@@6B@,0x0108AD88
??_7Rva002967E0VptrCtor@@6B@,0x0108ADE0
??_7Rva00297440VptrZeroObject@@6B@,0x010BFAB8
??_7Rva002974C0@@6B@,0x010BFAC8
??_7Rva0029BD70@@6B@,0x010C0D98
??_7Rva002A0890@@6B@,0x010C168C
??_7Rva002A41C0@@6B@,0x010C2BA4
??_7Rva002B20F0@@6B@,0x010C51B4
??_7Rva002B2AB0FlatDtor@@6BRva00019565FlatBase@@@,0x010C54DC
??_7Rva002B2AB0FlatDtor@@6BRva002B2AB0FlatDtorM0@@@,0x010C5418
??_7Rva002B2AB0FlatDtor@@6BRva002B2AB0FlatDtorM1@@@,0x010C540C
??_7Rva002B2AB0FlatDtor@@6BRva002B2AB0FlatDtorM2@@@,0x010C53E0
??_7Rva002B2AB0FlatDtor@@6BRva002B2AB0FlatDtorM3@@@,0x010C5368
??_7Rva002B2F50@@6B@,0x010C5568
??_7Rva002B2F60FlatDtor@@6BRva0001C774FlatBase@@@,0x010C5668
??_7Rva002B2F60FlatDtor@@6BRva002B2F60FlatDtorM0@@@,0x010C55A0
??_7Rva002B2F60FlatDtor@@6BRva002B2F60FlatDtorM1@@@,0x010C5590
??_7Rva002B2F60FlatDtor@@6BRva002B2F60FlatDtorM2@@@,0x010C558C
??_7Rva002B2F60FlatDtor@@6BRva002B2F60FlatDtorM3@@@,0x010C5570
??_7Rva002B2F60FlatDtor@@6BRva002B2F60FlatDtorM4@@@,0x010C556C
??_7Rva002B4310@@6B@,0x010C6024
??_7Rva002B43C0FlatDtor@@6BRva0001C774FlatBase@@@,0x010C6120
??_7Rva002B43C0FlatDtor@@6BRva002B43C0FlatDtorM0@@@,0x010C6058
??_7Rva002B43C0FlatDtor@@6BRva002B43C0FlatDtorM1@@@,0x010C604C
??_7Rva002B43C0FlatDtor@@6BRva002B43C0FlatDtorM2@@@,0x010C6048
??_7Rva002B43C0FlatDtor@@6BRva002B43C0FlatDtorM3@@@,0x010C602C
??_7Rva002B43C0FlatDtor@@6BRva002B43C0FlatDtorM4@@@,0x010C6028
??_7Rva002B6420TailDtor@@6B@,0x010C6790
??_7Rva002B6610@@6B@,0x010C68A8
??_7Rva002B77F0State@@6B@,0x010C6FD8
??_7Rva002B9D50@@6B@,0x010C722C
??_7Rva002BBAC0TailDtor@@6B@,0x010C7460
??_7Rva002BBCF0TailDtor@@6B@,0x010C74D8
??_7Rva002BDB30State@@6B@,0x010C7778
??_7Rva002BF7D0@@6B@,0x010C7A60
??_7Rva002C0360TailDtor@@6B@,0x010C7AD8
??_7Rva002C0470State@@6B@,0x010C7BB8
??_7Rva002C4180@@6B@,0x010C81E0
??_7Rva002C5390FlatDtor@@6BRva0001C774FlatBase@@@,0x010C8B90
??_7Rva002C5390FlatDtor@@6BRva002C5390FlatDtorM0@@@,0x010C8AC8
??_7Rva002C5390FlatDtor@@6BRva002C5390FlatDtorM1@@@,0x010C8AB8
??_7Rva002C5390FlatDtor@@6BRva002C5390FlatDtorM2@@@,0x010C8AB4
??_7Rva002C5390FlatDtor@@6BRva002C5390FlatDtorM3@@@,0x010C8A98
??_7Rva002C5570@@6B@,0x010C8E30
??_7Rva002C59E0TailDtor@@6B@,0x010C9280
??_7Rva002C6100State@@6B@,0x010C9308
??_7Rva002C6170State@@6B@,0x010C9390
??_7Rva002C61F0State@@6B@,0x010C93F8
??_7Rva002C6260State@@6B@,0x010C9460
??_7Rva002C62D0State@@6B@,0x010C94C8
??_7Rva002C63A0State@@6B@,0x010C9538
??_7Rva002C7080FlatDtor@@6BRva0001C774FlatBase@@@,0x010C96A0
??_7Rva002C7080FlatDtor@@6BRva002C7080FlatDtorM0@@@,0x010C95D8
??_7Rva002C7080FlatDtor@@6BRva002C7080FlatDtorM1@@@,0x010C95CC
??_7Rva002C7080FlatDtor@@6BRva002C7080FlatDtorM2@@@,0x010C95C8
??_7Rva002C7080FlatDtor@@6BRva002C7080FlatDtorM3@@@,0x010C95AC
??_7Rva002C7580FlatDtor@@6BRva0001C774FlatBase@@@,0x010C9A60
??_7Rva002C7580FlatDtor@@6BRva002C7580FlatDtorM0@@@,0x010C9998
??_7Rva002C7580FlatDtor@@6BRva002C7580FlatDtorM1@@@,0x010C998C
??_7Rva002C7580FlatDtor@@6BRva002C7580FlatDtorM2@@@,0x010C9988
??_7Rva002C7580FlatDtor@@6BRva002C7580FlatDtorM3@@@,0x010C996C
??_7Rva002C7A50@@6B@,0x010C9D80
??_7Rva002C8120TailDtor@@6B@,0x010CA1F0
??_7Rva002CE2C0@@6B@,0x010CAC1C
??_7Rva002D0480NestedDtor@@6BRva002D0480NestedDtorThirdMixin@@@,0x010CB654
??_7Rva002D0480NestedDtorInlineMid@@6BNestedInlineBase@@@,0x0109CB5C
??_7Rva002D0480NestedDtorInlineMid@@6BRva002D0480NestedDtorFirstMixin@@@,0x0109CA98
??_7Rva002D0480NestedDtorPaddedInlineMid@@6B@,0x0109CBAC
??_7Rva002D2210NestedDtor@@6BRva002D2210NestedDtorThirdMixin@@@,0x010CB8E4
??_7Rva002D2210NestedDtorInlineMid@@6BNestedInlineBase@@@,0x0109CB5C
??_7Rva002D2210NestedDtorInlineMid@@6BRva002D2210NestedDtorFirstMixin@@@,0x0109CA98
??_7Rva002D2210NestedDtorPaddedInlineMid@@6B@,0x0109CBAC
??_7Rva002D3080@@6B@,0x010CBD04
??_7Rva002D3080@@6BBehaviorModuleInterface@@@,0x010CBD60
??_7Rva002D3080@@6BDamageModuleInterface@@@,0x010CBD08
??_7Rva002D3080@@6BObjectModule@@@,0x010CBE24
??_7Rva002D3080@@6BUpdateModule@@@,0x010CBD54
??_7Rva002D44E0DeepDtor@@6B@,0x010CC474
??_7Rva002D44E0DeepDtorL0@@6BNestedInlineBase@@@,0x0109CB5C
??_7Rva002D44E0DeepDtorL0@@6BRva002D44E0DeepDtorL0M0@@@,0x0109CA98
??_7Rva002D44E0DeepDtorL1@@6BRva002D44E0DeepDtorL1M0@@@,0x010A36E0
??_7Rva002D44E0DeepDtorL1@@6BRva002D44E0DeepDtorL1M1@@@,0x010A36CC
??_7Rva002D6B80MultiTailDtor@@6BRva00047C53MultiBase@@@,0x010CD518
??_7Rva002D6B80MultiTailDtor@@6BRva2D6B80IfaceA@@@,0x010CD558
??_7Rva002D6B80MultiTailDtor@@6BRva2D6B80Middle@@@,0x010CD54C
??_7Rva002D6B80MultiTailDtor@@6BRva2D6B80TrivialHead@@@,0x010CD620
??_7Rva002D9A90@@6B@,0x010CE4EC
??_7Rva002DCBA0@@6B@,0x010CECA4
??_7Rva002DCE70@@6B@,0x010CECF4
??_7Rva002ED430TailDtor@@6B@,0x010CFF90
??_7Rva002ED590VptrZeroObject@@6B@,0x010CFFE0
??_7Rva002ED5C0VptrZeroObject@@6B@,0x010CFFF0
??_7Rva002ED600VptrZeroObject@@6B@,0x010D0000
??_7Rva002ED840@@6B@,0x010CFF90
??_7Rva00321FE0TailDtor@@6B@,0x010E1EFC
??_7Rva00322070Owner@@6B@,0x010E1F3C
??_7Rva00322090@@6B@,0x010E1EFC
??_7Rva00324490@@6B@,0x010E1F44
??_7Rva00336720@@6B@,0x010E7520
??_7Rva00338FF0Deleting@@6B@,0x010E7520
??_7Rva0033C070TailDtor@@6B@,0x010E75C0
??_7Rva0034C5E0@@6B@,0x010E7D00
??_7Rva0034E2E0@@6B@,0x010E7D00
??_7Rva0035F110TailDtor@@6B@,0x010E8D28
??_7Rva0035FF10@@6B@,0x010E8EA8
??_7Rva0035FF30Deleting@@6B@,0x010E8EA8
??_7Rva003851B0Deleting@@6B@,0x010EAD58
??_7Rva00385E50VptrZeroObject@@6B@,0x010EAE94
??_7Rva003886D0NamedRef@@6B@,0x010EB074
??_7Rva0039B560@@6BSnapshot@@@,0x010EBCFC
??_7Rva0039B560@@6BSubsystemInterface@@@,0x010EBD10
??_7Rva003A6F70@@6B@,0x010EC764
??_7Rva003A89F0@@6B@,0x010EC77C
??_7Rva003A8A50MultiTailDtor@@6B@,0x010EC77C
??_7Rva003B6680@@6B@,0x010EC850
??_7Rva003B7190Record@@6B@,0x010EC760
??_7Rva003B7650Record@@6B@,0x010EC764
??_7Rva003B7740@@6B@,0x010EC768
??_7Rva003B7B60@@6B@,0x010EC76C
??_7Rva003B7B80MultiTailDtor@@6B@,0x010EC76C
??_7Rva003B7BA0Record@@6B@,0x010EC76C
??_7Rva003B7F90Record@@6B@,0x010EC774
??_7Rva003B82D0Record@@6B@,0x010EC77C
??_7Rva003B8450@@6B@,0x010EC780
??_7Rva003B85F0@@6B@,0x010EC784
??_7Rva003B8610Record@@6B@,0x010EC784
??_7Rva003BA500@@6B@,0x010ED46C
??_7Rva003BA580@@6B@,0x010EC848
??_7Rva003BA5F0@@6B@,0x010EC84C
??_7Rva003BA640@@6B@,0x010EC84C
??_7Rva003BA660Record@@6B@,0x010EC84C
??_7Rva003BABE0Record@@6B@,0x010EC848
??_7Rva003BB2E0@@6B@,0x010ED7C8
??_7Rva003BB310@@6B@,0x010ED7E4
??_7Rva003BC170@@6B@,0x010ED9C0
??_7Rva003BC8B0@@6B@,0x010EDAA0
??_7Rva003BCEF0@@6B@,0x010EDABC
??_7Rva003BD6C0@@6B@,0x010ED8D4
??_7Rva003BD6D0@@6B@,0x010ED8F8
??_7Rva003BD6F0@@6B@,0x010ED938
??_7Rva003BD700@@6B@,0x010EDAD8
??_7Rva003BE8F0FunctorSlotWrapper@@6B@,0x010EDB7C
??_7Rva003BEA00@@6B@,0x010ED9C0
??_7Rva003C2F40Owner@@6B@,0x010EDA08
??_7Rva003D5530@@6B@,0x010EE46C
??_7Rva003D6790@@6B@,0x010EE4EC
??_7Rva0040AD80ReferenceState@@6B@,0x010F0540
??_7Rva0040B200Subsystem@@6B@,0x010F0648
??_7Rva00410290TailDtor@@6B@,0x010F1014
??_7Rva00410750VptrZeroBlockObject@@6B@,0x010F11B4
??_7Rva00410A60Poly@@6B@,0x010F11C8
??_7Rva00410F10Allocation@@6B@,0x010F11C4
??_7Rva0041D290Ambient@@6B@,0x01082DE0
??_7Rva004286B0@@6B@,0x010F33A8
??_7Rva00428830@@6B@,0x010F33C0
??_7Rva00428980@@6B@,0x010F33D8
??_7Rva00428E10@@6B@,0x010F3408
??_7Rva00429840@@6B@,0x010F3450
??_7Rva00429980@@6B@,0x010F3468
??_7Rva00429BD0@@6B@,0x010F3498
??_7Rva0042E2D0Deleting@@6B@,0x010F35D4
??_7Rva0042E350@@6B@,0x010F35D4
??_7Rva0042E430@@6B@,0x010F35E0
??_7Rva0042E480@@6B@,0x010F35EC
??_7Rva0042E4D0@@6B@,0x010F35F8
??_7Rva0042EC60@@6B@,0x010F3604
??_7Rva0042ECB0@@6B@,0x010F3610
??_7Rva00434810SubtitleEntry@@6B@,0x010F3920
??_7Rva0043BCE0@@6B@,0x010F571C
??_7Rva0045A8F0@@6B@,0x010F6898
??_7Rva0045ED70FunctorSlotWrapper@@6B@,0x010F6F84
??_7Rva0045EDD0FunctorSlotWrapper@@6B@,0x010F6F90
??_7Rva0045EE10FunctorSlotWrapper@@6B@,0x010F6F9C
??_7Rva0045EF90Base@@6B@,0x010F6F58
??_7Rva0045EF90Object@@6B@,0x010F6F80
??_7Rva0046F150FunctorSlotWrapper@@6B@,0x010F7348
??_7Rva00470360@@6B@,0x010F74E8
??_7Rva00470820@@6B@,0x010F7544
??_7Rva004708B0Deleting@@6B@,0x010F7544
??_7Rva00471F80@@6B@,0x010F760C
??_7Rva00471F80Base@@6B@,0x010F7544
??_7Rva00476440@@6B@,0x010F7684
??_7Rva0047CF90@@6B@,0x010F77D0
??_7Rva0047CFA0Deleting@@6B@,0x010F77D0
??_7Rva004896E0Deleting@@6B@,0x010F95E8
??_7Rva0048CCD0TailDtor@@6B@,0x010F98F0
??_7Rva0048CD10@@6B@,0x010F98F0
??_7Rva00490280@@6B@,0x010F9AD8
??_7Rva00490350Base@@6B@,0x010F9AD8
??_7Rva00490350Derived@@6B@,0x010F9AE4
??_7Rva00490470@@6B@,0x010F9AF0
??_7Rva00490550MultiTailDtor@@6BRva0004634EMultiBase@@@,0x010F9B0C
??_7Rva00490A30@@6B@,0x010F9B44
??_7Rva00491DB0DisplayOwner@@6B@,0x010F9C08
??_7Rva004948B0OwnedSubsystem@@6B@,0x010FA1CC
??_7Rva00495290@@6B@,0x010FA200
??_7Rva004952C0Deleting@@6B@,0x010FA200
??_7Rva00499E60SingleStore@@6B@,0x010EDAA0
??_7Rva00499F00SingleStore@@6B@,0x010EDABC
??_7Rva0049A120FunctorSingleWrapper@@6B@,0x010FA348
??_7Rva0049DA40Object@@6B@,0x010FB888
??_7Rva004B2250SingleStore@@6B@,0x010F571C
??_7Rva004B2300@@6B@,0x010F5738
??_7Rva004B2C80@@6B@,0x010FD79C
??_7Rva004B2CE0Deleting@@6B@,0x010FD79C
??_7Rva004C1200@@6B@,0x010FD948
??_7Rva004C1310SingleStore@@6B@,0x010FD948
??_7Rva004C1590@@6B@,0x010FD964
??_7Rva004C1B60Adapter@@6B@,0x010FD964
??_7Rva004C5660FunctorSlotWrapper@@6B@,0x010FDFAC
??_7Rva004C5EA0VptrZeroRefObject@@6B@,0x010FE034
??_7Rva004C5F60VptrZeroRefObject@@6B@,0x010FE040
??_7Rva004C5FB0VptrZeroRefObject@@6B@,0x010FE04C
??_7Rva0050DAE0FunctorWrapper@@6B@,0x01104C24
??_7Rva0050DB30FunctorWrapper@@6B@,0x01104C30
??_7Rva0050DB80FunctorWrapper@@6B@,0x01104C3C
??_7Rva0050E8B0FunctorWrapper@@6B@,0x01104D9C
??_7Rva0050E900FunctorWrapper@@6B@,0x01104DA8
??_7Rva0050E950FunctorWrapper@@6B@,0x01104DB4
??_7Rva0050F920FunctorWrapper@@6B@,0x01104DB4
??_7Rva0050FD90@@6B@,0x01104FF8
??_7Rva005102A0FunctorSingleWrapper@@6B@,0x01105048
??_7Rva005119A0FunctorWrapper@@6B@,0x011052CC
??_7Rva005119F0FunctorWrapper@@6B@,0x011052D8
??_7Rva00511A40FunctorWrapper@@6B@,0x011052E4
??_7Rva005165D0@@6B@,0x01105690
??_7Rva00516610Deleting@@6B@,0x01105690
??_7Rva005166B0@@6B@,0x011056DC
??_7Rva005179D0FunctorWrapper@@6B@,0x01105878
??_7Rva00517A20FunctorWrapper@@6B@,0x01105884
??_7Rva0051BDE0FunctorSingleWrapper@@6B@,0x011060C0
??_7Rva0051E3E0FunctorWrapper@@6B@,0x01106398
??_7Rva0051E430FunctorWrapper@@6B@,0x011063A4
??_7Rva0051E480FunctorWrapper@@6B@,0x011063B0
??_7Rva0051E4D0FunctorWrapper@@6B@,0x011063BC
??_7Rva0051E520FunctorWrapper@@6B@,0x011063C8
??_7Rva00520AB0FunctorSingleWrapper@@6B@,0x0110680C
??_7Rva00520AF0FunctorSingleWrapper@@6B@,0x01106818
??_7Rva00522570FunctorSingleWrapper@@6B@,0x0110692C
??_7Rva005225F0@@6B@,0x01106938
??_7Rva00522E00FunctorWrapper@@6B@,0x0110692C
??_7Rva00525A30FunctorSingleWrapper@@6B@,0x01106B24
??_7Rva0052B6E0FunctorWrapper@@6B@,0x01106DA0
??_7Rva0052B730FunctorWrapper@@6B@,0x01106DAC
??_7Rva0052B780FunctorWrapper@@6B@,0x01106DB8
??_7Rva0052CC80TailDtor@@6B@,0x01106F08
??_7Rva0052E240FunctorSingleWrapper@@6B@,0x01106F90
??_7Rva0052E280FunctorSingleWrapper@@6B@,0x01106F9C
??_7Rva00538260@@6B@,0x0112EBC4
??_7Rva00538B80FunctorWrapper@@6B@,0x01107400
??_7Rva00538BD0FunctorWrapper@@6B@,0x0110740C
??_7Rva0053ADC0@@6B@,0x011075E0
??_7Rva00546510FunctorSingleWrapper@@6B@,0x01107BE0
??_7Rva00546550FunctorSingleWrapper@@6B@,0x01107BEC
??_7Rva00546590FunctorSingleWrapper@@6B@,0x01107BF8
??_7Rva0054D870FunctorSingleWrapper@@6B@,0x011080B0
??_7Rva0054D8B0FunctorSingleWrapper@@6B@,0x011080BC
??_7Rva005542A0FunctorSingleWrapper@@6B@,0x01108604
??_7Rva005542E0FunctorSingleWrapper@@6B@,0x01108610
??_7Rva00558E00FunctorSingleWrapper@@6B@,0x01108BE8
??_7Rva00558E40FunctorSingleWrapper@@6B@,0x01108BF4
??_7Rva00558E80FunctorSingleWrapper@@6B@,0x01108C00
??_7Rva0055C5F0FunctorWrapper@@6B@,0x01108F2C
??_7Rva0055C640FunctorWrapper@@6B@,0x01108F38
??_7Rva0055EDB0FunctorWrapper@@6B@,0x01109170
??_7Rva0055EE00FunctorWrapper@@6B@,0x0110917C
??_7Rva0055EE50FunctorWrapper@@6B@,0x01109188
??_7Rva00566A60FunctorSingleWrapper@@6B@,0x0110A318
??_7Rva00566EC0Profile@@6B@,0x0110A314
??_7Rva00569C30FunctorWrapper@@6B@,0x0110A3CC
??_7Rva00569C80FunctorWrapper@@6B@,0x0110A3D8
??_7Rva0056C9A0FunctorWrapper@@6B@,0x0110A564
??_7Rva0056C9F0FunctorWrapper@@6B@,0x0110A570
??_7Rva0056CA40FunctorWrapper@@6B@,0x0110A57C
??_7Rva0056CA90FunctorWrapper@@6B@,0x0110A588
??_7Rva00571730FunctorWrapper@@6B@,0x0110A958
??_7Rva00571780FunctorWrapper@@6B@,0x0110A964
??_7Rva005717D0FunctorWrapper@@6B@,0x0110A970
??_7Rva0057A020FunctorWrapper@@6B@,0x0110B088
??_7Rva0057A070FunctorWrapper@@6B@,0x0110B094
??_7Rva0057A0C0FunctorWrapper@@6B@,0x0110B0A0
??_7Rva00582470FunctorSingleWrapper@@6B@,0x0110B724
??_7Rva0058BF70Base@@6B@,0x010EAD58
??_7Rva0058BF70Owner@@6B@,0x0110BBE4
??_7Rva0058CF10FunctorSingleWrapper@@6B@,0x0110BC7C
??_7Rva0058CF50FunctorSingleWrapper@@6B@,0x0110BC88
??_7Rva0058CF80FunctorSingleWrapper@@6B@,0x0110BC94
??_7Rva0058CFD0FunctorSingleWrapper@@6B@,0x0110BCA0
??_7Rva0058D030FunctorSingleWrapper@@6B@,0x0110BCAC
??_7Rva0058D070FunctorSingleWrapper@@6B@,0x0110BCB8
??_7Rva0058D0A0FunctorSingleWrapper@@6B@,0x0110BCC4
??_7Rva0058D0E0FunctorSingleWrapper@@6B@,0x0110BCD0
??_7Rva0058D120FunctorSlotWrapper@@6B@,0x0110BCDC
??_7Rva0058D160FunctorSlotWrapper@@6B@,0x0110BCE8
??_7Rva0058D1A0FunctorSlotWrapper@@6B@,0x0110BCF4
??_7Rva0058D1E0FunctorSingleWrapper@@6B@,0x0110BD00
??_7Rva0058D220FunctorWrapper@@6B@,0x0110BD0C
??_7Rva0058D270FunctorWrapper@@6B@,0x0110BD18
??_7Rva00599630FunctorWrapper@@6B@,0x0110C430
??_7Rva0059AA90@@6B@,0x0110C604
??_7Rva0059AB00@@6B@,0x0110C604
??_7Rva0059C2F0MultiTailDtor@@6BRva0001AA9BMultiBase@@@,0x0110C708
??_7Rva0059C450@@6B@,0x0110C708
??_7Rva0059C940MultiTailDtor@@6BRva0001AA9BMultiBase@@@,0x0110C744
??_7Rva0059D1E0TailDtor@@6B@,0x0110C780
??_7Rva0059D400MultiTailDtor@@6BRva0001AA9BMultiBase@@@,0x0110C814
??_7Rva0059DFF0MultiTailDtor@@6BRva0001AA9BMultiBase@@@,0x0110C994
??_7Rva0059E4C0MultiTailDtor@@6BRva0001AA9BMultiBase@@@,0x0110C9F8
??_7Rva0059E8F0MultiTailDtor@@6BRva0001AA9BMultiBase@@@,0x0110CA7C
??_7Rva0059EDC0@@6B@,0x0110CAB8
??_7Rva0059EDF0MultiTailDtor@@6BRva0001AA9BMultiBase@@@,0x0110CAB8
??_7Rva0059EF90MultiTailDtor@@6BRva0001AA9BMultiBase@@@,0x0110CAF4
??_7Rva0059F210@@6B@,0x0110CAF4
??_7Rva0059F340MultiTailDtor@@6BRva0001AA9BMultiBase@@@,0x0110CB30
??_7Rva0059F5C0@@6B@,0x0110CB30
??_7Rva0059F700MultiTailDtor@@6BRva0001AA9BMultiBase@@@,0x0110CB6C
??_7Rva0059FB40TailDtor@@6B@,0x0110CBEC
??_7Rva005A01D0MultiTailDtor@@6BRva0001AA9BMultiBase@@@,0x0110CC98
??_7Rva005A3B20@@6B@,0x0110CD60
??_7Rva005BD040@@6B@,0x0110F898
??_7Rva005C7180@@6B@,0x0110FCAC
??_7Rva005CE890Object@@6B@,0x0110FE78
??_7Rva005D45C0@@6B@,0x011106F4
??_7Rva005D47A0Poly@@6B@,0x0111081C
??_7Rva005D4800Poly@@6B@,0x0111082C
??_7Rva005D4810Poly@@6B@,0x01110830
??_7Rva005D4820Poly@@6B@,0x01110834
??_7Rva005D4F30Poly@@6B@,0x01110898
??_7Rva005D4F40Poly@@6B@,0x0111089C
??_7Rva005DD320MultiTailDtor@@6B@,0x0111126C
??_7Rva005E54F0@@6BPolymorphicVptrBase01073744@@@,0x01111D24
??_7Rva005E54F0@@6BPolymorphicVptrDwordBase0107375C@@@,0x01111D38
??_7Rva005E7420Object@@6BV3Slot0N@@@,0x011124FC
??_7Rva005E7420Object@@6BV3Slot1@@@,0x011124F8
??_7Rva005E7420Object@@6BV3Slot2@@@,0x011124E4
??_7Rva005E76E0Object@@6BV3Slot0N@@@,0x011125F8
??_7Rva005E76E0Object@@6BV3Slot1@@@,0x011125F4
??_7Rva005E76E0Object@@6BV3Slot2@@@,0x011125E0
??_7Rva005E7A30@@6BPolymorphicVptrBase01073744@@@,0x011126F8
??_7Rva005E7A30@@6BPolymorphicVptrBase0110F9E8@@@,0x0111270C
??_7Rva005E7AA0@@6BPolymorphicVptrBase01073744@@@,0x011126F8
??_7Rva005E7AA0@@6BPolymorphicVptrBase0110F9E8@@@,0x0111270C
??_7Rva005E7AD0Object@@6BV3Slot0N@@@,0x01112728
??_7Rva005E7AD0Object@@6BV3Slot1@@@,0x01112724
??_7Rva005E7AD0Object@@6BV3Slot2@@@,0x01112710
??_7Rva005E7CC0@@6BPolymorphicVptrBase01073744@@@,0x01112784
??_7Rva005E7CC0@@6BPolymorphicVptrBase0110F978@@@,0x01112798
??_7Rva005E7D30@@6BPolymorphicVptrBase01073744@@@,0x01112784
??_7Rva005E7D30@@6BPolymorphicVptrBase0110F978@@@,0x01112798
??_7Rva005E7D90@@6BPolymorphicVptrBase01073744@@@,0x0111279C
??_7Rva005E7D90@@6BPolymorphicVptrBase01073760@@@,0x011127B0
??_7Rva005E7E00@@6BPolymorphicVptrBase01073744@@@,0x0111279C
??_7Rva005E7E00@@6BPolymorphicVptrBase01073760@@@,0x011127B0
??_7Rva005E7E60@@6BPolymorphicVptrBase01073744@@@,0x011127B4
??_7Rva005E7E60@@6BPolymorphicVptrBase0110F9E4@@@,0x011127C8
??_7Rva005E7ED0@@6BPolymorphicVptrBase01073744@@@,0x011127B4
??_7Rva005E7ED0@@6BPolymorphicVptrBase0110F9E4@@@,0x011127C8
??_7Rva005E7F30@@6BPolymorphicVptrBase01073744@@@,0x011127CC
??_7Rva005E7F30@@6BPolymorphicVptrBase0110F9E8@@@,0x011127E0
??_7Rva005E7FA0@@6BPolymorphicVptrBase01073744@@@,0x011127CC
??_7Rva005E7FA0@@6BPolymorphicVptrBase0110F9E8@@@,0x011127E0
??_7Rva005E8000@@6BPolymorphicVptrBase01073744@@@,0x011127E4
??_7Rva005E8000@@6BPolymorphicVptrBase0110FA14@@@,0x011127F8
??_7Rva005E8070@@6BPolymorphicVptrBase01073744@@@,0x011127E4
??_7Rva005E8070@@6BPolymorphicVptrBase0110FA14@@@,0x011127F8
??_7Rva005E80E0@@6BPolymorphicVptrBase01073744@@@,0x011127FC
??_7Rva005E80E0@@6BPolymorphicVptrDwordBase0107375C@@@,0x01112810
??_7Rva005E8150Object@@6BV3Slot0N@@@,0x0111282C
??_7Rva005E8150Object@@6BV3Slot1@@@,0x01112828
??_7Rva005E8150Object@@6BV3Slot2@@@,0x01112814
??_7Rva005E82A0Object@@6BV3Slot0N@@@,0x01112884
??_7Rva005E82A0Object@@6BV3Slot1@@@,0x01112880
??_7Rva005E82A0Object@@6BV3Slot2@@@,0x0111286C
??_7Rva005E9340@@6B@,0x01112784
??_7Rva005E9340@@6BT1Derived_005E9400P0@@@,0x011128C0
??_7Rva005E9340@@6BT1Derived_005E9400P1@@@,0x01112798
??_7Rva005E9390@@6B@,0x011128D0
??_7Rva005E9570@@6B@,0x0111279C
??_7Rva005E9570@@6BT1Derived_005E9640P0@@@,0x0111290C
??_7Rva005E9570@@6BT1Derived_005E9640P1@@@,0x011127B0
??_7Rva005E95C0@@6B@,0x0111291C
??_7Rva005E97B0@@6B@,0x011127B4
??_7Rva005E97B0@@6BT4A2_0110F9E4@@@,0x011127C8
??_7Rva005E97B0@@6BT4P0_Rva005E9890@@@,0x01112958
??_7Rva005E9800@@6B@,0x01112968
??_7Rva005E9860@@6BT4A2_0110F9E4@@@,0x0111297C
??_7Rva005E9860@@6BT4P0_Rva005E9890@@@,0x01112980
??_7Rva005E9890@@6BT4A2_0110F9E4@@@,0x01112990
??_7Rva005E9890@@6BT4P0_Rva005E9890@@@,0x01112994
??_7Rva005E99A0@@6B@,0x01112590
??_7Rva005E99A0@@6BT4A2_0110F9E8@@@,0x011125A4
??_7Rva005E99A0@@6BT4P0_Rva005E9AE0@@@,0x011125A8
??_7Rva005E99D0@@6B@,0x011127CC
??_7Rva005E99D0@@6BT4A2_0110F9E8@@@,0x011127E0
??_7Rva005E99D0@@6BT4P0_Rva005E9AE0@@@,0x011129A4
??_7Rva005E9AB0@@6BT4A2_0110F9E8@@@,0x011129C8
??_7Rva005E9AB0@@6BT4P0_Rva005E9AE0@@@,0x011129CC
??_7Rva005E9AE0@@6BT4A2_0110F9E8@@@,0x011129DC
??_7Rva005E9AE0@@6BT4P0_Rva005E9AE0@@@,0x011129E0
??_7Rva005E9BF0@@6B@,0x0111206C
??_7Rva005E9BF0@@6BT4A2_0110FA14@@@,0x01112080
??_7Rva005E9BF0@@6BT4P0_Rva005E9D00@@@,0x01112084
??_7Rva005E9C20@@6B@,0x011127E4
??_7Rva005E9C20@@6BT4A2_0110FA14@@@,0x011127F8
??_7Rva005E9C20@@6BT4P0_Rva005E9D00@@@,0x011129F0
??_7Rva005E9C70@@6B@,0x01112A00
??_7Rva005E9CD0@@6BT4A2_0110FA14@@@,0x01112A14
??_7Rva005E9CD0@@6BT4P0_Rva005E9D00@@@,0x01112A18
??_7Rva005E9D00@@6BT4A2_0110FA14@@@,0x01112A28
??_7Rva005E9D00@@6BT4P0_Rva005E9D00@@@,0x01112A2C
??_7Rva005E9E10@@6B@,0x011120E0
??_7Rva005E9E10@@6BT4A2_0107375C@@@,0x011120F4
??_7Rva005E9E10@@6BT4P0_Rva005E9F40@@@,0x011120F8
??_7Rva005E9E40@@6B@,0x011127FC
??_7Rva005E9E40@@6BT4A2_0107375C@@@,0x01112810
??_7Rva005E9E40@@6BT4P0_Rva005E9F40@@@,0x01112A3C
??_7Rva005E9F00@@6BT4A2_0107375C@@@,0x01112A60
??_7Rva005E9F00@@6BT4P0_Rva005E9F40@@@,0x01112A64
??_7Rva005E9F40@@6BT4A2_0107375C@@@,0x01112A74
??_7Rva005E9F40@@6BT4P0_Rva005E9F40@@@,0x01112A78
??_7Rva005EA050@@6B@,0x011126A4
??_7Rva005EA050@@6BT4A2_0110F9E8@@@,0x011126B8
??_7Rva005EA050@@6BT4P0_Rva005E9AE0@@@,0x011126BC
??_7Rva005EA080@@6B@,0x011126F8
??_7Rva005EA080@@6BT4A2_0110F9E8@@@,0x0111270C
??_7Rva005EA080@@6BT4P0_Rva005E9AE0@@@,0x01112A88
??_7Rva005EA0D0@@6B@,0x01112A98
??_7Rva005EA1C0@@6B@,0x01111A9C
??_7Rva005EA1C0@@6BT4A2_0107375C@@@,0x01111AB0
??_7Rva005EA1C0@@6BT4P0_Rva005E9F40@@@,0x01111AB4
??_7Rva005EA1F0@@6B@,0x01111D24
??_7Rva005EA1F0@@6BT4A2_0107375C@@@,0x01111D38
??_7Rva005EA1F0@@6BT4P0_Rva005E9F40@@@,0x01112AAC
??_7Rva005EA240@@6B@,0x01112ABC
??_7Rva005EA2E0@@6BV3Slot0N@@@,0x011124FC
??_7Rva005EA2E0@@6BV3Slot1@@@,0x011124F8
??_7Rva005EA2E0@@6BV3Slot2@@@,0x011124E4
??_7Rva005EA400@@6BV3Slot0N@@@,0x01112B08
??_7Rva005EA400@@6BV3Slot1@@@,0x01112B04
??_7Rva005EA430@@6BV3Vt0110F978@@@,0x01112B24
??_7Rva005EA430@@6BV3Vt01111D90@@@,0x01112B28
??_7Rva005EA560@@6BV3Slot0N@@@,0x01111F6C
??_7Rva005EA560@@6BV3Slot1@@@,0x01111F68
??_7Rva005EA560@@6BV3Slot2@@@,0x01111F54
??_7Rva005EA590@@6B@,0x01112B3C
??_7Rva005EA590@@6BRva005EA6C0Part0@@@,0x01112B54
??_7Rva005EA590@@6BRva005EA6C0Part1@@@,0x01112B50
??_7Rva005EA6C0@@6BV3Slot0N@@@,0x01112B74
??_7Rva005EA6C0@@6BV3Slot1@@@,0x01112B70
??_7Rva005EA6F0@@6BV3Vt01073760@@@,0x01112B90
??_7Rva005EA6F0@@6BV3Vt01111D90@@@,0x01112B94
??_7Rva005EA820@@6BV3Slot0N@@@,0x0111282C
??_7Rva005EA820@@6BV3Slot1@@@,0x01112828
??_7Rva005EA820@@6BV3Slot2@@@,0x01112814
??_7Rva005EA850@@6B@,0x01112BC0
??_7Rva005EA850@@6BV3Slot0N@@@,0x01112BAC
??_7Rva005EA850@@6BV3Slot1@@@,0x01112BA8
??_7Rva005EA920@@6BV3Slot0N@@@,0x01112BD8
??_7Rva005EA920@@6BV3Slot1@@@,0x01112BD4
??_7Rva005EA9B0@@6BV3Vt0110F9E4@@@,0x01112BEC
??_7Rva005EA9B0@@6BV3Vt01111D90@@@,0x01112BF0
??_7Rva005EAA80@@6BV3Slot0N@@@,0x011125F8
??_7Rva005EAA80@@6BV3Slot1@@@,0x011125F4
??_7Rva005EAA80@@6BV3Slot2@@@,0x011125E0
??_7Rva005EAAB0@@6B@,0x01112C3C
??_7Rva005EAAB0@@6BV3Slot0N@@@,0x01112C08
??_7Rva005EAAB0@@6BV3Slot1@@@,0x01112C04
??_7Rva005EAB80@@6BV3Slot0N@@@,0x01112C54
??_7Rva005EAB80@@6BV3Slot1@@@,0x01112C50
??_7Rva005EABB0@@6BV3Vt0110F9E8@@@,0x01112C88
??_7Rva005EABB0@@6BV3Vt01111D90@@@,0x01112C8C
??_7Rva005EACE0@@6BV3Slot0N@@@,0x01112884
??_7Rva005EACE0@@6BV3Slot1@@@,0x01112880
??_7Rva005EACE0@@6BV3Slot2@@@,0x0111286C
??_7Rva005EAD10@@6B@,0x01112CB8
??_7Rva005EAD10@@6BV3Slot0N@@@,0x01112CA4
??_7Rva005EAD10@@6BV3Slot1@@@,0x01112CA0
??_7Rva005EADE0@@6BV3Slot0N@@@,0x01112CD0
??_7Rva005EADE0@@6BV3Slot1@@@,0x01112CCC
??_7Rva005EAE70@@6BV3Vt0110FA14@@@,0x01112CE4
??_7Rva005EAE70@@6BV3Vt01111D90@@@,0x01112CE8
??_7Rva005EAF40@@6BV3Slot0N@@@,0x01112144
??_7Rva005EAF40@@6BV3Slot1W@@@,0x01112140
??_7Rva005EAF40@@6BV3Slot2@@@,0x0111212C
??_7Rva005EB050@@6BV3Vt0107375C@@@,0x01112D28
??_7Rva005EB050@@6BV3Vt01111D90@@@,0x01112D2C
??_7Rva005EB090@@6BV3Vt0107375C@@@,0x01112D40
??_7Rva005EB090@@6BV3Vt01111D90@@@,0x01112D44
??_7Rva005EB1C0@@6BV3Slot0N@@@,0x01112728
??_7Rva005EB1C0@@6BV3Slot1@@@,0x01112724
??_7Rva005EB1C0@@6BV3Slot2@@@,0x01112710
??_7Rva005EB1F0@@6B@,0x01112D90
??_7Rva005EB1F0@@6BV3Slot0N@@@,0x01112D5C
??_7Rva005EB1F0@@6BV3Slot1@@@,0x01112D58
??_7Rva005EB2F0@@6BV3Slot0N@@@,0x01111D54
??_7Rva005EB2F0@@6BV3Slot1W@@@,0x01111D50
??_7Rva005EB2F0@@6BV3Slot2@@@,0x01111D3C
??_7Rva005EB730@@6B@,0x01112E60
??_7Rva005EB730@@6BV3Slot0@@@,0x01112E78
??_7Rva005EB730@@6BV3Slot1@@@,0x01112E74
??_7Rva005EB7B0@@6BV3NodeHead@@@,0x01112EA0
??_7Rva005EB7B0@@6BV3Vt0110F97C@@@,0x01112E9C
??_7Rva005EB8B0@@6B@,0x01112EB4
??_7Rva005EB8B0@@6BV3Slot0@@@,0x01112ECC
??_7Rva005EB8B0@@6BV3Slot1@@@,0x01112EC8
??_7Rva005EB9B0@@6B@,0x01112EF0
??_7Rva005EB9B0@@6BV3Slot0@@@,0x01112F08
??_7Rva005EB9B0@@6BV3Slot1@@@,0x01112F04
??_7Rva005EBAB0@@6B@,0x01112F2C
??_7Rva005EBAB0@@6BV3Slot0@@@,0x01112F44
??_7Rva005EBAB0@@6BV3Slot1@@@,0x01112F40
??_7Rva005EBBB0@@6B@,0x01112F68
??_7Rva005EBBB0@@6BV3Head14@@@,0x01112F80
??_7Rva005EBBB0@@6BV3Vt0110F97C@@@,0x01112F7C
??_7Rva005EBCC0Object@@6BV3Slot0@@@,0x01111EE0
??_7Rva005EBCC0Object@@6BV3Slot1@@@,0x01111EDC
??_7Rva005EBCC0Object@@6BV3Slot2@@@,0x01111EC8
??_7Rva005EBD40@@6B@,0x01112FF4
??_7Rva005EBD40@@6BV3Head14@@@,0x01112FD0
??_7Rva005EBD40@@6BV3Vt0110F97C@@@,0x01112FCC
??_7Rva005EBD40Middle@@6BV3Head14@@@,0x01112FA8
??_7Rva005EBD40Middle@@6BV3Vt0110F97C@@@,0x01112FA4
??_7Rva005EC160@@6BV3Slot0@@@,0x01112DEC
??_7Rva005EC160@@6BV3Slot1@@@,0x01112DE8
??_7Rva005EC160@@6BV3Slot2@@@,0x01112DE4
??_7Rva005EC160@@6BV3Slot3@@@,0x01112DD0
??_7Rva005EC1A0@@6B@,0x01113008
??_7Rva005EC1A0@@6BV3Base14@@@,0x01113020
??_7Rva005EC1A0@@6BV3Base18@@@,0x0111301C
??_7Rva005EC1A0@@6BV3HeadBase@@@,0x01113024
??_7Rva005EC230@@6BV3NodeHead@@@,0x0111305C
??_7Rva005EC230@@6BV3Vt0110F978@@@,0x01113054
??_7Rva005EC230@@6BV3Vt01110898@@@,0x01113058
??_7Rva005EC4C0@@6BV3NodeHead@@@,0x011130CC
??_7Rva005EC4C0@@6BV3Vt01073760@@@,0x011130C4
??_7Rva005EC4C0@@6BV3Vt0111081C@@@,0x011130C8
??_7Rva005EC600@@6BV3Slot0@@@,0x01112050
??_7Rva005EC600@@6BV3Slot1@@@,0x0111204C
??_7Rva005EC600@@6BV3Slot2@@@,0x01112048
??_7Rva005EC600@@6BV3Slot3@@@,0x01112034
??_7Rva005EC640@@6B@,0x011130E0
??_7Rva005EC640@@6BV3Head14@@@,0x011130FC
??_7Rva005EC640@@6BV3Vt0110F9E4@@@,0x011130F4
??_7Rva005EC640@@6BV3Vt0111082C@@@,0x011130F8
??_7Rva005EC730@@6BV3NodeHead@@@,0x01113144
??_7Rva005EC730@@6BV3Vt0110F9E4@@@,0x0111313C
??_7Rva005EC730@@6BV3Vt0111082C@@@,0x01113140
??_7Rva005EC870@@6BV3Slot0@@@,0x01112E1C
??_7Rva005EC870@@6BV3Slot1@@@,0x01112E18
??_7Rva005EC870@@6BV3Slot2@@@,0x01112E14
??_7Rva005EC870@@6BV3Slot3@@@,0x01112E00
??_7Rva005EC8B0@@6B@,0x01113174
??_7Rva005EC8B0@@6BV3Slot0@@@,0x01113160
??_7Rva005EC8B0@@6BV3Slot1@@@,0x0111315C
??_7Rva005EC8B0@@6BV3Slot2@@@,0x01113158
??_7Rva005EC930@@6BV3NodeHead@@@,0x011131AC
??_7Rva005EC930@@6BV3Vt0110F9E8@@@,0x011131A4
??_7Rva005EC930@@6BV3Vt0111089C@@@,0x011131A8
??_7Rva005ECA20Object@@6BV3Slot0@@@,0x011120CC
??_7Rva005ECA20Object@@6BV3Slot1@@@,0x011120C8
??_7Rva005ECA20Object@@6BV3Slot2@@@,0x011120C4
??_7Rva005ECA20Object@@6BV3Slot3@@@,0x011120B0
??_7Rva005ECAB0@@6BV3Slot0@@@,0x01111724
??_7Rva005ECAB0@@6BV3Slot1@@@,0x01111720
??_7Rva005ECAB0@@6BV3Slot2@@@,0x0111171C
??_7Rva005ECAB0@@6BV3Slot3@@@,0x01111708
??_7Rva005ECAF0@@6B@,0x011131DC
??_7Rva005ECAF0@@6BV3Slot0@@@,0x011131C8
??_7Rva005ECAF0@@6BV3Slot1@@@,0x011131C4
??_7Rva005ECAF0@@6BV3Slot2@@@,0x011131C0
??_7Rva005ECB80@@6BV3NodeHead@@@,0x011131F8
??_7Rva005ECB80@@6BV3Vt0110FA14@@@,0x011131F0
??_7Rva005ECB80@@6BV3Vt01110834@@@,0x011131F4
??_7Rva005ECCC0@@6BV3Slot0@@@,0x01112190
??_7Rva005ECCC0@@6BV3Slot1@@@,0x0111218C
??_7Rva005ECCC0@@6BV3Slot2W@@@,0x01112188
??_7Rva005ECCC0@@6BV3Slot3@@@,0x01112174
??_7Rva005ECD00@@6B@,0x0111320C
??_7Rva005ECD00@@6BRva005ECD00NodeHead@@@,0x01113228
??_7Rva005ECD00@@6BRva005ECD00SecondBase@@@,0x01113224
??_7Rva005ECD00@@6BRva005ECD00ThirdBase@@@,0x01113220
??_7Rva005ECD00Head@@6BRva005ECD00NodeHead@@@,0x01113244
??_7Rva005ECD00Head@@6BRva005ECD00SecondBase@@@,0x01113240
??_7Rva005ECD00Head@@6BRva005ECD00ThirdBase@@@,0x0111323C
??_7Rva005ECE20@@6BV3NodeHead@@@,0x01113260
??_7Rva005ECE20@@6BV3Vt0107375C@@@,0x01113258
??_7Rva005ECE20@@6BV3Vt01110830@@@,0x0111325C
??_7Rva005ECF60@@6BV3Slot0@@@,0x01112E4C
??_7Rva005ECF60@@6BV3Slot1@@@,0x01112E48
??_7Rva005ECF60@@6BV3Slot2@@@,0x01112E44
??_7Rva005ECF60@@6BV3Slot3@@@,0x01112E30
??_7Rva005ECFA0@@6B@,0x01113290
??_7Rva005ECFA0@@6BV3Slot0@@@,0x0111327C
??_7Rva005ECFA0@@6BV3Slot1@@@,0x01113278
??_7Rva005ECFA0@@6BV3Slot2@@@,0x01113274
??_7Rva005ED0D0@@6BV3Slot0@@@,0x011121C0
??_7Rva005ED0D0@@6BV3Slot1@@@,0x011121BC
??_7Rva005ED0D0@@6BV3Slot2W@@@,0x011121B8
??_7Rva005ED0D0@@6BV3Slot3@@@,0x011121A4
??_7Rva005ED2B0@@6B@,0x011119C8
??_7Rva005ED2B0@@6BV3Slot0@@@,0x011119B0
??_7Rva005ED2B0@@6BV3Slot1@@@,0x011119AC
??_7Rva005ED310@@6BV3NodeHead@@@,0x01111360
??_7Rva005ED310@@6BV3Vt0110F9CC@@@,0x0111135C
??_7Rva005ED3E0@@6B@,0x011119DC
??_7Rva005ED3E0@@6BV3Head14@@@,0x011119F4
??_7Rva005ED3E0@@6BV3Vt0110F9CC@@@,0x011119F0
??_7Rva005ED4E0@@6BV3Slot0@@@,0x0111224C
??_7Rva005ED4E0@@6BV3Slot1@@@,0x01112248
??_7Rva005ED4E0@@6BV3Slot2@@@,0x01112234
??_7Rva005ED590@@6B@,0x01111A3C
??_7Rva005ED590@@6BV3Head14@@@,0x01111A54
??_7Rva005ED590@@6BV3Vt0110F9CC@@@,0x01111A50
??_7Rva005ED6B0@@6B@,0x01111A6C
??_7Rva005ED6B0@@6BV3Head14@@@,0x01111A84
??_7Rva005ED6B0@@6BV3Vt0110F9CC@@@,0x01111A80
??_7Rva005ED7D0@@6BV3Slot0@@@,0x011122E0
??_7Rva005ED7D0@@6BV3Slot1@@@,0x011122DC
??_7Rva005ED7D0@@6BV3Slot2@@@,0x011122D8
??_7Rva005ED7D0@@6BV3Slot3@@@,0x011122C4
??_7Rva005ED810@@6B@,0x01111850
??_7Rva005ED810@@6BV3Slot0@@@,0x0111186C
??_7Rva005ED810@@6BV3Slot1@@@,0x01111868
??_7Rva005ED810@@6BV3Slot2@@@,0x01111864
??_7Rva005ED870@@6B@,0x01111824
??_7Rva005ED870@@6BV3Slot0@@@,0x0111182C
??_7Rva005ED870@@6BV3Slot1@@@,0x01111828
??_7Rva005ED8B0@@6BV3NodeHead@@@,0x01111348
??_7Rva005ED8B0@@6BV3Vt0110F9AC@@@,0x01111344
??_7Rva005ED980@@6BV3Slot0@@@,0x01112320
??_7Rva005ED980@@6BV3Slot1@@@,0x0111231C
??_7Rva005ED980@@6BV3Slot2@@@,0x01112318
??_7Rva005ED980@@6BV3Slot3@@@,0x01112304
??_7Rva005ED9C0@@6B@,0x01111890
??_7Rva005ED9C0@@6BV3NodeHead@@@,0x011118AC
??_7Rva005ED9C0@@6BV3Vt0110F9AC@@@,0x011118A8
??_7Rva005ED9C0@@6BV3Vt011106F4@@@,0x011118A4
??_7Rva005EDB10@@6BV3Slot0@@@,0x01112360
??_7Rva005EDB10@@6BV3Slot1@@@,0x0111235C
??_7Rva005EDB10@@6BV3Slot2@@@,0x01112358
??_7Rva005EDB10@@6BV3Slot3@@@,0x01112344
??_7Rva005EDB50@@6B@,0x011118D0
??_7Rva005EDB50@@6BV3NodeHead@@@,0x011118EC
??_7Rva005EDB50@@6BV3Vt0110F9AC@@@,0x011118E8
??_7Rva005EDB50@@6BV3Vt011106F4@@@,0x011118E4
??_7Rva005EDC80@@6BV3Slot0@@@,0x011123A0
??_7Rva005EDC80@@6BV3Slot1@@@,0x0111239C
??_7Rva005EDC80@@6BV3Slot2@@@,0x01112398
??_7Rva005EDC80@@6BV3Slot3@@@,0x01112384
??_7Rva005EDCC0@@6B@,0x01111910
??_7Rva005EDCC0@@6BV3NodeHead@@@,0x0111192C
??_7Rva005EDCC0@@6BV3Vt0110F9AC@@@,0x01111928
??_7Rva005EDCC0@@6BV3Vt011106F4@@@,0x01111924
??_7Rva005EDDE0@@6BV3Slot0@@@,0x011123E0
??_7Rva005EDDE0@@6BV3Slot1@@@,0x011123DC
??_7Rva005EDDE0@@6BV3Slot2@@@,0x011123D8
??_7Rva005EDDE0@@6BV3Slot3@@@,0x011123C4
??_7Rva005EDE20@@6B@,0x01111950
??_7Rva005EDE20@@6BV3NodeHead@@@,0x0111196C
??_7Rva005EDE20@@6BV3Vt0110F9AC@@@,0x01111968
??_7Rva005EDE20@@6BV3Vt011106F4@@@,0x01111964
??_7Rva005EE320@@6B@,0x01111D20
??_7Rva005EE330Poly@@6B@,0x01111D20
??_7Rva005EE360Poly@@6B@,0x01111D90
??_7Rva005EE4B0@@6B@,0x01110898
??_7Rva005EE6B0@@6BPolymorphicVptrBase0110F978@@@,0x011128F8
??_7Rva005EE6B0@@6BQ2ElidedPrimaryBase@@@,0x011128FC
??_7Rva005EE880@@6BPolymorphicVptrBase0110F978@@@,0x011128E4
??_7Rva005EE880@@6BQ2ElidedPrimaryBase@@@,0x011128E8
??_7Rva005EF5B0@@6B@,0x0111081C
??_7Rva005EFA20@@6BPolymorphicVptrBase01073760@@@,0x01112944
??_7Rva005EFA20@@6BQ2ElidedPrimaryBase@@@,0x01112948
??_7Rva005EFAF0@@6BPolymorphicVptrBase01073760@@@,0x01112930
??_7Rva005EFAF0@@6BQ2ElidedPrimaryBase@@@,0x01112934
??_7Rva005F3B50@@6B@,0x011135B8
??_7Rva005F3BB0@@6B@,0x011135C4
??_7Rva005F3D30@@6B@,0x011135D0
??_7Rva005F3EB0@@6B@,0x011135DC
??_7Rva005FC3E0@@6B@,0x01110830
??_7Rva005FC5C0@@6B@,0x01112A4C
??_7Rva005FC620@@6BPolymorphicVptrDwordBase0107375C@@@,0x01112A74
??_7Rva005FC620@@6BQ2ElidedPrimaryBase@@@,0x01112A78
??_7Rva005FC7D0@@6BRva005FC7D0BaseA@@@,0x01112A64
??_7Rva005FC7D0@@6BRva005FC7D0BaseB@@@,0x01112A60
??_7Rva005FC7D0BaseB@@6B@,0x0107375C
??_7Rva005FC920LifeEventModule@FXParticleSystem@@6B@,0x0111320C
??_7Rva005FC920LifeEventModule@FXParticleSystem@@6BBfmeHolderCU@@@,0x01113228
??_7Rva005FC920LifeEventModule@FXParticleSystem@@6BLifeEventCategorySlice@1@@,0x01113224
??_7Rva005FC920LifeEventModule@FXParticleSystem@@6BLifeEventFlagsSlice@1@@,0x01113220
??_7Rva005FD9A0@@6B@,0x0111082C
??_7Rva005FDB40@@6B@,0x01112968
??_7Rva005FDBA0@@6BPolymorphicVptrBase0110F9E4@@@,0x01112990
??_7Rva005FDBA0@@6BQ2ElidedPrimaryBase@@@,0x01112994
??_7Rva005FDC50@@6BPolymorphicVptrBase0110F9E4@@@,0x0111297C
??_7Rva005FDC50@@6BQ2ElidedPrimaryBase@@@,0x01112980
??_7Rva005FE680@@6B@,0x01110834
??_7Rva005FE8C0@@6B@,0x01112A00
??_7Rva005FE920@@6BPolymorphicVptrBase0110FA14@@@,0x01112A28
??_7Rva005FE920@@6BQ2ElidedPrimaryBase@@@,0x01112A2C
??_7Rva005FE9E0@@6BPolymorphicVptrBase0110FA14@@@,0x01112A14
??_7Rva005FE9E0@@6BQ2ElidedPrimaryBase@@@,0x01112A18
??_7Rva005FEAD0DefaultModule7@FXParticleSystem@@6BRva005FEA50PrimaryBase@1@@,0x011148EC
??_7Rva005FEAD0DefaultModule7@FXParticleSystem@@6BRva005FEA50SecondBase@1@@,0x011148E8
??_7Rva005FEAD0DefaultModule7@FXParticleSystem@@6BRva005FEA50ThirdBase@1@@,0x011148E4
??_7Rva005FEAD0DefaultModule7@FXParticleSystem@@6BRva005FEA50WindInfoBase@1@@,0x011148D0
??_7Rva005FF740@@6B@,0x0111089C
??_7Rva005FF9E0@@6BPolymorphicVptrBase0110F9E8@@@,0x011129DC
??_7Rva005FF9E0@@6BQ2ElidedPrimaryBase@@@,0x011129E0
??_7Rva005FFAA0@@6BPolymorphicVptrBase0110F9E8@@@,0x011129C8
??_7Rva005FFAA0@@6BQ2ElidedPrimaryBase@@@,0x011129CC
??_7Rva005FFAC0@@6BRva005FFAC0InterfaceBase@@@,0x01112C04
??_7Rva005FFAC0@@6BRva005FFAC0OwnerBase@@@,0x01112C08
??_7Rva005FFAC0@@6BRva005FFAC0ValuesBase@@@,0x01112C3C
??_7Rva005FFAC0InterfaceBase@@6B@,0x0110F9E8
??_7Rva005FFAC0ValuesBase@@6B@,0x011129B4
??_7Rva005FFDB0DefaultModule2@@6B@,0x01113174
??_7Rva005FFDB0DefaultModule2@@6BBfmeHolderCU@@@,0x01113160
??_7Rva005FFDB0DefaultModule2@@6BDefaultModule2CategorySlice@FXParticleSystem@@@,0x01113158
??_7Rva005FFDB0DefaultModule2@@6BDefaultModule2SecondarySlice@FXParticleSystem@@@,0x0111315C
??_7Rva00602EC0TailDtor@@6B@,0x011151DC
??_7Rva00602F10TailDtor@@6B@,0x011151DC
??_7Rva00603120TailDtor@@6B@,0x011151DC
??_7Rva00604550TailDtor@@6B@,0x011151DC
??_7Rva00604B30@@6B@,0x01115588
??_7Rva00605710Iface@@6B@,0x01115588
??_7Rva00605710Middle@@6B@,0x010897B4
??_7Rva00605710Root@@6B@,0x0108971C
??_7Rva00606A80Item@@6B@,0x01082DE0
??_7Rva006092D0State@@6B@,0x01115AD0
??_7Rva00618600Poly@@6B@,0x01116D64
??_7Rva006235A0Poly@@6B@,0x011176F0
??_7Rva006268E0@@6B@,0x01117B44
??_7Rva006282B0Deleting@@6B@,0x01117E7C
??_7Rva006282E0@@6B@,0x01117E7C
??_7Rva00630620@@6B@,0x011186B8
??_7Rva0063A820@@6B@,0x01118E04
??_7Rva0063A8D0@@6B@,0x01118E58
??_7Rva0063B080@@6B@,0x01118E5C
??_7Rva0063FC80TailDtor@@6B@,0x01119318
??_7Rva0063FCF0@@6B@,0x01119318
??_7Rva00641C60Queue@@6B@,0x01119380
??_7Rva00651690Deleting@@6B@,0x0111985C
??_7Rva00651770@@6B@,0x0111985C
??_7Rva0065E4A0Deleting@@6B@,0x0111A138
??_7Rva0065E500@@6B@,0x0111A138
??_7Rva006609D0@@6B@,0x0111A1D0
??_7Rva006609D0Base@@6B@,0x0111A138
??_7Rva0066B030Poly@@6B@,0x0111A2CC
??_7Rva006709E0Poly@@6B@,0x0111A390
??_7Rva006709F0@@6B@,0x0111A394
??_7Rva00670A10@@6B@,0x0111A3B0
??_7Rva00694E00@@6BGenBase009A1A30@@@,0x0111BD80
??_7Rva00694E00@@6BGenBase01073744@@@,0x0111BD6C
??_7Rva006A1790Event@@6BAudioEventRTS@@@,0x0111BD58
??_7Rva006A1790Event@@6BBfmeBaseASCa@@@,0x0111BD54
??_7Rva006BA440@@6B@,0x0111C938
??_7Rva006BA460TailDtor@@6B@,0x0111C938
??_7Rva006BA470@@6B@,0x0111C950
??_7Rva006BA490TailDtor@@6B@,0x0111C950
??_7Rva006BC560MultiTailDtor@@6BRva000486C1MultiBase@@@,0x0111CF68
??_7Rva006BC560MultiTailDtor@@6BTailMixinA@@@,0x0111CF3C
??_7Rva006BDB50@@6B@,0x0111CFE0
??_7Rva006BE0C0MultiTailDtor@@6BRva00008D32MultiBase@@@,0x0111D090
??_7Rva006BE0C0MultiTailDtor@@6BTailMixinA@@@,0x0111D064
??_7Rva006C0570@@6B@,0x0111D2EC
??_7Rva006C0590TailDtor@@6B@,0x0111D2EC
??_7Rva006C05F0TailDtor@@6B@,0x0111D740
??_7Rva006C5DA0@@6B@,0x0111D868
??_7Rva006D51B0TextureBase@@6B@,0x0113A588
??_7Rva006D7B00@@6B@,0x0111E09C
??_7Rva006D87C0@@6B@,0x0111E09C
??_7Rva006DABB0@@6B@,0x0111E134
??_7Rva006DABB0Base@@6B@,0x01073744
??_7Rva006DB100Buffer@@6B@,0x0111E154
??_7Rva006DB200@@6B@,0x0111E154
??_7Rva006E1700@@6B@,0x0111E204
??_7Rva006E1730TailDtor@@6B@,0x0111E204
??_7Rva006E6C10@@6B@,0x0111E2D0
??_7Rva006F5BE0MultiTailDtor@@6BRva0093BE00MultiBase@@@,0x0111FF78
??_7Rva006F5BE0MultiTailDtor@@6BTailMixinA@@@,0x0111FF70
??_7Rva006F6080@@6B@,0x011201F0
??_7Rva006F6270@@6B@,0x01120248
??_7Rva006F92D0Base@@6B@,0x01073744
??_7Rva006FB500@@6B@,0x01120468
??_7Rva006FBAD0MultiTailDtor@@6BRva00027D81MultiBase@@@,0x01120468
??_7Rva006FBAD0MultiTailDtor@@6BTailMixinA@@@,0x01120450
??_7Rva006FCAD0@@6B@,0x01120850
??_7Rva00711B00@@6B@,0x01120B08
??_7Rva00711B20TailDtor@@6B@,0x01120B08
??_7Rva00739C40Deleting@@6B@,0x0112162C
??_7Rva0073A790@@6B@,0x011216B0
??_7Rva0073A7C0Deleting@@6B@,0x011216B0
??_7Rva00740AE0@@6B@,0x0112171C
??_7Rva00740AE0Base@@6B@,0x010C7450
??_7Rva00745B10Owner@@6BRva0045C1B0Base@@@,0x011217A0
??_7Rva00745B10Owner@@6BRva007461B0BaseS@@@,0x01121790
??_7Rva00745B10Owner@@6BSubsystemInterface@@@,0x01121764
??_7Rva007461B0BaseS@@6B@,0x011216B0
??_7Rva007461B0Path@@6B@,0x010C7E28
??_7Rva0074DE60RefCountClass@@6B@,0x011135AC
??_7Rva0074DE60WorldHeightMap@@6B@,0x01121B94
??_7Rva00750230TailDtor@@6B@,0x01121BA8
??_7Rva007502D0TailDtor@@6B@,0x01121BA8
??_7Rva00750540@@6B@,0x01121EA4
??_7Rva00756C70@@6B@,0x011229A0
??_7Rva007579F0Object@@6B@,0x011229A8
??_7Rva00759E90@@6B@,0x011234C4
??_7Rva0075B850@@6B@,0x01123848
??_7W3DScriptedModelDrawModuleData@@6B@,0x01124230
??_7Rva00782C80Deleting@@6B@,0x01126A70
??_7Rva00782CB0@@6B@,0x01126A80
??_7Rva00782D50@@6B@,0x01126A98
??_7Rva00782DA0Deleting@@6B@,0x01126A98
??_7Rva00783780@@6B@,0x01126A70
??_7Rva00785140Handle@@6B@,0x01126AB8
??_7Rva00788290Allocation@@6B@,0x01126AD0
??_7Rva00788290Base@@6B@,0x01126A70
??_7Rva00789650@@6B@,0x01126C28
??_7Rva0078ABB0@@6B@,0x01126D18
??_7Rva0078ABD0TailDtor@@6B@,0x01126D18
??_7Rva0078CFA0@@6B@,0x01126D84
??_7Rva0078D270GameWindowHost@@6B@,0x01126DBC
??_7Rva0078D310Host@@6B@,0x01126DBC
??_7Rva0078FA00VptrCtor@@6B@,0x01127030
??_7Rva0078FA30Product@@6B@,0x01127030
??_7Rva0078FCA0VptrCtor@@6B@,0x01127064
??_7Rva0078FD30VptrCtor@@6B@,0x01127098
??_7Rva007903F0VptrCtor@@6B@,0x011270CC
??_7Rva00790480VptrCtor@@6B@,0x01127100
??_7Rva00790C40VptrCtor@@6B@,0x01127134
??_7Rva00790CD0VptrCtor@@6B@,0x01127168
??_7Rva00791F40VptrCtor@@6B@,0x011273DC
??_7Rva00791FF0VptrCtor@@6B@,0x01127410
??_7Rva00792040VptrCtor@@6B@,0x01127444
??_7Rva00792070VptrCtor@@6B@,0x01127478
??_7Rva00793150VptrCtor@@6B@,0x011274AC
??_7Rva007931B0VptrCtor@@6B@,0x011274E0
??_7Rva00793D30VptrCtor@@6B@,0x01127514
??_7Rva00793E00VptrCtor@@6B@,0x01127548
??_7Rva007961D0VptrCtor@@6B@,0x011275A4
??_7Rva00796260VptrCtor@@6B@,0x011275D8
??_7Rva00796A60VptrCtor@@6B@,0x0112760C
??_7Rva00796AF0VptrCtor@@6B@,0x01127640
??_7Rva007974C0VptrCtor@@6B@,0x01127674
??_7Rva00797550VptrCtor@@6B@,0x011276A8
??_7Rva00798510VptrCtor@@6B@,0x011276DC
??_7Rva007985A0VptrCtor@@6B@,0x01127710
??_7Rva007996A0VptrCtor@@6B@,0x01127744
??_7Rva00799730VptrCtor@@6B@,0x01127778
??_7Rva0079D030@@6B@,0x011279A0
??_7Rva0079D1D0AptPalantir@@6BSnapshot@@@,0x01127A34
??_7Rva0079D1D0AptPalantir@@6BSubsystemInterface@@@,0x01127A48
??_7Rva007A1230ArrayOwner@@6B@,0x01127EB4
??_7Rva007AE380Deleting@@6B@,0x011283AC
??_7Rva007AE550Base@@6B@,0x011283D4
??_7Rva007AE5A0Deleting@@6B@,0x011283D4
??_7Rva007AE880@@6B@,0x011283AC
??_7Rva007AFF00Base@@6B@,0x011283DC
??_7Rva007AFF00Owner@@6B@,0x01128428
??_7Rva007B0380Base@@6B@,0x011283DC
??_7Rva007B0380Owner@@6B@,0x01128440
??_7Rva007B0400Base@@6B@,0x011283DC
??_7Rva007B0400Owner@@6B@,0x01128450
??_7Rva007B12F0@@6B@,0x0112846C
??_7Rva007B12F0Base@@6B@,0x011283DC
??_7Rva007B1380@@6B@,0x0112847C
??_7Rva007B3B80@@6B@,0x01128440
??_7Rva007C3390@@6B@,0x01128750
??_7Rva007C34D0@@6B@,0x01128764
??_7Rva007C3F70@@6B@,0x01128778
??_7Rva007C3FC0@@6B@,0x0112878C
??_7Rva007C5680@@6B@,0x011287A0
??_7Rva007C7FC0@@6B@,0x0112886C
??_7Rva007CC420@@6B@,0x011288BC
??_7Rva007CCC30@@6B@,0x011288D0
??_7Rva007CCE60@@6B@,0x011288E4
??_7Rva007D0AA0@@6B@,0x0112894C
??_7Rva007D0CB0@@6B@,0x0112898C
??_7Rva007D3740@@6B@,0x01128A50
??_7Rva007D4780@@6B@,0x01128A84
??_7Rva007DCBD0@@6B@,0x01128C80
??_7Rva007DD170@@6B@,0x01128C94
??_7Rva007E2170@@6B@,0x01128D00
??_7Rva007E39C0Deleting@@6B@,0x01128D14
??_7Rva007E3A70@@6B@,0x01128D14
??_7Rva007E3C20Vp6Stream@@6B@,0x01128DA8
??_7Rva007E4960@@6B@,0x01128E0C
??_7Rva007E4A00@@6B@,0x01128D30
??_7Rva007E87C0Deleting@@6B@,0x01129358
??_7Rva007E8810@@6B@,0x011296B0
??_7Rva007E9020Item@@6B@,0x01129744
??_7Rva007E92C0CleanupDeleting@@6B@,0x01129758
??_7Rva007E9B40Object@@6BQ3MakeBaseA@@@,0x01129810
??_7Rva007E9B40Object@@6BQ3MakeBaseB@@@,0x01129808
??_7Rva007EA6D0Deleting@@6B@,0x01129AF4
??_7Rva007EB2C0Object@@6B@,0x01129CB4
??_7Rva007F01B0@@6B@,0x0107301C
??_7Rva007F02F0@@6B@,0x0112A5DC
??_7Rva007F0350Deleting@@6B@,0x0112A5DC
??_7Rva007F0C80CleanupDeleting@@6B@,0x0112A5F8
??_7Rva007F1C20Object@@6BQ3MakeBaseA@@@,0x0112A8B0
??_7Rva007F1C20Object@@6BQ3MakeBaseB@@@,0x0112A8AC
??_7Rva007F1DB0CleanupDeleting@@6B@,0x0112AB34
??_7Rva007F1DE0BaseB@@6B@,0x01129744
??_7Rva007F1DE0Object@@6BRva007F1DE0BaseA@@@,0x0112AB7C
??_7Rva007F1DE0Object@@6BRva007F1DE0BaseB@@@,0x0112AB78
??_7Rva007F2150Object@@6BQ3MakeBaseA@@@,0x0112AB7C
??_7Rva007F2150Object@@6BQ3MakeBaseB@@@,0x0112AB78
??_7Rva007F2650CleanupDeleting@@6B@,0x0112AC70
??_7Rva007F2680Object@@6BRva007F1DE0BaseA@@@,0x0112AD7C
??_7Rva007F2680Object@@6BRva007F1DE0BaseB@@@,0x0112AD78
??_7Rva007F2E60Object@@6BQ3MakeBaseA@@@,0x0112AD7C
??_7Rva007F2E60Object@@6BQ3MakeBaseB@@@,0x0112AD78
??_7Rva007F2F50CleanupDeleting@@6B@,0x0112AF04
??_7Rva007F2F80Object@@6BRva007F1DE0BaseA@@@,0x0112AF40
??_7Rva007F2F80Object@@6BRva007F1DE0BaseB@@@,0x0112AF3C
??_7Rva007F3410Object@@6BQ3MakeBaseA@@@,0x0112AF40
??_7Rva007F3410Object@@6BQ3MakeBaseB@@@,0x0112AF3C
??_7Rva007F37F0CleanupDeleting@@6B@,0x0112B048
??_7Rva007F40F0Object@@6BQ3MakeBaseA@@@,0x0112B12C
??_7Rva007F40F0Object@@6BQ3MakeBaseB@@@,0x0112B128
??_7Rva007F41E0CleanupDeleting@@6B@,0x0112B248
??_7Rva007F4860Owner@@6B@,0x0112B3AC
??_7Rva007F48D0Deleting@@6B@,0x0112B3E4
??_7Rva007F4900CleanupDeleting@@6B@,0x0112B3C8
??_7Rva007F4930Deleting@@6B@,0x0112B3AC
??_7Rva007F4DA0@@6B@,0x0112B4B4
??_7Rva007F6D60Child@@6B@,0x0112B5C4
??_7Rva007F6D60Member2C@@6B@,0x011296B0
??_7Rva007F89B0Deleting@@6B@,0x0112B890
??_7Rva007F8F40Deleting@@6B@,0x0112B954
??_7Rva007F96A0Deleting@@6B@,0x0112B9A8
??_7Rva007F9C50@@6BRva007F9C50Base0@@@,0x0112BAE0
??_7Rva007F9C50@@6BRva007F9C50Base4@@@,0x0112BAD0
??_7Rva007F9C50@@6BRva007F9C50Base8@@@,0x0112BACC
??_7Rva007F9C50Base0@@6B@,0x0112B9A8
??_7Rva007FA8E0Deleting@@6B@,0x0112B3B8
??_7Rva007FA990@@6BRva007FA990Base0@@@,0x0112BC34
??_7Rva007FA990@@6BRva007FA990Base4@@@,0x0112BC30
??_7Rva007FA990Base4@@6B@,0x0112B89C
??_7Rva007FAD50Deleting@@6B@,0x0112BC0C
??_7Rva007FADF0CleanupDeleting@@6B@,0x0112BCD0
??_7Rva007FAE20Object@@6BRva007F1DE0BaseA@@@,0x0112BD40
??_7Rva007FAE20Object@@6BRva007F1DE0BaseB@@@,0x0112BD38
??_7Rva007FBB20Object@@6BQ3MakeBaseA@@@,0x0112BD40
??_7Rva007FBB20Object@@6BQ3MakeBaseB@@@,0x0112BD38
??_7Rva007FBBE0Deleting@@6B@,0x0112BEB0
??_7Rva007FC120CleanupDeleting@@6B@,0x0112BEE8
??_7Rva007FC150Object@@6BRva007F1DE0BaseA@@@,0x0112BFA0
??_7Rva007FC150Object@@6BRva007F1DE0BaseB@@@,0x0112BF98
??_7Rva007FCF80Object@@6BQ3MakeBaseA@@@,0x0112BFA0
??_7Rva007FCF80Object@@6BQ3MakeBaseB@@@,0x0112BF98
??_7Rva007FD040Deleting@@6B@,0x0112C148
??_7Rva00800920Owner@@6BRva00800920Primary@@@,0x0112C308
??_7Rva00800920Owner@@6BRva00800920Sec@@@,0x0112C304
??_7Rva00801FB0Elem@@6B@,0x0112C440
??_7Rva00802040Owner@@6B@,0x0112C4A8
??_7Rva00802380Base@@6B@,0x0112C4E8
??_7Rva00802380Owner@@6B@,0x0112C534
??_7Rva00802680Base@@6B@,0x0112C4FC
??_7Rva00802680Owner@@6B@,0x0112C548
??_7Rva00802CA0Base@@6B@,0x0112C570
??_7Rva00802CA0Owner@@6B@,0x0112C600
??_7Rva00802D00Element@@6B@,0x0112C600
??_7Rva00802E70Element@@6B@,0x0112C650
??_7Rva00802EC0Base@@6B@,0x0112C640
??_7Rva00802EC0Owner@@6B@,0x0112C650
??_7Rva00803080@@6B@,0x0112B89C
??_7Rva00803890Base@@6B@,0x0112B3B8
??_7Rva00803890Owner@@6B@,0x0112C738
??_7Rva00808CB0LanGameEntry@@6B@,0x011296B0
??_7Rva0081C500@@6B@,0x0112CC60
??_7Rva0081C520TailDtor@@6B@,0x0112CC60
??_7Rva00832090TailBase@@6B@,0x0112E940
??_7Rva0083F840@@6B@,0x0112EBCC
??_7Rva00848AB0@@6B@,0x0112FBA0
??_7Rva0084B3A0@@6B@,0x0112FC28
??_7Rva0084B410@@6B@,0x0112FC30
??_7Rva0084B510@@6B@,0x0112FC40
??_7Rva0084B580@@6B@,0x0112FC48
??_7Rva00880F00Subsystem@@6BSnapshot@@@,0x01132B44
??_7Rva00880F00Subsystem@@6BSubsystemInterface@@@,0x01132B54
??_7Rva00886F60Class@@6B@,0x01132FFC
??_7Rva00889250Deleting@@6B@,0x01133034
??_7Rva0088A6E0Interface@@6B@,0x01133034
??_7Rva0088FAA0DebugIOInterface@@6B@,0x01135044
??_7Rva0088FB30NetIO@@6B@,0x0113507C
??_7Rva00892ED0Base@@6B@,0x01135D68
??_7Rva00892ED0HeaderedDeleting@@6B@,0x01135DB0
??_7Rva00899560Value@@6B@,0x01135D68
??_7Rva008995E0Value@@6B@,0x011360A8
??_7Rva00899EB0Object@@6B@,0x011360E8
??_7Rva00899F00Base@@6B@,0x01136058
??_7Rva0089A010@@6B@,0x01136058
??_7Rva0089A410Object@@6B@,0x011361F8
??_7Rva0089A4E0@@6B@,0x01136058
??_7Rva0089A690Object@@6B@,0x01136288
??_7Rva0089A9D0Object@@6B@,0x01136308
??_7Rva0089AB70Object@@6B@,0x01136348
??_7Rva008A1110Value@@6B@,0x01136400
??_7Rva008A2C80@@6B@,0x011364A4
??_7Rva008A4C00Value@@6B@,0x01136698
??_7Rva008A5500@@6B@,0x01136058
??_7Rva008A6410HeaderedDeleting@@6B@,0x011366E0
??_7Rva008A6410Middle@@6B@,0x01136058
??_7Rva008A9830@@6B@,0x011367C8
??_7Rva008A9830Base@@6B@,0x01135D68
??_7Rva008A9B00@@6B@,0x011367C8
??_7Rva008A9B00Base@@6B@,0x01135D68
??_7Rva008B01E0HeaderedDeleting@@6B@,0x01136968
??_7Rva008B01E0HeaderedMiddle@@6B@,0x01136058
??_7Rva008B01E0HeaderedRoot@@6B@,0x01135D68
??_7Rva008B2EF0@@6B@,0x011369F0
??_7Rva008B38D0@@6B@,0x01136A40
??_7Rva008B3980TailDtor@@6B@,0x01136A40
??_7Rva008B42F0Middle@@6B@,0x01136058
??_7Rva008B42F0Root@@6B@,0x01135D68
??_7Rva008B46D0HeaderedDeleting@@6B@,0x01136A90
??_7Rva008B58E0@@6B@,0x01136058
??_7Rva008B93A0Middle@@6B@,0x01136058
??_7Rva008B93A0Root@@6B@,0x01135D68
??_7Rva008B9C90HeaderedDeleting@@6B@,0x01136D58
??_7Rva008BD2B0@@6B@,0x01136DD0
??_7Rva008BE450SizedDeleting@@6B@,0x01136E00
??_7Rva008CBA20@@6B@,0x01136058
??_7Rva008CBAD0@@6B@,0x01136058
??_7Rva008CBDA0Object@@6B@,0x011372C0
??_7Rva008D5780Middle@@6B@,0x01136058
??_7Rva008D5780Root@@6B@,0x01135D68
??_7Rva008D5F70@@6B@,0x01136058
??_7Rva008D5FD0TailDtor@@6B@,0x011376D0
??_7Rva008D5FF0TailDtor@@6B@,0x01137720
??_7Rva008F7510ShroudManager@@6BSnapshot@@@,0x01138D08
??_7Rva008F7510ShroudManager@@6BSubsystemInterface@@@,0x01138D18
??_7Rva008FEB20@@6B@,0x01138FF8
??_7Rva00900FF0@@6B@,0x01139068
??_7Rva0090BC40Dtor@@6B@,0x0113A510
??_7Rva0090BD60Proto@@6B@,0x0113A510
??_7Rva0090C2F0Inner@@6B@,0x0113A56C
??_7Rva0090D090@@6B@,0x0113A588
??_7Rva0090E470Thing@@6B@,0x0113A668
??_7Rva0090E570Thing@@6B@,0x0113A6B0
??_7Rva0092BAC0TailDtor@@6B@,0x0113C340
??_7Rva00938BF0Deleting@@6B@,0x0113CBAC
??_7Rva0093BE00MultiTailDtor@@6BRenderObjClass@@@,0x0113CBB8
??_7Rva0093BE00MultiTailDtor@@6BTailMixinA@@@,0x0113CBB0
??_7Rva00942EB0Deleting@@6B@,0x0113CEB0
??_7Rva00947170SkinContainer@@6B@,0x0113D05C
??_7Rva009471E0TailDtor@@6B@,0x0113D05C
??_7Rva00950FC0MultiTailDtor@@6BRenderObjClass@@@,0x0113D340
??_7Rva00950FC0MultiTailDtor@@6BTailMixinA@@@,0x0113D338
??_7Rva0095C6F0Deleting@@6B@,0x0113E098
??_7Rva00970880Proto@@6B@,0x0113E6F0
??_7Rva00970EC0Proto@@6B@,0x0113E730
??_7Rva009712A0Proto@@6B@,0x0113E770
??_7Rva00971670Proto@@6B@,0x0113E7B0
??_7Rva00971CE0AggregatePrototype@@6B@,0x0113E7F0
??_7Rva009723C0Proto@@6B@,0x0113E830
??_7Rva00972880@@6B@,0x0113EA80
??_7Rva00972950TailDtor@@6B@,0x0113EA80
??_7Rva0097BB40HLod@@6BMultiListObjectClass@@@,0x0113EBE4
??_7Rva0097BB40HLod@@6BRefCountClass@@@,0x0113EBE8
??_7Rva009C85B0@@6B@,0x011439F8
??_7Rva009CC350@@6B@,0x01143B40
??_7Rva009CDDF0Deleting@@6B@,0x01143B78
??_7Rva009CDE10@@6B@,0x01143B98
??_7Rva009D1950TailDtor@@6B@,0x01143C10
??_7Rva009DB610Deleting@@6B@,0x01144844
??_7Rva009EB960@@6B@,0x01145780
??_7Rva009EEA70CleanupDeleting@@6B@,0x011457BC
??_7Rva009F2730Owner@@6BSnapshot@@@,0x011457E8
??_7Rva009F2730Owner@@6BSubsystemInterface@@@,0x011457F8
??_7Rva00C71270Vec@@6B@,0x0113ACC4
??_7Rva00C73744SnapshotBase@@6B@,0x01073744
??_7Rva010FDFACFunctorSlotWrapper@@6B@,0x010FDFAC
??_7Rva011051ECSkirmishField@@6B@,0x011051EC
??_7Rva01108604FunctorWrapper@@6B@,0x01108604
??_7Rva01108610FunctorWrapper@@6B@,0x01108610
??_7Rva1FC330DeepBase@@6BRva00047C53MultiBase@@@,0x0109CB5C
??_7Rva1FC330DeepBase@@6BRva1FC330IfaceA@@@,0x0109CA98
??_7Rva1FC330Middle@@6B@,0x0109CBAC
??_7Rva2D6B80DeepBase@@6BRva00047C53MultiBase@@@,0x0109CB5C
??_7Rva2D6B80DeepBase@@6BRva2D6B80IfaceA@@@,0x0109CA98
??_7Rva2D6B80Middle@@6B@,0x0109CBAC
??_7Rva89A2C0Derived@@6B@,0x011361F8
??_7Rva89A540Derived@@6B@,0x01136288
??_7Rva89A6E0Derived@@6B@,0x011362C8
??_7Rva89A880Derived@@6B@,0x01136308
??_7Rva89AA20Derived@@6B@,0x01136348
??_7Rva89ACB0Holder@@6B@,0x011360E8
??_7Rva8CB6D0Derived@@6B@,0x01137180
??_7Rva8CB6D0Middle@@6B@,0x01136058
??_7Rva8CB6D0Root@@6B@,0x01135D68
??_7Rva8CB820Derived@@6B@,0x01136968
??_7Rva8CB8C0Bounds@@6B@,0x011371D0
??_7Rva8CBB80Derived@@6B@,0x011366E0
??_7Rva8CBC80Derived@@6B@,0x011372C0
??_7S4Base0077C1F0@@6B@,0x01124230
??_7S4Dtor00494090@@6B@,0x010FA198
??_7S4Dtor00587B30@@6B@,0x0110BA30
??_7S4Dtor005B37C0@@6B@,0x0110DE08
??_7S4ModuleData00116640@@6B@,0x010AB4C0
??_7S4ModuleData00116D80@@6B@,0x010B12D8
??_7S4ModuleData0012A070@@6B@,0x0108F020
??_7S4Owner@@6B@,0x010F7114
??_7S5Built005A0720@@6B@,0x0110CCFC
??_7SESU_Iface1@@6B@,0x0109C9D0
??_7SESU_Iface2@@6B@,0x0109CBA0
??_7SPEU_Iface1@@6B@,0x0109C9D0
??_7SPEU_Iface2@@6B@,0x0109CBA0
??_7SalvageCrateCollide@@6B@,0x010AA7E8
??_7SalvageCrateCollide@@6BBehaviorModuleInterface@@@,0x010AA808
??_7SalvageCrateCollide@@6BObjectModule@@@,0x010AA8CC
??_7ScaleTextureMapperClass@@6B@,0x0113E3BC
??_7ScavengerSpecialPower@@6BBehaviorModule@@@,0x010B6FC4
??_7ScavengerSpecialPower@@6BModuleInterface@@@,0x010B6E88
??_7ScavengerSpecialPower@@6BSpecialPowerModuleInterface@@@,0x010B6F00
??_7ScavengerSpecialPowerModuleData@@6B@,0x010B6FF8
??_7SceneClass@@6B@,0x0113CEC8
??_7SceneIterator@@6B@,0x0113CEB0
??_7ScienceInfo@@6B@,0x01084CC0
??_7ScienceStore@@6B@,0x01075F14
??_7ScoreKeeper@@6B@,0x01084DF0
??_7ScreenMapperClass@@6B@,0x0113C0D0
??_7Script@@6B@,0x010E858C
??_7ScriptAction@@6B@,0x010E84E0
??_7ScriptActions@@6B@,0x010D0014
??_7ScriptActionsInterface@@6B@,0x010CFF90
??_7ScriptConditions@@6B@,0x010E1F44
??_7ScriptConditionsInterface@@6B@,0x010E1EFC
??_7ScriptList@@6B@,0x010E8CA8
??_7ScriptListInterface@@6B@,0x01073744
??_7SegmentedLineClass@@6BMultiListObjectClass@@@,0x0113D0E4
??_7SegmentedLineClass@@6BRefCountClass@@@,0x0113D0E8
??_7SelectionTranslator@@6B@,0x0110F0E0
??_7ServiceHubImpl@@6B@,0x01129CB0
??_7ShareBufferClassBase@@6B@,0x0113C308
??_7ShareExperienceBehavior@@6B@,0x010A5FC0
??_7ShareExperienceBehavior@@6BPB_DeepBase@@@,0x010A617C
??_7ShareExperienceBehavior@@6BShareExperienceBehaviorIface1@@@,0x010A60B8
??_7ShareExperienceBehavior@@6BShareExperienceBehaviorIface2@@@,0x010A60A8
??_7ShareExperienceBehaviorIface1@@6B@,0x0109C9D0
??_7ShareExperienceBehaviorIface2@@6B@,0x0109CBA0
??_7ShareExperienceBehaviorInterface@@6B@,0x010A5FBC
??_7ShareExperienceBehaviorModuleData@@6B@,0x010A5FC8
??_7ShdDefFactoryClass@@6B@,0x01145744
??_7Shell@@6B@,0x0110B558
??_7ShellGameLoadScreen@@6B@,0x010E7530
??_7ShroudCrateCollide@@6B@,0x010AA988
??_7ShroudCrateCollide@@6BBehaviorModuleInterface@@@,0x010AA9A8
??_7ShroudCrateCollide@@6BObjectModule@@@,0x010AAA6C
??_7SidesList@@6BBfmeBaseVUQ@@@,0x0109C1F0
??_7SidesList@@6BSubsystemInterface@@@,0x0109C204
??_7SiegeAIUpdate@@6BBehaviorModule@@@,0x010C8B90
??_7SiegeAIUpdate@@6BSiegeAIUpdateIface1@@@,0x010C8AC8
??_7SiegeAIUpdate@@6BSiegeAIUpdateIface2@@@,0x010C8AB8
??_7SiegeAIUpdate@@6BSiegeAIUpdateIface3@@@,0x010C8AB4
??_7SiegeAIUpdate@@6BSiegeAIUpdateIface4@@@,0x010C8A98
??_7SiegeAIUpdateModuleData@@6B@,0x010C8A30
??_7SiegeDeployHordeSpecialPower@@6BBehaviorModuleInterface@@@,0x010B7138
??_7SiegeDeployHordeSpecialPower@@6BObjectModule@@@,0x010B71FC
??_7SiegeDeployHordeSpecialPower@@6BSpecialPowerInterface@@@,0x010B7100
??_7SiegeDeployHordeSpecialPower@@6BUpdateModule@@@,0x010B712C
??_7SiegeDeployHordeSpecialPower@@6BUpgradeInterface@@@,0x010B7088
??_7SiegeDeployHordeSpecialPowerModuleData@@6B@,0x010B7240
??_7SiegeDeploySpecialPower@@6BBehaviorModule@@@,0x010B7564
??_7SiegeDeploySpecialPower@@6BSiegeDeploySpecialPowerIface1@@@,0x010B74A0
??_7SiegeDeploySpecialPower@@6BSiegeDeploySpecialPowerIface2@@@,0x010B7494
??_7SiegeDeploySpecialPower@@6BSiegeDeploySpecialPowerIface3@@@,0x010B7468
??_7SiegeDeploySpecialPower@@6BSiegeDeploySpecialPowerIface4@@@,0x010B73F0
??_7SiegeDeploySpecialPowerModuleData@@6B@,0x010B7598
??_7SiegeDeploySpecialPowerModuleDataBase@@6B@,0x01073744
??_7SiegeDockingBehavior@@6BBehaviorModuleInterface@@@,0x010A6290
??_7SiegeDockingBehavior@@6BObjectModule@@@,0x010A6354
??_7SiegeDockingBehavior@@6BSiegeDockingBehaviorSecondaryBase@@@,0x010A626C
??_7SiegeDockingBehavior@@6BUpdateModule@@@,0x010A6280
??_7SiegeDockingBehaviorModuleData@@6B@,0x010A61F0
??_7SiegeDockingBehaviorSecondaryBase@@6B@,0x010A61DC
??_7SiegeEngineContain@@6B?$OpenContainSecondaryBase@$00@@@,0x010ACFC0
??_7SiegeEngineContain@@6B?$OpenContainSecondaryBase@$01@@@,0x010ACE08
??_7SiegeEngineContain@@6B?$OpenContainSecondaryBase@$02@@@,0x010ACDE8
??_7SiegeEngineContain@@6B?$OpenContainSecondaryBase@$03@@@,0x010ACDE4
??_7SiegeEngineContain@@6B?$OpenContainSecondaryBase@$04@@@,0x010ACDD4
??_7SiegeEngineContain@@6B?$OpenContainSecondaryBase@$05@@@,0x010ACD98
??_7SiegeEngineContain@@6B?$OpenContainSecondaryBase@$06@@@,0x010ACD88
??_7SiegeEngineContain@@6B@,0x010ACD84
??_7SiegeEngineContain@@6BOpenContainPrimaryBase@@@,0x010AD088
??_7SiegeEngineContain@@6BOpenContainWideSecondaryBase@@@,0x010ACFB0
??_7SightingInfo@@6BBfmePartitionSnapshotBase@@@,0x0109C8B0
??_7SightingInfo@@6BMemoryPoolObject@@@,0x0109C89C
??_7SimpleFileFactoryClass@@6B@,0x01144868
??_7SimpleObjectIterator@@6B@,0x0109FB9C
??_7SimpleSceneClass@@6B@,0x0113CF48
??_7SimpleSceneIterator@@6B@,0x0113CF34
??_7SineLinearOffsetTextureMapperClass@@6B@,0x0113E428
??_7SkirmishBattleHonors@@6B@,0x01080460
??_7SinglePlayerSkirmishGameInfo@@6BGameInfo@@@,0x011171DC
??_7SinglePlayerSkirmishGameInfo@@6BSnapshot@@@,0x011171C8
??_7SkirmishPreferences@@6B@,0x010806B0
??_7SkirmishScreenState@@6B@,0x01106C80
??_7SkyboxTextureSet@@6B@,0x01082BE4
??_7SlaughterHordeContainBase@@6B?$Rva0024E8E0SecondaryBase@$00@@@,0x010B10F8
??_7SlaughterHordeContainBase@@6B?$Rva0024E8E0SecondaryBase@$01@@@,0x010B0F40
??_7SlaughterHordeContainBase@@6B?$Rva0024E8E0SecondaryBase@$02@@@,0x010B0F20
??_7SlaughterHordeContainBase@@6B?$Rva0024E8E0SecondaryBase@$03@@@,0x010B0F1C
??_7SlaughterHordeContainBase@@6B?$Rva0024E8E0SecondaryBase@$04@@@,0x010B0F0C
??_7SlaughterHordeContainBase@@6B?$Rva0024E8E0SecondaryBase@$05@@@,0x010B0ED0
??_7SlaughterHordeContainBase@@6B?$Rva0024E8E0SecondaryBase@$06@@@,0x010B0EC0
??_7SlaughterHordeContainBase@@6BRva0024E8E0PrimaryBase@@@,0x010B11C0
??_7SlaughterHordeContainBase@@6BRva0024E8E0WideSecondaryBase@@@,0x010B10E8
??_7SlaughterHordeContainModuleData@@6B@,0x010ACC00
??_7SlaveWatcherBehavior@@6B@,0x010A6408
??_7SlaveWatcherBehavior@@6BPB_DeepBase@@@,0x010A64DC
??_7SlaveWatcherBehavior@@6BSlaveWatcherBehaviorIface1@@@,0x010A6418
??_7SlaveWatcherBehavior@@6BSlaveWatcherBehaviorIface2@@@,0x010A6408
??_7SlaveWatcherBehaviorIface1@@6B@,0x0109C9D0
??_7SlaveWatcherBehaviorIface2@@6B@,0x0109CBA0
??_7SlaveWatcherBehaviorModuleData@@6B@,0x010A6510
??_7SlaveWatcherUpdateModule@@6B@,0x0109CBAC
??_7SlaveWatcherUpdateModuleBase@@6BPB_DeepBase@@@,0x0109CB5C
??_7SlaveWatcherUpdateModuleBase@@6BSlaveWatcherBehaviorIface1@@@,0x0109CA98
??_7SlavedUpdate@@6B@,0x010C2BBC
??_7SlavedUpdate@@6BPB_DeepBase@@@,0x010C2CA4
??_7SlavedUpdate@@6BPB_Iface1@@@,0x010C2BE0
??_7SlavedUpdate@@6BPB_Iface2@@@,0x010C2BD4
??_7SlavedUpdate@@6BSlavedUpdateInterface@@@,0x010C2BBC
??_7SlavedUpdateInterface@@6B@,0x010C2BA4
??_7SlavedUpdateModuleData@@6B@,0x0108E730
??_7SlowDeathBehavior@@6BBehaviorModuleInterface@@@,0x010A65F0
??_7SlowDeathBehavior@@6BDieModuleInterface@@@,0x010A65A4
??_7SlowDeathBehavior@@6BObjectModule@@@,0x010A66B4
??_7SlowDeathBehavior@@6BSlowDeathBehaviorInterface@@@,0x010A65B8
??_7SlowDeathBehavior@@6BUpdateModuleInterface@@@,0x010A65E4
??_7SlowDeathBehaviorInterface@@6B@,0x010A257C
??_7SlowDeathBehaviorModuleData@@6B@,0x010A6750
??_7SmartBombTargetHomingUpdate@@6B@,0x010BC684
??_7SmartBombTargetHomingUpdate@@6BPB_DeepBase@@@,0x010BC86C
??_7SmartBombTargetHomingUpdate@@6BPB_Iface1@@@,0x010BC7A8
??_7SmartBombTargetHomingUpdate@@6BPB_Iface2@@@,0x010BC798
??_7SmartBombTargetHomingUpdate@@6BSmartBombTargetHomingUpdateInterface@@@,0x010BC684
??_7SmartBombTargetHomingUpdateIface@@6B@,0x010BC650
??_7SmudgeManager@@6B@,0x01110164
??_7SmudgeSet@@6B@,0x0111017C
??_7Snapshot@@6B@,0x01073744
??_7SnapshotDupReplica@@6B@,0x01129358
??_7SortingIndexBufferClass@@6B@,0x0113BD20
??_7SortingVertexBufferClass@@6B@,0x0113BD6C
??_7SoundFXNugget@@6B@,0x010F33D8
??_7SoundSelectorInterface@@6B@,0x0108ACF8
??_7SpawnBehavior@@6B?$SpawnBehaviorSecondaryBase@$00@@@,0x010A6BD0
??_7SpawnBehavior@@6B?$SpawnBehaviorSecondaryBase@$01@@@,0x010A6BCC
??_7SpawnBehavior@@6B?$SpawnBehaviorSecondaryBase@$02@@@,0x010A6BBC
??_7SpawnBehavior@@6B?$SpawnBehaviorSecondaryBase@$03@@@,0x010A6B70
??_7SpawnBehavior@@6BBehaviorModuleInterface@@@,0x010A6C08
??_7SpawnBehavior@@6BObjectModule@@@,0x010A6CCC
??_7SpawnBehavior@@6BSpawnBehaviorFourthBase@@@,0x010A6B70
??_7SpawnBehavior@@6BUpdateModule@@@,0x010A6BFC
??_7SpawnBehaviorModuleData@@6B@,0x0108F230
??_7SpawnBehaviorModuleDataBase@@6B@,0x01073744
??_7SpawnPointProductionExitUpdate@@6B@,0x010CB7A0
??_7SpawnPointProductionExitUpdate@@6BBehaviorModuleInterface@@@,0x010CB7E8
??_7SpawnPointProductionExitUpdate@@6BFoundationAIUpdateIface3@@@,0x010CB7A0
??_7SpawnPointProductionExitUpdate@@6BObjectModule@@@,0x010CB8AC
??_7SpawnPointProductionExitUpdate@@6BSPEU_DeepBase@@@,0x010CB8AC
??_7SpawnPointProductionExitUpdate@@6BSPEU_Iface1@@@,0x010CB7E8
??_7SpawnPointProductionExitUpdate@@6BSPEU_Iface2@@@,0x010CB7DC
??_7SpawnPointProductionExitUpdate@@6BUpdateModule@@@,0x010CB7DC
??_7SpawnUnitBehavior@@6B@,0x010A6EC0
??_7SpawnUnitBehavior@@6BSpawnUnitBehaviorGrandBase@@@,0x010A6F94
??_7SpawnUnitBehavior@@6BSpawnUnitBehaviorIface1@@@,0x010A6ED0
??_7SpawnUnitBehavior@@6BSpawnUnitBehaviorIface2@@@,0x010A6EC4
??_7SpawnUnitBehaviorIface1@@6B@,0x0109C9D0
??_7SpawnUnitBehaviorIface2@@6B@,0x0109CBA0
??_7SpawnUnitBehaviorIface3@@6B@,0x010A6EBC
??_7SpawnUnitBehaviorModuleDataBase@@6B@,0x01073744
??_7SpecialAbilityUpdate@@6BSpecialAbilityUpdateBase10@@@,0x010C36E4
??_7SpecialAbilityUpdate@@6BSpecialAbilityUpdateBase20@@@,0x010C36B8
??_7SpecialAbilityUpdate@@6BSpecialAbilityUpdateBaseC@@@,0x010C36F0
??_7SpecialAbilityUpdate@@6BSpecialAbilityUpdateBaseInterface1@@@,0x010C36F0
??_7SpecialAbilityUpdate@@6BSpecialAbilityUpdateInterface@@@,0x010C36B8
??_7SpecialAbilityUpdate@@6BSpecialAbilityUpdateObjectModule@@@,0x010C37B8
??_7SpecialAbilityUpdate@@6BSpecialAbilityUpdateUpdateModule@@@,0x010C36E4
??_7SpecialAbilityUpdate@@6BUpdateModule@@@,0x010C37B8
??_7SpecialAbilityUpdateBase10@@6B@,0x0109CBA0
??_7SpecialAbilityUpdateBaseC@@6B@,0x0109C9D0
??_7SpecialAbilityUpdateBehaviorModule@@6BSpecialAbilityUpdateBaseInterface1@@@,0x0109CA98
??_7SpecialAbilityUpdateBehaviorModule@@6BSpecialAbilityUpdateObjectModule@@@,0x0109CB5C
??_7SpecialAbilityUpdateModuleData@@6B@,0x010C2D58
??_7SpecialAbilityUpdateModuleDataBase@@6B@,0x01073744
??_7SpecialAbilityUpdateUpdateModule@@6B@,0x0109CBAC
??_7SpecialDisguiseUpdate@@6BSpecialDisguiseUpdateBase@@@,0x010B7708
??_7SpecialDisguiseUpdate@@6BSpecialDisguiseUpdateIface1@@@,0x010B7640
??_7SpecialDisguiseUpdate@@6BSpecialDisguiseUpdateIface2@@@,0x010B7630
??_7SpecialDisguiseUpdate@@6BSpecialDisguiseUpdateIface3@@@,0x010B7604
??_7SpecialDisguiseUpdate@@6BSpecialDisguiseUpdateIface4@@@,0x010B75F4
??_7SpecialDisguiseUpdateIface4@@6B@,0x010A372C
??_7SpecialEnemySenseUpdate@@6BSESU_DeepBase@@@,0x010C3954
??_7SpecialEnemySenseUpdate@@6BSESU_Iface1@@@,0x010C3890
??_7SpecialEnemySenseUpdate@@6BSESU_Iface2@@@,0x010C3880
??_7SpecialEnemySenseUpdateModuleData@@6B@,0x0108CD38
??_7SpecialPowerCompletionDie@@6BBehaviorModuleInterface@@@,0x010B3350
??_7SpecialPowerCompletionDie@@6BDieModuleInterface@@@,0x010B334C
??_7SpecialPowerCompletionDie@@6BObjectModule@@@,0x010B3414
??_7SpecialPowerCompletionDieModuleData@@6B@,0x0108B808
??_7SpecialPowerCreate@@6BBehaviorModule@@@,0x010B1B84
??_7SpecialPowerCreate@@6BCreateModuleInterface@@@,0x010B1AC0
??_7SpecialPowerCreate@@6BModuleInterface@@@,0x010B1AAC
??_7SpecialPowerModule@@6B@,0x010B7B00
??_7SpecialPowerModule@@6BBehaviorModuleInterface@@@,0x010B7B78
??_7SpecialPowerModule@@6BModule@@@,0x010B7C3C
??_7SpecialPowerModuleDataBase@@6B@,0x01073744
??_7SpecialPowerStore@@6B@,0x01085CC4
??_7SpecialPowerTemplate@@6B@,0x01085CC0
??_7SphereEmissionVolumeInfo@FXParticleSystem@@6B@,0x01110A0C
??_7SphereEmissionVolumeModule@FXParticleSystem@@6B@,0x01111910
??_7SphereEmissionVolumeModule@FXParticleSystem@@6BParticleModuleCategorySlice@1@@,0x01111928
??_7SphereEmissionVolumeModule@FXParticleSystem@@6BParticleModuleSnapshotSlice@1@@,0x01111924
??_7SphereEmissionVolumeModule@FXParticleSystem@@6BT1A1_005DD290@@@,0x0111192C
??_7SphereEmissionVolumeModuleTemplate@FXParticleSystem@@6B?$CategoryModuleInfo@$04@1@@,0x01110A34
??_7SphereEmissionVolumeModuleTemplate@FXParticleSystem@@6B@,0x01110A20
??_7SphereEmissionVolumeModuleTemplate@FXParticleSystem@@6BModuleTemplate@1@@,0x01110A38
??_7SphericalEmissionVelocityInfo@FXParticleSystem@@6B@,0x01110B0C
??_7SphericalEmissionVelocityModule@FXParticleSystem@@6B?$CategoryModuleInfo@$03@1@@,0x011119F0
??_7SphericalEmissionVelocityModule@FXParticleSystem@@6B@,0x011119DC
??_7SphericalEmissionVelocityModule@FXParticleSystem@@6BT1A1_005DD290@@@,0x011119F4
??_7SphericalEmissionVelocityModuleTemplate@FXParticleSystem@@6B?$CategoryModuleInfo@$03@1@@,0x01110B20
??_7SphericalEmissionVelocityModuleTemplate@FXParticleSystem@@6B@,0x01110B38
??_7SphericalEmissionVelocityModuleTemplate@FXParticleSystem@@6BModuleTemplate@1@@,0x01110B24
??_7SplitHordeSpecialPower@@6BBehaviorModule@@@,0x010B80B4
??_7SplitHordeSpecialPower@@6BModuleInterface@@@,0x010B7F78
??_7SplitHordeSpecialPower@@6BSpecialPowerModuleInterface@@@,0x010B7FF0
??_7SplitHordeSpecialPowerModuleData@@6B@,0x010B80E8
??_7SpyVisionUpdate@@6BPB_DeepBase@@@,0x010A1DA4
??_7SpyVisionUpdate@@6BPB_Iface1@@@,0x010A1CE0
??_7SpyVisionUpdate@@6BPB_Iface2@@@,0x010A1CD0
??_7SpyVisionUpdate@@6BSpyVisionUpdateInterface@@@,0x010A1C0C
??_7SpyVisionUpdate@@6BSpyVisionUpgradeMux@@@,0x010A1C20
??_7SpyVisionUpdateInterface@@6B@,0x010A1BFC
??_7SpyVisionUpdateModuleDataBase@@6B@,0x01073744
??_7Squad@@6B@,0x01083E78
??_7SquishCollide@@6BBehaviorModule@@@,0x010AA074
??_7SquishCollide@@6BBehaviorModuleInterface@@@,0x010A9FB0
??_7SquishCollide@@6BCollideModuleInterface@@@,0x010A9F94
??_7SquishCollideModuleData@@6B@,0x010A9F40
??_7State@@6B@,0x01080770
??_7StateMachine@@6B@,0x01080710
??_7StateMachineBase@@6B@,0x01073744
??_7StaticSortListClass@@6B@,0x0113DE30
??_7StatusBitsUpgrade@@6BBehaviorModule@@@,0x010CDD14
??_7StatusBitsUpgrade@@6BBehaviorModuleInterface@@@,0x010CDC50
??_7StatusBitsUpgrade@@6BModuleInterface@@@,0x010CDBF0
??_7StatusBitsUpgrade@@6BUpgradeMux@@@,0x010CDC00
??_7StealthDetectorUpdate@@6BPB_DeepBase@@@,0x010C3B2C
??_7StealthDetectorUpdate@@6BPB_Iface1@@@,0x010C3A68
??_7StealthDetectorUpdate@@6BPB_Iface2@@@,0x010C3A5C
??_7StealthDetectorUpdateModuleData@@6B@,0x0108EA48
??_7StealthDetectorUpdateModuleDataBase@@6B@,0x01073744
??_7StealthUpdateModuleData@@6B@,0x0108F180
??_7StealthUpgrade@@6BBehaviorModule@@@,0x010CDE6C
??_7StealthUpgrade@@6BBehaviorModuleInterface@@@,0x010CDDA8
??_7StealthUpgrade@@6BModuleInterface@@@,0x010CDD44
??_7StealthUpgrade@@6BUpgradeMux@@@,0x010CDD58
??_7StealthUpgradeModuleData@@6B@,0x0108F1D8
??_7StepLinearOffsetTextureMapperClass@@6B@,0x0113E47C
??_7StickyBombUpdate@@6B@,0x010A7034
??_7StickyBombUpdate@@6BPB_DeepBase@@@,0x010A71F4
??_7StickyBombUpdate@@6BPB_Iface1@@@,0x010A7130
??_7StickyBombUpdate@@6BPB_Iface2@@@,0x010A7124
??_7StickyBombUpdateInterface@@6B@,0x010A1BFC
??_7StopSpecialPower@@6BBehaviorModule@@@,0x010B82BC
??_7StopSpecialPower@@6BModuleInterface@@@,0x010B8180
??_7StopSpecialPower@@6BSpecialPowerModuleInterface@@@,0x010B81F8
??_7StopSpecialPowerModuleData@@6B@,0x010B82F0
??_7Straw@@6B@,0x0113C08C
??_7StreakDrawBase@@6B@,0x01121BA8
??_7StreakDrawModuleTemplate@FXParticleSystem@@6B?$CategoryModuleInfo@$05@1@@,0x01110C8C
??_7StreakDrawModuleTemplate@FXParticleSystem@@6B@,0x01110CA4
??_7StreakDrawModuleTemplate@FXParticleSystem@@6BModuleTemplate@1@@,0x01110C90
??_7StreakLineClass@@6BMultiListObjectClass@@@,0x0113AD20
??_7StreakLineClass@@6BRefCountClass@@@,0x0113AD28
??_7StreamingArchiveFile@@6B@,0x01143CA8
??_7StructureBody@@6BBehaviorModule@@@,0x010A94B8
??_7StructureBody@@6BBehaviorModuleInterface@@@,0x010A93F0
??_7StructureBody@@6BBodyModuleInterface@@@,0x010A9320
??_7StructureBodyModuleData@@6B@,0x0108ED20
??_7StructureCollapseUpdate@@6BBehaviorModuleInterface@@@,0x010C4650
??_7StructureCollapseUpdate@@6BDieModuleInterface@@@,0x010C45D8
??_7StructureCollapseUpdate@@6BObjectModule@@@,0x010C4714
??_7StructureCollapseUpdate@@6BUpdateModule@@@,0x010C4644
??_7StructureCollapseUpdateModuleData@@6B@,0x0108EBE8
??_7StructureToppleUpdate@@6B@,0x010C48B8
??_7StructureToppleUpdate@@6BDieModuleInterface@@@,0x010C48B8
??_7StructureToppleUpdate@@6BPB_DeepBase@@@,0x010C49F4
??_7StructureToppleUpdate@@6BPB_Iface1@@@,0x010C4930
??_7StructureToppleUpdate@@6BPB_Iface2@@@,0x010C4924
??_7StructureToppleUpdateIface@@6B@,0x010A257C
??_7StructureToppleUpdateModuleData@@6B@,0x0108F700
??_7StructureToppleUpdateModuleDataBase@@6B@,0x01073744
??_7SubObjectsUpgrade@@6BBehaviorModule@@@,0x010CDFC4
??_7SubObjectsUpgrade@@6BBehaviorModuleInterface@@@,0x010CDF00
??_7SubObjectsUpgrade@@6BModuleInterface@@@,0x010CDE9C
??_7SubObjectsUpgrade@@6BUpgradeMux@@@,0x010CDEB0
??_7SubObjectsUpgradeModuleData@@6B@,0x0108F548
??_7SubObjectsUpgradeModuleDataPrimaryBase@@6B@,0x01073744
??_7SubsystemInterface@@6B@,0x01141640
??_7SubsystemLegend@@6B@,0x01075F98
??_7SubtitleEntry@@6B@,0x0112CF0C
??_7SuperweaponInfo@@6B@,0x010F5754
??_7SupplyCenterCreate@@6BBehaviorModule@@@,0x010B1C8C
??_7SupplyCenterCreate@@6BCreateModuleInterface@@@,0x010B1BC8
??_7SupplyCenterCreate@@6BModuleInterface@@@,0x010B1BB4
??_7SupplyCenterDockUpdate@@6BBehaviorModule@@@,0x010CB1E4
??_7SupplyCenterDockUpdate@@6BBehaviorModuleInterface@@@,0x010CB120
??_7SupplyCenterDockUpdate@@6BDockUpdate@@@,0x010CB1E4
??_7SupplyCenterDockUpdate@@6BDockUpdateInterface@@@,0x010CB0B0
??_7SupplyCenterDockUpdate@@6BSupplyCenterDockUpdateIface1@@@,0x010CB120
??_7SupplyCenterDockUpdate@@6BSupplyCenterDockUpdateIface2@@@,0x010CB110
??_7SupplyCenterDockUpdate@@6BSupplyCenterDockUpdateIface3@@@,0x010CB0B0
??_7SupplyCenterDockUpdate@@6BUpdateModuleInterface@@@,0x010CB110
??_7SupplyCenterDockUpdateModuleData@@6B@,0x010CB218
??_7SupplyCenterProductionExitUpdate@@6B@,0x010CB8E4
??_7SupplyCenterProductionExitUpdate@@6BPB_DeepBase@@@,0x010CB9F4
??_7SupplyCenterProductionExitUpdate@@6BPB_Iface1@@@,0x010CB930
??_7SupplyCenterProductionExitUpdate@@6BPB_Iface2@@@,0x010CB920
??_7SupplyCenterProductionExitUpdateIface@@6B@,0x010ABF08
??_7SupplyTruckAIUpdate@@6B@,0x010C8E90
??_7SupplyTruckAIUpdate@@6BST_Iface1@@@,0x010C8F20
??_7SupplyTruckAIUpdate@@6BST_Iface2@@@,0x010C8F10
??_7SupplyTruckAIUpdate@@6BST_Iface3@@@,0x010C8F0C
??_7SupplyTruckAIUpdate@@6BST_Iface4@@@,0x010C8EF0
??_7SupplyTruckAIUpdate@@6BST_RootBase@@@,0x010C8FE8
??_7SupplyWarehouseCreate@@6B@,0x010B1CBC
??_7SupplyWarehouseCreate@@6BBehaviorModuleInterface@@@,0x010B1CD0
??_7SupplyWarehouseCreate@@6BObjectModule@@@,0x010B1D94
??_7SupplyWarehouseCripplingBehaviorModuleData@@6B@,0x010A7048
??_7SupplyWarehouseDockUpdate@@6B@,0x010CB2D0
??_7SupplyWarehouseDockUpdate@@6BBehaviorModule@@@,0x010CB404
??_7SupplyWarehouseDockUpdate@@6BBehaviorModuleInterface@@@,0x010CB340
??_7SupplyWarehouseDockUpdate@@6BDockUpdate@@@,0x010CB404
??_7SupplyWarehouseDockUpdate@@6BDockUpdateInterface@@@,0x010CB2D0
??_7SupplyWarehouseDockUpdate@@6BUpdateModuleInterface@@@,0x010CB330
??_7SupplyWarehouseDockUpdateModuleData@@6B@,0x010CB4B0
??_7SwayClientUpdate@@6B@,0x011154F0
??_7SymbioticStructuresBody@@6BBehaviorModule@@@,0x010A96B0
??_7SymbioticStructuresBody@@6BBehaviorModuleInterface@@@,0x010A95E8
??_7SymbioticStructuresBody@@6BBodyModuleInterface@@@,0x010A9518
??_7SymbioticStructuresBodyModuleData@@6B@,0x0108EC78
??_7T1A2_0110F9AC@@6B@,0x0110F9AC
??_7T1A2_0110F9CC@@6B@,0x0110F9CC
??_7T1BaseForward_005EEBC0@@6BBfmeHolderCU@@@,0x01113040
??_7T1BaseForward_005EEBC0@@6BUnknownModuleSlot14@@@,0x0111303C
??_7T1BaseForward_005EEBC0@@6BUnknownModuleSlot18@@@,0x01113038
??_7T1Base_005EEBC0@@6B@,0x01113008
??_7T1Base_005EEBC0@@6BBfmeHolderCU@@@,0x01113024
??_7T1Base_005EEBC0@@6BUnknownModuleSlot14@@@,0x01113020
??_7T1Base_005EEBC0@@6BUnknownModuleSlot18@@@,0x0111301C
??_7T1Base_005EFD60@@6BDefaultColorModuleInfo@FXParticleSystem@@@,0x01113070
??_7T1Base_005EFD60@@6BT1A1_005DD290@@@,0x0111308C
??_7T1Base_005EFD60@@6BT1P1_005EFD60@@@,0x01113088
??_7T1Base_005EFD60@@6BT1P2_005EFD60@@@,0x01113084
??_7T1Base_005F3750@@6B@,0x01112E60
??_7T1Base_005F3750@@6BParticleModuleInterface005F2CA0@@@,0x01112E74
??_7T1Base_005F3750@@6BT1A1_005DD290@@@,0x01112E78
??_7T1Base_005F84E0@@6B@,0x01112EB4
??_7T1Base_005F84E0@@6BParticleModuleInterface005F2CA0@@@,0x01112EC8
??_7T1Base_005F84E0@@6BT1A1_005DD290@@@,0x01112ECC
??_7T1Base_005FDE80@@6B@,0x011130E0
??_7T1Base_005FDE80@@6BT1A1_005DD290@@@,0x011130FC
??_7T1Base_005FDE80@@6BT1Vt0110F9E4@@@,0x011130F4
??_7T1Base_005FDE80@@6BT1Vt0111082C@@@,0x011130F8
??_7T1Ctor_005E9430@@6BT1Primary_005E9430@@@,0x011128FC
??_7T1Ctor_005E9430@@6BT1Vt0110F978@@@,0x011128F8
??_7T1Ctor_005E9670@@6BT1Primary_005E9670@@@,0x01112948
??_7T1Ctor_005E9670@@6BT1Vt01073760@@@,0x01112944
??_7T1Del_005E5520@@6B@,0x01111D20
??_7T1Del_005E56E0@@6B@,0x01111D90
??_7T1Derived_005DEC00@@6BT1A1_005DD290@@@,0x01111348
??_7T1Derived_005DEC00@@6BT1A2_0110F9AC@@@,0x01111344
??_7T1Derived_005DEC40@@6BT1A1_005DD290@@@,0x01111360
??_7T1Derived_005DEC40@@6BT1A2_0110F9CC@@@,0x0111135C
??_7T1Derived_005E24B0@@6BT1P0_005F3750@@@,0x0111147C
??_7T1Derived_005E24B0@@6BT1P1_005F3750@@@,0x01111478
??_7T1Derived_005E24B0@@6BT1P2_005F3750@@@,0x01111464
??_7T1Derived_005E2530@@6BT1P0_005F84E0@@@,0x011114D4
??_7T1Derived_005E2530@@6BT1P1_005F84E0@@@,0x011114D0
??_7T1Derived_005E2530@@6BT1P2_005F84E0@@@,0x011114BC
??_7T1Derived_005E25B0@@6BT1P0_005F6530@@@,0x01111524
??_7T1Derived_005E25B0@@6BT1P1_005F6530@@@,0x01111520
??_7T1Derived_005E25B0@@6BT1P2_005F6530@@@,0x0111150C
??_7T1Derived_005E2630@@6BT1P0_005F2D20@@@,0x01111574
??_7T1Derived_005E2630@@6BT1P1_005F2D20@@@,0x01111570
??_7T1Derived_005E2630@@6BT1P2_005F2D20@@@,0x0111155C
??_7T1Derived_005E26B0@@6BT1P0_005F7820@@@,0x011115C8
??_7T1Derived_005E26B0@@6BT1P1_005F7820@@@,0x011115C4
??_7T1Derived_005E26B0@@6BT1P2_005F7820@@@,0x011115B0
??_7T1Derived_005E2740@@6BT1P0_005F4E90@@@,0x01111620
??_7T1Derived_005E2740@@6BT1P1_005F4E90@@@,0x0111161C
??_7T1Derived_005E2740@@6BT1P2_005F4E90@@@,0x01111608
??_7T1Derived_005E2EF0@@6BT1P0_005EFD60@@@,0x01111678
??_7T1Derived_005E2EF0@@6BT1P1_005EFD60@@@,0x01111674
??_7T1Derived_005E2EF0@@6BT1P2_005EFD60@@@,0x01111670
??_7T1Derived_005E2EF0@@6BT1P3_005EFD60@@@,0x0111165C
??_7T1Derived_005E2FA0@@6BT1P0_005FDE80@@@,0x011116CC
??_7T1Derived_005E2FA0@@6BT1P1_005FDE80@@@,0x011116C8
??_7T1Derived_005E2FA0@@6BT1P2_005FDE80@@@,0x011116C4
??_7T1Derived_005E2FA0@@6BT1P3_005FDE80@@@,0x011116B0
??_7T1Derived_005E3060@@6BT1P0_005FEAD0@@@,0x01111724
??_7T1Derived_005E3060@@6BT1P1_005FEAD0@@@,0x01111720
??_7T1Derived_005E3060@@6BT1P2_005FEAD0@@@,0x0111171C
??_7T1Derived_005E3060@@6BT1P3_005FEAD0@@@,0x01111708
??_7T1Derived_005E30F0@@6BT1P0_005FC920@@@,0x01111770
??_7T1Derived_005E30F0@@6BT1P1_005FC920@@@,0x0111176C
??_7T1Derived_005E30F0@@6BT1P2_005FC920@@@,0x01111768
??_7T1Derived_005E30F0@@6BT1P3_005FC920@@@,0x01111754
??_7T1Derived_005E3180@@6BT1P0_005FD550@@@,0x011117B4
??_7T1Derived_005E3180@@6BT1P1_005FD550@@@,0x011117B0
??_7T1Derived_005E3180@@6BT1P2_005FD550@@@,0x011117AC
??_7T1Derived_005E3180@@6BT1P3_005FD550@@@,0x01111798
??_7T1Derived_005E3210@@6BT1P0_005FBBE0@@@,0x01111800
??_7T1Derived_005E3210@@6BT1P1_005FBBE0@@@,0x011117FC
??_7T1Derived_005E3210@@6BT1P2_005FBBE0@@@,0x011117F8
??_7T1Derived_005E3210@@6BT1P3_005FBBE0@@@,0x011117E4
??_7T1Derived_005E38E0@@6BT1A1_005DD290@@@,0x01111994
??_7T1Derived_005E38E0@@6BT1A2_0110F9CC@@@,0x01111990
??_7T1Derived_005E3B10@@6BT1P0_005E3A20@@@,0x01111A24
??_7T1Derived_005E3B10@@6BT1P1_005E3A20@@@,0x01111A20
??_7T1Derived_005E3B10@@6BT1P2_005E3A20@@@,0x01111A0C
??_7T1Derived_005E4F60@@6BT1P0_005E3950@@@,0x01111B08
??_7T1Derived_005E4F60@@6BT1P1_005E3950@@@,0x01111B04
??_7T1Derived_005E4F60@@6BT1P2_005E3950@@@,0x01111AF0
??_7T1Derived_005E4FE0@@6BT1P0_005E3A20@@@,0x01111B38
??_7T1Derived_005E4FE0@@6BT1P1_005E3A20@@@,0x01111B34
??_7T1Derived_005E4FE0@@6BT1P2_005E3A20@@@,0x01111B20
??_7T1Derived_005E5060@@6BT1P0_005E3A20@@@,0x01111B68
??_7T1Derived_005E5060@@6BT1P1_005E3A20@@@,0x01111B64
??_7T1Derived_005E5060@@6BT1P2_005E3A20@@@,0x01111B50
??_7T1Derived_005E50E0@@6BT1P0_005E3B90@@@,0x01111B98
??_7T1Derived_005E50E0@@6BT1P1_005E3B90@@@,0x01111B94
??_7T1Derived_005E50E0@@6BT1P2_005E3B90@@@,0x01111B80
??_7T1Derived_005E5160@@6BT1P0_005E3C90@@@,0x01111BC8
??_7T1Derived_005E5160@@6BT1P1_005E3C90@@@,0x01111BC4
??_7T1Derived_005E5160@@6BT1P2_005E3C90@@@,0x01111BB0
??_7T1Derived_005E51E0@@6BT1P0_005E3390@@@,0x01111BFC
??_7T1Derived_005E51E0@@6BT1P1_005E3390@@@,0x01111BF8
??_7T1Derived_005E51E0@@6BT1P2_005E3390@@@,0x01111BF4
??_7T1Derived_005E51E0@@6BT1P3_005E3390@@@,0x01111BE0
??_7T1Derived_005E5270@@6BT1P0_005E3480@@@,0x01111C3C
??_7T1Derived_005E5270@@6BT1P1_005E3480@@@,0x01111C38
??_7T1Derived_005E5270@@6BT1P2_005E3480@@@,0x01111C34
??_7T1Derived_005E5270@@6BT1P3_005E3480@@@,0x01111C20
??_7T1Derived_005E5300@@6BT1P0_005E35B0@@@,0x01111C7C
??_7T1Derived_005E5300@@6BT1P1_005E35B0@@@,0x01111C78
??_7T1Derived_005E5300@@6BT1P2_005E35B0@@@,0x01111C74
??_7T1Derived_005E5300@@6BT1P3_005E35B0@@@,0x01111C60
??_7T1Derived_005E5390@@6BT1P0_005E36C0@@@,0x01111CBC
??_7T1Derived_005E5390@@6BT1P1_005E36C0@@@,0x01111CB8
??_7T1Derived_005E5390@@6BT1P2_005E36C0@@@,0x01111CB4
??_7T1Derived_005E5390@@6BT1P3_005E36C0@@@,0x01111CA0
??_7T1Derived_005E5420@@6BT1P0_005E37C0@@@,0x01111CFC
??_7T1Derived_005E5420@@6BT1P1_005E37C0@@@,0x01111CF8
??_7T1Derived_005E5420@@6BT1P2_005E37C0@@@,0x01111CF4
??_7T1Derived_005E5420@@6BT1P3_005E37C0@@@,0x01111CE0
??_7T1Derived_005E6580@@6BT1P0_005E3950@@@,0x011121EC
??_7T1Derived_005E6580@@6BT1P1_005E3950@@@,0x011121E8
??_7T1Derived_005E6580@@6BT1P2_005E3950@@@,0x011121D4
??_7T1Derived_005E6670@@6BT1P0_005E3A20@@@,0x0111221C
??_7T1Derived_005E6670@@6BT1P1_005E3A20@@@,0x01112218
??_7T1Derived_005E6670@@6BT1P2_005E3A20@@@,0x01112204
??_7T1Derived_005E6760@@6BT1P0_005E3A20@@@,0x0111224C
??_7T1Derived_005E6760@@6BT1P1_005E3A20@@@,0x01112248
??_7T1Derived_005E6760@@6BT1P2_005E3A20@@@,0x01112234
??_7T1Derived_005E6850@@6BT1P0_005E3B90@@@,0x0111227C
??_7T1Derived_005E6850@@6BT1P1_005E3B90@@@,0x01112278
??_7T1Derived_005E6850@@6BT1P2_005E3B90@@@,0x01112264
??_7T1Derived_005E6940@@6BT1P0_005E3C90@@@,0x011122AC
??_7T1Derived_005E6940@@6BT1P1_005E3C90@@@,0x011122A8
??_7T1Derived_005E6940@@6BT1P2_005E3C90@@@,0x01112294
??_7T1Derived_005E6A30@@6BT1P0_005E3390@@@,0x011122E0
??_7T1Derived_005E6A30@@6BT1P1_005E3390@@@,0x011122DC
??_7T1Derived_005E6A30@@6BT1P2_005E3390@@@,0x011122D8
??_7T1Derived_005E6A30@@6BT1P3_005E3390@@@,0x011122C4
??_7T1Derived_005E6B30@@6BT1P0_005E3480@@@,0x01112320
??_7T1Derived_005E6B30@@6BT1P1_005E3480@@@,0x0111231C
??_7T1Derived_005E6B30@@6BT1P2_005E3480@@@,0x01112318
??_7T1Derived_005E6B30@@6BT1P3_005E3480@@@,0x01112304
??_7T1Derived_005E6C30@@6BT1P0_005E35B0@@@,0x01112360
??_7T1Derived_005E6C30@@6BT1P1_005E35B0@@@,0x0111235C
??_7T1Derived_005E6C30@@6BT1P2_005E35B0@@@,0x01112358
??_7T1Derived_005E6C30@@6BT1P3_005E35B0@@@,0x01112344
??_7T1Derived_005E6D30@@6BT1P0_005E36C0@@@,0x011123A0
??_7T1Derived_005E6D30@@6BT1P1_005E36C0@@@,0x0111239C
??_7T1Derived_005E6D30@@6BT1P2_005E36C0@@@,0x01112398
??_7T1Derived_005E6D30@@6BT1P3_005E36C0@@@,0x01112384
??_7T1Derived_005E6E30@@6BT1P0_005E37C0@@@,0x011123E0
??_7T1Derived_005E6E30@@6BT1P1_005E37C0@@@,0x011123DC
??_7T1Derived_005E6E30@@6BT1P2_005E37C0@@@,0x011123D8
??_7T1Derived_005E6E30@@6BT1P3_005E37C0@@@,0x011123C4
??_7T1Derived_005E72C0@@6BT1P0_005EEBC0@@@,0x01112460
??_7T1Derived_005E72C0@@6BT1P1_005EEBC0@@@,0x0111245C
??_7T1Derived_005E72C0@@6BT1P2_005EEBC0@@@,0x01112458
??_7T1Derived_005E72C0@@6BT1P3_005EEBC0@@@,0x01112444
??_7T1Derived_005E7580@@6BT1P0_005FFDB0@@@,0x0111255C
??_7T1Derived_005E7580@@6BT1P1_005FFDB0@@@,0x01112558
??_7T1Derived_005E7580@@6BT1P2_005FFDB0@@@,0x01112554
??_7T1Derived_005E7580@@6BT1P3_005FFDB0@@@,0x01112540
??_7T1Derived_005E78A0@@6BT1P0_00600BE0@@@,0x01112670
??_7T1Derived_005E78A0@@6BT1P1_00600BE0@@@,0x0111266C
??_7T1Derived_005E78A0@@6BT1P2_00600BE0@@@,0x01112668
??_7T1Derived_005E78A0@@6BT1P3_00600BE0@@@,0x01112654
??_7T1Derived_005E9310@@6BT1P0_005E9340@@@,0x011124AC
??_7T1Derived_005E9310@@6BT1P1_005E9340@@@,0x011124A8
??_7T1Derived_005E9310@@6BT1P2_005E9340@@@,0x01112494
??_7T1Derived_005E9400@@6BT1P0_005E9430@@@,0x011128E8
??_7T1Derived_005E9400@@6BT1P1_005E9430@@@,0x011128E4
??_7T1Derived_005E9540@@6BT1P0_005E9570@@@,0x01111F1C
??_7T1Derived_005E9540@@6BT1P1_005E9570@@@,0x01111F18
??_7T1Derived_005E9540@@6BT1P2_005E9570@@@,0x01111F04
??_7T1Derived_005E9640@@6BT1P0_005E9670@@@,0x01112934
??_7T1Derived_005E9640@@6BT1P1_005E9670@@@,0x01112930
??_7T1Derived_005E9780@@6BT1P0_005E97B0@@@,0x01111FFC
??_7T1Derived_005E9780@@6BT1P1_005E97B0@@@,0x01111FF8
??_7T1Derived_005E9780@@6BT1P2_005E97B0@@@,0x01111FE4
??_7T1Intermediate_005FDE80@@6BT1A1_005DD290@@@,0x01113120
??_7T1Intermediate_005FDE80@@6BT1Vt0110F9E4@@@,0x01113118
??_7T1Intermediate_005FDE80@@6BT1Vt0111082C@@@,0x0111311C
??_7T1P1_005EFD60@@6B@,0x0111081C
??_7T1P2_005EFD60@@6B@,0x01073760
??_7T1P2_005F84E0@@6B@,0x01110C78
??_7T1Vt01073760@@6B@,0x01073760
??_7T1Vt0110F978@@6B@,0x0110F978
??_7T1Vt0110F9E4@@6B@,0x0110F9E4
??_7T1Vt0111082C@@6B@,0x0111082C
??_7T2EmptyDtor_008018a0@@6B@,0x0112C408
??_7T2EmptyDtor_00802360@@6B@,0x0112C4E8
??_7T2EmptyDtor_00802450@@6B@,0x0112C4FC
??_7T2EmptyDtor_00802a70@@6B@,0x0112C570
??_7T2EmptyDtor_00802ea0@@6B@,0x0112C640
??_7T2EmptyDtor_00806460@@6B@,0x0112C754
??_7T2EmptyDtor_00832560@@6B@,0x0112E940
??_7T2MidB_Gap@@6B@,0x0112F2FC
??_7T2MidB_Tight@@6B@,0x0112F30C
??_7T4A2_0107375C@@6B@,0x0107375C
??_7T4A2_01073760@@6B@,0x01073760
??_7T4A2_0110F978@@6B@,0x0110F978
??_7T4A2_0110F97C@@6B@,0x0110F97C
??_7T4A2_0110F9E4@@6B@,0x0110F9E4
??_7T4A2_0110F9E8@@6B@,0x0110F9E8
??_7T4A2_0110FA14@@6B@,0x0110FA14
??_7T4A2_0111081C@@6B@,0x0111081C
??_7T4A2_0111082C@@6B@,0x0111082C
??_7T4A2_01110830@@6B@,0x01110830
??_7T4A2_01110834@@6B@,0x01110834
??_7T4A2_01110898@@6B@,0x01110898
??_7T4A2_0111089C@@6B@,0x0111089C
??_7T4B005EA0D0@@6B@,0x01112A98
??_7T4Ctor00604E90@@6B@,0x0108971C
??_7T4Derived_005EEA10@@6BT1A1_005DD290@@@,0x0111305C
??_7T4Derived_005EEA10@@6BT4A2_0110F978@@@,0x01113054
??_7T4Derived_005EEA10@@6BT4A2_01110898@@@,0x01113058
??_7T4Derived_005EEB70@@6BT1A1_005DD290@@@,0x01113040
??_7T4Derived_005EEB70@@6BT4A2_0110F978@@@,0x01113038
??_7T4Derived_005EEB70@@6BT4A2_01110898@@@,0x0111303C
??_7T4Derived_005EFCC0@@6BT1A1_005DD290@@@,0x011130CC
??_7T4Derived_005EFCC0@@6BT4A2_01073760@@@,0x011130C4
??_7T4Derived_005EFCC0@@6BT4A2_0111081C@@@,0x011130C8
??_7T4Derived_005EFD10@@6BT1A1_005DD290@@@,0x011130AC
??_7T4Derived_005EFD10@@6BT4A2_01073760@@@,0x011130A4
??_7T4Derived_005EFD10@@6BT4A2_0111081C@@@,0x011130A8
??_7T4Derived_005F2C60@@6BT1A1_005DD290@@@,0x01112EA0
??_7T4Derived_005F2C60@@6BT4A2_0110F97C@@@,0x01112E9C
??_7T4Derived_005FC870@@6BT1A1_005DD290@@@,0x01113260
??_7T4Derived_005FC870@@6BT4A2_0107375C@@@,0x01113258
??_7T4Derived_005FC870@@6BT4A2_01110830@@@,0x0111325C
??_7T4Derived_005FC8C0@@6BT1A1_005DD290@@@,0x01113244
??_7T4Derived_005FC8C0@@6BT4A2_0107375C@@@,0x0111323C
??_7T4Derived_005FC8C0@@6BT4A2_01110830@@@,0x01113240
??_7T4Derived_005FDDE0@@6BT1A1_005DD290@@@,0x01113144
??_7T4Derived_005FDDE0@@6BT4A2_0110F9E4@@@,0x0111313C
??_7T4Derived_005FDDE0@@6BT4A2_0111082C@@@,0x01113140
??_7T4Derived_005FDE30@@6BT1A1_005DD290@@@,0x01113120
??_7T4Derived_005FDE30@@6BT4A2_0110F9E4@@@,0x01113118
??_7T4Derived_005FDE30@@6BT4A2_0111082C@@@,0x0111311C
??_7T4Derived_005FEA00@@6BT1A1_005DD290@@@,0x011131F8
??_7T4Derived_005FEA00@@6BT4A2_0110FA14@@@,0x011131F0
??_7T4Derived_005FEA00@@6BT4A2_01110834@@@,0x011131F4
??_7T4Derived_005FFB60@@6BT1A1_005DD290@@@,0x011131AC
??_7T4Derived_005FFB60@@6BT4A2_0110F9E8@@@,0x011131A4
??_7T4Derived_005FFB60@@6BT4A2_0111089C@@@,0x011131A8
??_7T4Derived_005FFD60@@6BT1A1_005DD290@@@,0x01113190
??_7T4Derived_005FFD60@@6BT4A2_0110F9E8@@@,0x01113188
??_7T4Derived_005FFD60@@6BT4A2_0111089C@@@,0x0111318C
??_7TAiData@@6B@,0x01095754
??_7TailX005EB6B0@@6B@,0x01111D9C
??_7TailX005EB830@@6B@,0x01111DD8
??_7TailX005EB930@@6B@,0x01111E14
??_7TailX005EBA30@@6B@,0x01111E50
??_7TailX005EBB30@@6B@,0x01111E8C
??_7TailX005ED230@@6B@,0x011121D4
??_7TailX005ED360@@6B@,0x01112204
??_7TailX005ED510@@6B@,0x01112264
??_7TailX005ED630@@6B@,0x01112294
??_7TailY005E4C10@@6B@,0x01111A9C
??_7TailY005E5D90@@6B@,0x01111F04
??_7TailY005E6030@@6B@,0x01111FE4
??_7TailY005E6160@@6B@,0x0111206C
??_7TailY005E6290@@6B@,0x011120E0
??_7TailY005E7360@@6B@,0x01112494
??_7TailY005E7620@@6B@,0x01112590
??_7TailY005E7940@@6B@,0x011126A4
??_7TaintSpecialPower@@6BBehaviorModule@@@,0x010B851C
??_7TaintSpecialPower@@6BModuleInterface@@@,0x010B83E0
??_7TaintSpecialPower@@6BSpecialPowerModuleInterface@@@,0x010B8458
??_7TaintSpecialPowerModuleData@@6B@,0x010B8550
??_7Team@@6B@,0x01085F88
??_7TeamFactory@@6BSnapshot@@@,0x01085F08
??_7TeamFactory@@6BSubsystemInterface@@@,0x01085F1C
??_7TeamInQueue@@6B@,0x01096940
??_7TeamInQueueBase@@6B@,0x01073744
??_7TeamPrototype@@6B@,0x01085F64
??_7TeamRelationMap@@6B@,0x01085EE0
??_7TeamRelationPoolObject@@6B@,0x01073744
??_7TeamTemplateInfo@@6B@,0x01085E70
??_7TechBuildingBehaviorModuleData@@6B@,0x0107D534
??_7TemporarilyDefectUpdate@@6BPB_DeepBase@@@,0x010C4DCC
??_7TemporarilyDefectUpdate@@6BPB_Iface1@@@,0x010C4D08
??_7TemporarilyDefectUpdate@@6BPB_Iface2@@@,0x010C4CF8
??_7TemporarilyDefectUpdateModuleData@@6B@,0x0108E5B0
??_7TensileFormationUpdate@@6B@,0x010B2588
??_7TensileFormationUpdate@@6BBehaviorModuleInterface@@@,0x010B2598
??_7TensileFormationUpdate@@6BObjectModule@@@,0x010B265C
??_7TensileFormationUpdateBase@@6B@,0x010B1DC4
??_7TensileFormationUpdateModuleData@@6B@,0x010C6800
??_7TerrainCollisionCategoryBaseB@FXParticleSystem@@6B@,0x0107375C
??_7TerrainCollisionCategorySlice@FXParticleSystem@@6B@,0x01110830
??_7TerrainCollisionCategoryTemplate@FXParticleSystem@@6BTerrainCollisionCategoryBaseA@1@@,0x01073830
??_7TerrainCollisionCategoryTemplate@FXParticleSystem@@6BTerrainCollisionCategoryBaseB@1@@,0x0107382C
??_7TerrainCollisionModule@FXParticleSystem@@6B@,0x011132A4
??_7TerrainCollisionModule@FXParticleSystem@@6BBfmeHolderCU@@@,0x011132C0
??_7TerrainCollisionModule@FXParticleSystem@@6BTerrainCollisionCategorySlice@1@@,0x011132BC
??_7TerrainCollisionModule@FXParticleSystem@@6BTerrainCollisionFlagsSlice@1@@,0x011132B8
??_7TerrainCollisionModule@FXParticleSystem@@6BTerrainCollisionModuleNodeHead@@@,0x011132C0
??_7TerrainCollisionModule@FXParticleSystem@@6BTerrainCollisionModuleSecondBase@@@,0x011132BC
??_7TerrainCollisionModule@FXParticleSystem@@6BTerrainCollisionModuleThirdBase@@@,0x011132B8
??_7TerrainCollisionModuleHead@@6BTerrainCollisionModuleNodeHead@@@,0x01113244
??_7TerrainCollisionModuleHead@@6BTerrainCollisionModuleSecondBase@@@,0x01113240
??_7TerrainCollisionModuleHead@@6BTerrainCollisionModuleThirdBase@@@,0x0111323C
??_7TerrainCollisionModuleInfo@FXParticleSystem@@6B@,0x011112F8
??_7TerrainCollisionModuleInfoBase@FXParticleSystem@@6B@,0x01073744
??_7TerrainCollisionModuleTemplate@FXParticleSystem@@6B@,0x01111324
??_7TerrainCollisionModuleTemplate@FXParticleSystem@@6BTerrainCollisionCategoryBaseA@1@@,0x01111310
??_7TerrainCollisionModuleTemplate@FXParticleSystem@@6BTerrainCollisionCategoryBaseB@1@@,0x0111130C
??_7TerrainCollisionParticleBase@FXParticleSystem@@6BBfmeHolderCU@@@,0x01113244
??_7TerrainCollisionParticleBase@FXParticleSystem@@6BTerrainCollisionCategorySlice@1@@,0x01113240
??_7TerrainCollisionParticleBase@FXParticleSystem@@6BTerrainCollisionFlagsSlice@1@@,0x0111323C
??_7TerrainLogic@@6BSubsystemInterface@@@,0x0109C3F8
??_7TerrainLogic@@6BTerrainLogicBaseFirst@@@,0x0111D090
??_7TerrainLogic@@6BTerrainLogicBaseSecond@@@,0x0111D064
??_7TerrainLogic@@6BTerrainSnapshot@@@,0x0109C428
??_7TerrainLogicBase@@6BSubsystemInterface@@@,0x0109C3F8
??_7TerrainLogicBase@@6BTerrainLogicBaseFirst@@@,0x0109C428
??_7TerrainLogicBaseFirst@@6B@,0x01073744
??_7TerrainRoadCollection@@6B@,0x01114FD4
??_7TerrainRoadType@@6B@,0x01115090
??_7TerrainScorchFXNugget@@6B@,0x010F3498
??_7TerrainSnapshot@@6B@,0x01073744
??_7TerrainTrackRenderBase@@6B@,0x011135AC
??_7TerrainTracksRenderObjClass@@6B@,0x011212A4
??_7TerrainType@@6B@,0x01080F0C
??_7TexBufferClass@@6B@,0x0113C340
??_7TextTypeTransition@@6B@,0x0110CCFC
??_7TextureMapperClass@@6B@,0x0113BFB4
??_7TextureVectorBaseCtorShim@@6B@,0x0113C5FC
??_7Thing@@6B@,0x01090DE0
??_7ThingFactory@@6B@,0x01090E6C
??_7ThingTemplate@@6B@,0x01094988
??_7ThreadClass@@6B@,0x01144844
??_7TileData@@6B@,0x0111E070
??_7TimedOperationNode@@6B@,0x010766E8
??_7TintDrawableFXNugget@@6B@,0x010F34F0
??_7TintEnvelope@@6BBfmeDrawableSnapshot@@@,0x0109C8B0
??_7TintEnvelope@@6BMemoryPoolObject@@@,0x0109C89C
??_7ToggleHiddenSpecialAbilityUpdate@@6BBehaviorModule@@@,0x010B8700
??_7ToggleHiddenSpecialAbilityUpdate@@6BBehaviorModuleInterface@@@,0x010B8638
??_7ToggleHiddenSpecialAbilityUpdate@@6BModuleInterface@@@,0x010B85FC
??_7ToggleHiddenSpecialAbilityUpdate@@6BUpdateModuleInterface@@@,0x010B8628
??_7ToggleHiddenSpecialAbilityUpdateModuleData@@6B@,0x010B85A8
??_7ToggleMountedInterface@@6B@,0x010A372C
??_7ToggleMountedSpecialAbilityUpdate@@6B@,0x010B87D4
??_7ToggleMountedSpecialAbilityUpdate@@6BBehaviorModule@@@,0x010B88E8
??_7ToggleMountedSpecialAbilityUpdate@@6BBehaviorModuleInterface@@@,0x010B8820
??_7ToggleMountedSpecialAbilityUpdate@@6BModuleInterface@@@,0x010B87E4
??_7ToggleMountedSpecialAbilityUpdate@@6BUpdateModuleInterface@@@,0x010B8810
??_7ToggleMountedSpecialAbilityUpdateModuleData@@6B@,0x010B8780
??_7TooltipUpgrade@@6BBehaviorModule@@@,0x010CE2B4
??_7TooltipUpgrade@@6BBehaviorModuleInterface@@@,0x010CE1F0
??_7TooltipUpgrade@@6BModuleInterface@@@,0x010CE190
??_7TooltipUpgrade@@6BUpgradeMux@@@,0x010CE1A0
??_7TooltipUpgradeModuleData@@6B@,0x0108F650
??_7TooltipUpgradeModuleDataPrimaryBase@@6B@,0x01073744
??_7ToppleUpdate@@6B@,0x010C4E20
??_7ToppleUpdate@@6BBehaviorModule@@@,0x010C5124
??_7ToppleUpdate@@6BBehaviorModuleInterface@@@,0x010C5060
??_7ToppleUpdate@@6BCollideModuleInterface@@@,0x010C4E20
??_7ToppleUpdate@@6BUpdateModuleInterface@@@,0x010C5054
??_7ToppleUpdateModuleData@@6B@,0x010C5158
??_7ToppleUpdateModuleDataBase@@6B@,0x01073744
??_7TransitionDamageFXIface1@@6B@,0x0109C9D0
??_7TransitionDamageFXIface2@@6B@,0x010A1BFC
??_7TransitionDamageFXModuleData@@6B@,0x010B2690
??_7TransitionDamageFXModuleDataBase@@6B@,0x01073744
??_7TransitionDamageFXShape005FEA50@@6BTransitionDamageFXShapeInterfaceA005FEA50@@@,0x011131C4
??_7TransitionDamageFXShape005FEA50@@6BTransitionDamageFXShapeInterfaceB005FEA50@@@,0x011131C0
??_7TransitionDamageFXShape005FEA50@@6BTransitionDamageFXShapePrimary005FEA50@@@,0x011131C8
??_7TransitionDamageFXShapeBase005FEA50@@6BTransitionDamageFXShapeInterfaceA005FEA50@@@,0x011131F4
??_7TransitionDamageFXShapeBase005FEA50@@6BTransitionDamageFXShapeInterfaceB005FEA50@@@,0x011131F0
??_7TransitionDamageFXShapeBase005FEA50@@6BTransitionDamageFXShapePrimary005FEA50@@@,0x011131F8
??_7TransitionDamageFXShapeInterfaceA005FEA50@@6B@,0x01110834
??_7TransitionDamageFXShapeInterfaceB005FEA50@@6B@,0x0110FA14
??_7TransitionDamageFXShapeMember005FEA50@@6B@,0x011131DC
??_7TransportAIUpdate@@6BBehaviorModule@@@,0x010C96A0
??_7TransportAIUpdate@@6BTransportAIUpdateIface1@@@,0x010C95D8
??_7TransportAIUpdate@@6BTransportAIUpdateIface2@@@,0x010C95CC
??_7TransportAIUpdate@@6BTransportAIUpdateIface3@@@,0x010C95C8
??_7TransportAIUpdate@@6BTransportAIUpdateIface4@@@,0x010C95AC
??_7TransportAIUpdateModuleData@@6B@,0x010BA680
??_7TransportContain@@6BTransportContainBase@@@,0x010AD4E8
??_7TransportContain@@6BTransportContainIface1@@@,0x010AD420
??_7TransportContain@@6BTransportContainIface2@@@,0x010AD410
??_7TransportContain@@6BTransportContainIface3@@@,0x010AD268
??_7TransportContain@@6BTransportContainIface4@@@,0x010AD24C
??_7TransportContain@@6BTransportContainIface5@@@,0x010AD248
??_7TransportContain@@6BTransportContainIface6@@@,0x010AD238
??_7TransportContain@@6BTransportContainIface7@@@,0x010AD1FC
??_7TransportContain@@6BTransportContainIface8@@@,0x010AD1EC
??_7TransportContain@@6BTransportContainIface9@@@,0x010AD1E8
??_7TransportContainIface9@@6B@,0x010AD1E4
??_7TransportContainModuleData@@6B@,0x010AB8A0
??_7TransportStatus@@6B@,0x010E1F3C
??_7TunnelContain@@6BTC_GrandBase@@@,0x010ADDB8
??_7TunnelContain@@6BTC_Iface1@@@,0x010ADCF0
??_7TunnelContain@@6BTC_Iface2@@@,0x010ADCE0
??_7TunnelContain@@6BTC_Iface3@@@,0x010ADB38
??_7TunnelContain@@6BTC_Iface4@@@,0x010ADB18
??_7TunnelContain@@6BTC_Iface5@@@,0x010ADB14
??_7TunnelContain@@6BTC_Iface6@@@,0x010ADB04
??_7TunnelContain@@6BTC_Iface7@@@,0x010ADAC8
??_7TunnelContain@@6BTC_Iface8@@@,0x010ADAB8
??_7TunnelContainModuleData@@6B@,0x010B0330
??_7TunnelTracker@@6B@,0x01085FD8
??_7TurretAI@@6BNotifyWeaponFiredInterface@@@,0x0109BBDC
??_7TurretAI@@6BSnapshot@@@,0x0109BBF4
??_7TurretAIAimTurretState@@6B@,0x0109BD50
??_7TurretAIHoldTurretState@@6B@,0x0109BE38
??_7TurretAIIdleScanState@@6B@,0x0109BCE0
??_7TurretAIIdleState@@6B@,0x0109BC70
??_7TurretAIRecenterTurretState@@6B@,0x0109BDC0
??_7TurretState@@6B@,0x0109BC18
??_7U1Ctor_005E3300@@6BU1First_005E3300@@@,0x0111182C
??_7U1Ctor_005E3300@@6BU1Second_005E3300@@@,0x01111828
??_7U1Ctor_005E3300@@6BU1Third_005E3300@@@,0x01111824
??_7U1Second_005E3300@@6B@,0x0110F9AC
??_7U1Third_005E3300@@6B@,0x011106F4
??_7U1Zero_005CEFC0@@6B@,0x0110FE78
??_7U2BaseA_Gap@@6B@,0x0112F2F4
??_7U2BaseB_Gap@@6B@,0x0112F2FC
??_7U2MidA_Gap@@6B@,0x0112FC18
??_7U2MidB_Tight@@6B@,0x0112FC20
??_7U2SecondaryA@@6B@,0x0112F304
??_7U2SecondaryB@@6B@,0x0112F30C
??_7U2Vb0084B480@@6B@,0x0112FC38
??_7U2Vb0084B5F0@@6B@,0x0112FC50
??_7U4Ctor00602E80@@6B@,0x011151DC
??_7U4Ctor00605100@@6B@,0x010897B4
??_7U4Ctor006054C0@@6B@,0x0108ACB8
??_7U4Ctor0060D640@@6B@,0x01116AC0
??_7UVBufferClass@@6B@,0x0111E0A8
??_7UnitCrateCollide@@6B@,0x010AAAAC
??_7UnitCrateCollide@@6BBehaviorModuleInterface@@@,0x010AAAC8
??_7UnitCrateCollide@@6BObjectModule@@@,0x010AAB8C
??_7UnitCrateCollideModuleData@@6B@,0x0108E8E8
??_7UnknownModuleSlot14@@6B@,0x01110898
??_7UnknownModuleSlot18@@6B@,0x0110F978
??_7UnpauseSpecialPowerUpgrade@@6BBehaviorModule@@@,0x010CE464
??_7UnpauseSpecialPowerUpgrade@@6BBehaviorModuleInterface@@@,0x010CE3A0
??_7UnpauseSpecialPowerUpgrade@@6BModuleInterface@@@,0x010CE33C
??_7UnpauseSpecialPowerUpgrade@@6BUpgradeMux@@@,0x010CE350
??_7UnpauseSpecialPowerUpgradeModuleDataBase@@6B@,0x01073744
??_7UnpauseSpecialPowerUpgradeModuleDataVtbl@@6B@,0x010CE498
??_7UpdateInterface@@6B@,0x0109CBA0
??_7UpdateModule@@6B@,0x0109CBAC
??_7UpdateModule@@6BBehaviorModuleInterface@@@,0x0109CCD0
??_7UpdateModule@@6BObjectModule@@@,0x0109CD94
??_7UpdateModule@@6BPB_DeepBase@@@,0x0109CD94
??_7UpdateModule@@6BPB_Iface1@@@,0x0109CCD0
??_7UpdateModule@@6BPB_Iface2@@@,0x0109CBAC
??_7UpdateModuleData@@6B@,0x01073744
??_7UpdateModuleModuleData@@6B@,0x010BA680
??_7UpgradeCenter@@6B@,0x01088D24
??_7UpgradeDie@@6BBehaviorModuleInterface@@@,0x010B3448
??_7UpgradeDie@@6BDieModuleInterface@@@,0x010B3444
??_7UpgradeDie@@6BObjectModule@@@,0x010B350C
??_7UpgradeDieModuleData@@6B@,0x0108E6D8
??_7UpgradeModuleModuleData@@6B@,0x0108EC78
??_7UpgradeMux@@6B@,0x010A372C
??_7UpgradeSoundSelectorClientBehavior@@6BClientUpdateModule@@@,0x0108AD18
??_7UpgradeSoundSelectorClientBehavior@@6BSoundSelectorInterface@@@,0x0108AD08
??_7UpgradeSoundSelectorClientBehaviorModuleData@@6B@,0x01115A38
??_7UpgradeSoundSelectorClientBehaviorModuleDataBase@@6B@,0x01073744
??_7UpgradeTemplate@@6B@,0x01088D64
??_7User@@6B@,0x01126DA0
??_7UserParser@@6B@,0x01086348
??_7UserPreferences@@6B@,0x01080FD0
??_7UserPreferencesBodyShim@@6B@,0x01080FD0
??_7V3InlineTail@@6B@,0x011108A0
??_7V3Inner0111098C@@6B@,0x0111098C
??_7V3Inner011109CC@@6B@,0x011109CC
??_7V3Inner01110A0C@@6B@,0x01110A0C
??_7V3Inner01110A4C@@6B@,0x01110A4C
??_7V3Mid0111182C@@6BV3NodeHead@@@,0x0111182C
??_7V3Mid0111182C@@6BV3Vt0110F9AC@@@,0x01111828
??_7V3Mid0111182C@@6BV3Vt011106F4@@@,0x01111824
??_7V3Mid01111994@@6BV3Head14@@@,0x01111994
??_7V3Mid01111994@@6BV3Slot0@@@,0x01111994
??_7V3Mid01111994@@6BV3Slot1@@@,0x01111990
??_7V3Mid01111994@@6BV3Vt0110F9CC@@@,0x01111990
??_7V3Mid01112FA8@@6BV3Head14@@@,0x01112FA8
??_7V3Mid01112FA8@@6BV3Vt0110F97C@@@,0x01112FA4
??_7V3Mid01113120@@6BV3Head14@@@,0x01113120
??_7V3Mid01113120@@6BV3Vt0110F9E4@@@,0x01113118
??_7V3Mid01113120@@6BV3Vt0111082C@@@,0x0111311C
??_7V3Mid01113190@@6BV3Slot0@@@,0x01113190
??_7V3Mid01113190@@6BV3Slot1@@@,0x0111318C
??_7V3Mid01113190@@6BV3Slot2@@@,0x01113188
??_7V3Mid@@6BV3Base14@@@,0x0111303C
??_7V3Mid@@6BV3Base18@@@,0x01113038
??_7V3Mid@@6BV3HeadBase@@@,0x01113040
??_7V3NodeHead@@6B@,0x0111126C
??_7V3Third011106F4@@6B@,0x011106F4
??_7V3Third01110920@@6B@,0x01110920
??_7V3Third01110B0C@@6B@,0x01110B0C
??_7V3Third01110B78@@6B@,0x01110B78
??_7V3Third01110BB8@@6B@,0x01110BB8
??_7V3Third01110BF8@@6B@,0x01110BF8
??_7V3Third01110C78@@6B@,0x01110C78
??_7V3Third01110CB8@@6B@,0x01110CB8
??_7V3Third01110CF8@@6B@,0x01110CF8
??_7V3Vt01073744@@6B@,0x01073744
??_7V3Vt0107375C@@6B@,0x0107375C
??_7V3Vt01073760@@6B@,0x01073760
??_7V3Vt0110F978@@6B@,0x0110F978
??_7V3Vt0110F97C@@6B@,0x0110F97C
??_7V3Vt0110F980@@6B@,0x0110F980
??_7V3Vt0110F9AC@@6B@,0x0110F9AC
??_7V3Vt0110F9CC@@6B@,0x0110F9CC
??_7V3Vt0110F9E4@@6B@,0x0110F9E4
??_7V3Vt0110F9E8@@6B@,0x0110F9E8
??_7V3Vt0110FA14@@6B@,0x0110FA14
??_7V3Vt011106F4@@6B@,0x011106F4
??_7V3Vt0111081C@@6B@,0x0111081C
??_7V3Vt0111082C@@6B@,0x0111082C
??_7V3Vt01110830@@6B@,0x01110830
??_7V3Vt01110834@@6B@,0x01110834
??_7V3Vt01110898@@6B@,0x01110898
??_7V3Vt0111089C@@6B@,0x0111089C
??_7V3Vt01111D90@@6B@,0x01111D90
??_7V3Vt1073744@@6B@,0x01073744
??_7V3Vt107375C@@6B@,0x0107375C
??_7V3Vt1073760@@6B@,0x01073760
??_7V3Vt110F978@@6B@,0x0110F978
??_7V3Vt110F97C@@6B@,0x0110F97C
??_7V3Vt110F9AC@@6B@,0x0110F9AC
??_7V3Vt110F9CC@@6B@,0x0110F9CC
??_7V3Vt110F9E4@@6B@,0x0110F9E4
??_7V3Vt110F9E8@@6B@,0x0110F9E8
??_7V3Vt110FA14@@6B@,0x0110FA14
??_7V3Vt111081C@@6B@,0x0111081C
??_7V3Vt111082C@@6B@,0x0111082C
??_7V3Vt1110830@@6B@,0x01110830
??_7V3Vt1110834@@6B@,0x01110834
??_7V3Vt1110898@@6B@,0x01110898
??_7V3Vt111089C@@6B@,0x0111089C
??_7Vector3HollowSphereRandomizer@@6B@,0x011BC4EC
??_7Vector3Randomizer@@6B@,0x0113E098
??_7Vector3SolidBoxRandomizer@@6B@,0x011BC4B4
??_7Vector3SolidCylinderRandomizer@@6B@,0x011BC508
??_7Vector3SolidSphereRandomizer@@6B@,0x011BC4D0
??_7VertexBufferClass@@6B@,0x0113BD64
??_7VertexMaterialClass@@6B@,0x0113C0A4
??_7VeterancyCrateCollide@@6B@,0x010AABCC
??_7VeterancyCrateCollide@@6BBehaviorModuleInterface@@@,0x010AABE8
??_7VeterancyCrateCollide@@6BObjectModule@@@,0x010AACAC
??_7VeterancyCrateCollideModuleDataVtbl@@6B@,0x0108E940
??_7VictoryConditions@@6B@,0x010E8D90
??_7VictoryConditionsInterface@@6B@,0x010E8D28
??_7VictorySystem@@6BSnapshot@@@,0x0109FD78
??_7VictorySystem@@6BSubsystemInterface@@@,0x0109FD8C
??_7VideoPlayer@@6B@,0x0112CCC0
??_7VideoPlayerBase@@6B@,0x0112CC60
??_7ViewShakeFXNugget@@6B@,0x010F3468
??_7VirtualMinusOneConstructorThunk@@6B@,0x010F6F58
??_7VirtualZeroDerivedAlternateThunk@@6B@,0x010F6F68
??_7VirtualZeroDerivedThirdThunk@@6B@,0x010F6F74
??_7VirtualZeroDerivedThunk@@6B@,0x010F6F5C
??_7W3DBuffDraw@@6B@,0x01121CD8
??_7W3DBuffDrawModuleData@@6B@,0x01121DF8
??_7W3DBuffDrawModuleDataBase@@6B@,0x01073744
??_7W3DDebrisDraw@@6BDebrisDrawInterface@@@,0x01121EB0
??_7W3DDebrisDraw@@6BDrawableModuleLayoutBase@@@,0x01121EC0
??_7W3DDebugDisplay@@6B@,0x0111E2D0
??_7W3DDefaultDraw@@6B@,0x01121FF0
??_7W3DDisplay@@6B@,0x0111EDD0
??_7W3DDisplayString@@6B@,0x0111FEA8
??_7W3DDisplayStringBase@@6B@,0x010F0FA0
??_7W3DDisplayStringManager@@6B@,0x0111FF1C
??_7W3DFileSystem@@6B@,0x011202B0
??_7W3DFloorBuffer@@6B@,0x01120360
??_7W3DFloorDraw@@6B@,0x01122220
??_7W3DFloorDrawModuleData@@6B@,0x011221C8
??_7W3DFloorDrawModuleDataBase@@6B@,0x01123188
??_7W3DFloorDrawModuleDataParent@@6B@,0x01073744
??_7W3DFontLibrary@@6B@,0x01120544
??_7W3DFunctionLexicon@@6B@,0x0111D740
??_7W3DGameLogic@@6BSnapshot@@@,0x0111CA48
??_7W3DGameLogic@@6BSubsystemInterface@@@,0x0111CA5C
??_7W3DGameWindow@@6B@,0x010F7160
??_7W3DGameWindowManager@@6B@,0x01126ED0
??_7W3DGhostObject@@6BGhostPrimary@@@,0x0111CFB8
??_7W3DGhostObject@@6BGhostSecondary@@@,0x0111CFA4
??_7W3DGhostObject@@6BGhostVirtualBase@@@,0x0111CF8C
??_7W3DGhostObjectManager@@6B@,0x0111CFE0
??_7W3DHordeModelDraw@@6BDrawModule@@@,0x01122470
??_7W3DHordeModelDraw@@6BW3DModelDrawInterface@@@,0x011223A0
??_7W3DInGameUI@@6B@,0x01120590
??_7W3DInGameUI@@6BInGameUIPrimary@@@,0x01120590
??_7W3DInGameUI@@6BInGameUISecondary@@@,0x0112057C
??_7W3DInGameUIHelper@@6B@,0x0112057C
??_7W3DLaserDraw@@6BDrawModule@@@,0x01122A00
??_7W3DLaserDraw@@6BLaserDrawInterface@@@,0x011229FC
??_7W3DLaserDrawModuleData@@6B@,0x011229A8
??_7W3DLightDraw@@6B@,0x01122B20
??_7W3DLightDrawModuleData@@6B@,0x01122C40
??_7W3DLightDrawModuleDataBase@@6B@,0x01073744
??_7W3DModelDrawModuleData@@6B@,0x010A8598
??_7W3DMouse@@6B@,0x01120928
??_7W3DOverlordTankDrawModuleData@@6B@,0x010CBED8
??_7W3DParticleSystemManager@@6BDisplaySecond@@@,0x01120388
??_7W3DParticleSystemManager@@6BSubsystemInterface@@@,0x0112039C
??_7W3DPoliceCarDraw@@6BW3DTruckDrawPrimaryBase@@@,0x01122EA8
??_7W3DPoliceCarDraw@@6BW3DTruckDrawSecondaryBase@@@,0x01122DD8
??_7W3DProjectedShadowManager@@6B@,0x01128404
??_7W3DProjectileStreamDraw@@6B@,0x010E9208
??_7W3DProjectileStreamDraw@@6BBehaviorModuleInterface@@@,0x010E9218
??_7W3DProjectileStreamDraw@@6BObjectModule@@@,0x010E92DC
??_7W3DPropBuffer@@6B@,0x011209D8
??_7W3DPropDraw@@6B@,0x01123068
??_7W3DQuadrupedDraw@@6BDrawModule@@@,0x01123390
??_7W3DQuadrupedDraw@@6BW3DModelDraw@@@,0x01123390
??_7W3DQuadrupedDraw@@6BW3DModelDrawInterface@@@,0x011232C0
??_7W3DQuadrupedDrawModuleData@@6B@,0x0111D190
??_7W3DRadar@@6BSnapshot@@@,0x0111D7B4
??_7W3DRadar@@6BSubsystemInterface@@@,0x0111D788
??_7W3DRenderObjectSnapshot@@6B@,0x0111D024
??_7W3DRopeDraw@@6BDrawModule@@@,0x011234E8
??_7W3DRopeDraw@@6BRopeDrawInterface@@@,0x011234D4
??_7W3DRopeDraw@@6BW3DRopeDrawDrawModule@@@,0x011234E8
??_7W3DRopeDraw@@6BW3DRopeDrawInterface@@@,0x011234D4
??_7W3DRopeDrawDrawModule@@6B@,0x01121BA8
??_7W3DShadowGeometry@@6BHashableClass@@@,0x01128504
??_7W3DShadowGeometry@@6BRefCountClass@@@,0x01128510
??_7W3DShadowTexture@@6BHashableClass@@@,0x011283EC
??_7W3DShadowTexture@@6BRefCountClass@@@,0x011283F8
??_7W3DShadowTextureManagerIterator@@6B@,0x011283D8
??_7W3DShroudMaterialPassClass@@6B@,0x011209C4
??_7W3DShrubBuffer@@6B@,0x01120F94
??_7W3DSmudgeManager@@6B@,0x01120FBC
??_7W3DStatusCircle@@6BMultiListObjectClass@@@,0x01121010
??_7W3DStatusCircle@@6BRefCountClass@@@,0x01121018
??_7W3DStreakDraw@@6B@,0x011254A8
??_7W3DStreakDrawModuleData@@6B@,0x011253C8
??_7W3DStreakDrawModuleDataBase@@6B@,0x01073744
??_7W3DSupplyDraw@@6BDrawModule@@@,0x011256D0
??_7W3DSupplyDraw@@6BW3DModelDraw@@@,0x011256D0
??_7W3DSupplyDraw@@6BW3DModelDrawInterface@@@,0x01125600
??_7W3DSupplyDrawModuleData@@6B@,0x01125808
??_7W3DTankDraw@@6BDrawModule@@@,0x01125AB0
??_7W3DTankDraw@@6BW3DModelDrawInterface@@@,0x011259E0
??_7W3DTankDraw@@6BW3DTankDrawPrimaryBase@@@,0x01125AB0
??_7W3DTankDraw@@6BW3DTankDrawSecondaryBase@@@,0x011259E0
??_7W3DTankDrawModuleData@@6B@,0x01125970
??_7W3DTankTruckDraw@@6BW3DTankTruckPrimaryBase@@@,0x011265B0
??_7W3DTankTruckDraw@@6BW3DTankTruckSecondaryBase@@@,0x011264E0
??_7W3DTerrainVisual@@6BBfmeSnapshotBase@@@,0x011212F0
??_7W3DTerrainVisual@@6BSubsystemInterface@@@,0x011212C0
??_7W3DTerrainVisual@@6BW3DTerrainVisualSnapshot@@@,0x011212F0
??_7W3DTerrainVisual@@6BW3DTerrainVisualSubsystem@@@,0x011212C0
??_7W3DTerrainVisualBase@@6BBfmeSnapshotBase@@@,0x011150B8
??_7W3DTerrainVisualBase@@6BSubsystemInterface@@@,0x011151A0
??_7W3DTreeBuffer@@6B@,0x01121608
??_7W3DTreeDraw@@6B@,0x01125BE8
??_7W3DTreeDrawModuleData@@6B@,0x01125D08
??_7W3DTreeDrawModuleDataBase@@6B@,0x01073744
??_7W3DTruckDraw@@6BDrawModule@@@,0x011265B0
??_7W3DTruckDraw@@6BW3DModelDrawInterface@@@,0x011264E0
??_7W3DTruckDrawModuleData@@6B@,0x01126488
??_7W3DVideoBuffer@@6B@,0x0112165C
??_7W3DVolumetricShadow@@6B@,0x011284CC
??_7WSClassicEnvironmentMapperClass@@6B@,0x0113BFFC
??_7WSEnvMapperClass@@6B@,0x0113C020
??_7WSEnvironmentMapperClass@@6B@,0x0113C044
??_7WUU_Iface1@@6B@,0x0109C9D0
??_7WUU_Iface2@@6B@,0x0109CBA0
??_7WUU_Iface3@@6B@,0x010A1BFC
??_7WUU_Iface4@@6B@,0x010C51B4
??_7WallUpgradeUpdate@@6BWUU_DeepBase@@@,0x010C529C
??_7WallUpgradeUpdate@@6BWUU_Iface1@@@,0x010C51D8
??_7WallUpgradeUpdate@@6BWUU_Iface2@@@,0x010C51CC
??_7WallUpgradeUpdate@@6BWUU_Iface3@@@,0x010C51BC
??_7WallUpgradeUpdate@@6BWUU_Iface4@@@,0x010C51B8
??_7WanderAIUpdate@@6BAICommandInterface@@@,0x010C996C
??_7WanderAIUpdate@@6BBehaviorModuleInterface@@@,0x010C9998
??_7WanderAIUpdate@@6BModuleInterface@@@,0x010C9988
??_7WanderAIUpdate@@6BObjectModule@@@,0x010C9A60
??_7WanderAIUpdate@@6BUpdateModuleInterface@@@,0x010C998C
??_7WanderAIUpdateModuleData@@6B@,0x010BA680
??_7WanderAIUpdateModuleDataVtbl@@6B@,0x0108A5A8
??_7WargBehavior@@6BModuleInterface@@@,0x010A7250
??_7WargBehavior@@6BObjectModule@@@,0x010A7314
??_7Watchdog@@6B@,0x01088E34
??_7WaterRenderObjClass@@6B@,0x01128148
??_7WaterRenderObjClass@@6BMultiListObjectClass@@@,0x01127ED4
??_7WaterRenderObjClass@@6BRefCountClass@@@,0x01127ED8
??_7WaterSetting@@6B@,0x010F6F24
??_7WaterTransparencySetting@@6B@,0x01083AC0
??_7Weapon@@6B@,0x010A13F4
??_7WeaponBonusUpdateModuleData@@6B@,0x0108B808
??_7WeaponBonusUpgrade@@6BBehaviorModule@@@,0x010CE6CC
??_7WeaponBonusUpgrade@@6BBehaviorModuleInterface@@@,0x010CE608
??_7WeaponBonusUpgrade@@6BModuleInterface@@@,0x010CE5A8
??_7WeaponBonusUpgrade@@6BUpgradeMux@@@,0x010CE5B8
??_7WeaponChangeSpecialPowerModule@@6BBehaviorModule@@@,0x010B8B8C
??_7WeaponChangeSpecialPowerModule@@6BModuleInterface@@@,0x010B8A50
??_7WeaponChangeSpecialPowerModule@@6BSpecialPowerModuleInterface@@@,0x010B8AC8
??_7WeaponChangeSpecialPowerModuleModuleData@@6B@,0x010B8BC0
??_7WeaponFireSpecialAbilityUpdate@@6BBehaviorModule@@@,0x010B8D18
??_7WeaponFireSpecialAbilityUpdate@@6BBehaviorModuleInterface@@@,0x010B8C50
??_7WeaponFireSpecialAbilityUpdate@@6BModuleInterface@@@,0x010B8C18
??_7WeaponFireSpecialAbilityUpdate@@6BUpdateModuleInterface@@@,0x010B8C44
??_7WeaponFireSpecialAbilityUpdate@@6BWFS_Iface1@@@,0x010B8C50
??_7WeaponFireSpecialAbilityUpdate@@6BWFS_Iface2@@@,0x010B8C44
??_7WeaponFireSpecialAbilityUpdate@@6BWFS_Iface3@@@,0x010B8C18
??_7WeaponFireSpecialAbilityUpdate@@6BWFS_RootBase@@@,0x010B8D18
??_7WeaponModeSpecialPowerUpdate@@6BWeaponModeSpecialPowerUpdateBase@@@,0x010C54DC
??_7WeaponModeSpecialPowerUpdate@@6BWeaponModeSpecialPowerUpdateIface1@@@,0x010C5418
??_7WeaponModeSpecialPowerUpdate@@6BWeaponModeSpecialPowerUpdateIface2@@@,0x010C540C
??_7WeaponModeSpecialPowerUpdate@@6BWeaponModeSpecialPowerUpdateIface3@@@,0x010C53E0
??_7WeaponModeSpecialPowerUpdate@@6BWeaponModeSpecialPowerUpdateIface4@@@,0x010C5368
??_7WeaponModeSpecialPowerUpdateModuleDataBase@@6B@,0x010B7D40
??_7WeaponSet@@6B@,0x010A1678
??_7WeaponSetBase@@6B@,0x01073744
??_7WeaponSetSpecialAbilityUpdate@@6BBehaviorModule@@@,0x010B8F48
??_7WeaponSetSpecialAbilityUpdate@@6BBehaviorModuleInterface@@@,0x010B8E80
??_7WeaponSetSpecialAbilityUpdate@@6BModuleInterface@@@,0x010B8E44
??_7WeaponSetSpecialAbilityUpdate@@6BUpdateModuleInterface@@@,0x010B8E70
??_7WeaponSetSpecialAbilityUpdateModuleData@@6B@,0x010B8DF0
??_7WeaponSetUpgrade@@6BBehaviorModule@@@,0x010CE824
??_7WeaponSetUpgrade@@6BBehaviorModuleInterface@@@,0x010CE760
??_7WeaponSetUpgrade@@6BModuleInterface@@@,0x010CE6FC
??_7WeaponSetUpgrade@@6BUpgradeMux@@@,0x010CE710
??_7WeaponStore@@6B@,0x010A13C8
??_7WeaponTemplate@@6B@,0x010A1418
??_7WeatherSetting@@6B@,0x010F68DC
??_7Win32BIGFile@@6B@,0x01143BE8
??_7Win32BIGFileSystem@@6B@,0x01143B40
??_7Win32CDDrive@@6B@,0x0111C938
??_7Win32CDManager@@6B@,0x0111C950
??_7Win32LocalFile@@6B@,0x01143C10
??_7WinInstanceData@@6B@,0x010FA338
??_7WindowLayout@@6B@,0x010F7514
??_7WindowManager@@6B@,0x010F72A8
??_7WindowVideoManager@@6B@,0x010FA30C
??_7WorkerAIUpdate@@6BAIUpdateCore@@@,0x010C9F58
??_7WorkerAIUpdate@@6BAIUpdateTail0@@@,0x010C9E90
??_7WorkerAIUpdate@@6BAIUpdateTail1@@@,0x010C9E80
??_7WorkerAIUpdate@@6BAIUpdateTail2@@@,0x010C9E7C
??_7WorkerAIUpdate@@6BAIUpdateTail3@@@,0x010C9E60
??_7WorkerAIUpdate@@6BBfmeWorkerInterfaceTail0@@@,0x010C9DE8
??_7WorkerAIUpdate@@6BBfmeWorkerInterfaceTail1@@@,0x010C9D88
??_7WorkerAIUpdate@@6BBfmeWorkerInterfaceTail2@@@,0x010C9D84
??_7WorkerAIUpdate@@6BRva0001C774FlatBase@@@,0x010C9F58
??_7WorkerStateMachine@@6B@,0x010CA1F0
??_7WorldHeightMap@@6B@,0x01121B94
??_7WoundArrowUpdate@@6BBehaviorModule@@@,0x010B9158
??_7WoundArrowUpdate@@6BBehaviorModuleInterface@@@,0x010B9090
??_7WoundArrowUpdate@@6BModuleInterface@@@,0x010B9058
??_7WoundArrowUpdate@@6BUpdateModuleInterface@@@,0x010B9084
??_7WoundArrowUpdateModuleData@@6B@,0x010B8FB0
??_7Xfer@@6B@,0x01129258
??_7ZigZagLinearOffsetTextureMapperClass@@6B@,0x0113E4C0
??_7_Messages@_STL@@6B@,0x0112FBA0
??_7__Named_exception@_STL@@6B@,0x0112E8B8
??_7_bfme_AptGameWindow@@6BGameWindow@@@,0x010F711C
??_7_bfme_AptGameWindow@@6BGen_dtor_004654c0Base@@@,0x010F7118
??_7_com_error@@6B@,0x011BC358
??_7domain_error@_STL@@6B@,0x0112E8DC
??_7facet@locale@_STL@@6B@,0x0112E940
??_7failure@ios_base@_STL@@6B@,0x0112EBA4
??_7invalid_argument@_STL@@6B@,0x0112E8E8
??_7ios_base@_STL@@6B@,0x0112EBBC
??_7length_error@_STL@@6B@,0x0112E8F4
??_7logic_error@_STL@@6B@,0x0112E8C4
??_7out_of_range@_STL@@6B@,0x0112E900
??_7overflow_error@_STL@@6B@,0x0112E918
??_7range_error@_STL@@6B@,0x0112E90C
??_7runtime_error@_STL@@6B@,0x0112E8D0
??_7underflow_error@_STL@@6B@,0x0112E924
??_8?$basic_fstream@DV?$char_traits@D@_STL@@@_STL@@7B?$basic_istream@DV?$char_traits@D@_STL@@@1@@,0x0112FC94
??_8?$basic_fstream@DV?$char_traits@D@_STL@@@_STL@@7B?$basic_ostream@DV?$char_traits@D@_STL@@@1@@,0x0112FC8C
??_8?$basic_fstream@GV?$char_traits@G@_STL@@@_STL@@7B?$basic_istream@GV?$char_traits@G@_STL@@@1@@,0x0112FCAC
??_8?$basic_fstream@GV?$char_traits@G@_STL@@@_STL@@7B?$basic_ostream@GV?$char_traits@G@_STL@@@1@@,0x0112FCA4
??_8?$basic_ifstream@DV?$char_traits@D@_STL@@@_STL@@7B@,0x0112FC84
??_8?$basic_ifstream@GV?$char_traits@G@_STL@@@_STL@@7B@,0x0112FC9C
??_8?$basic_ifstream_lib0084C300@DV?$char_traits@D@_STL@@@_STL@@7B@,0x0112FC84
??_8?$basic_iostream@DV?$char_traits@D@_STL@@@_STL@@7B?$basic_istream@DV?$char_traits@D@_STL@@@1@@,0x0112FC6C
??_8?$basic_iostream@DV?$char_traits@D@_STL@@@_STL@@7B?$basic_ostream@DV?$char_traits@D@_STL@@@1@@,0x0112FC64
??_8?$basic_iostream@GV?$char_traits@G@_STL@@@_STL@@7B?$basic_istream@GV?$char_traits@G@_STL@@@1@@,0x0112FC7C
??_8?$basic_iostream@GV?$char_traits@G@_STL@@@_STL@@7B?$basic_ostream@GV?$char_traits@G@_STL@@@1@@,0x0112FC74
??_8?$basic_istream@DV?$char_traits@D@_STL@@@_STL@@7B@,0x01107634
??_8?$basic_istream@GV?$char_traits@G@_STL@@@_STL@@7B@,0x0112F390
??_8?$basic_istringstream@DV?$char_traits@D@_STL@@V?$allocator@D@2@@_STL@@7B@,0x01107640
??_8?$basic_ofstream@DV?$char_traits@D@_STL@@@_STL@@7B@,0x0112FC54
??_8?$basic_ofstream@GV?$char_traits@G@_STL@@@_STL@@7B@,0x0112FC5C
??_8?$basic_ostream@DV?$char_traits@D@_STL@@@_STL@@7B@,0x0110FE30
??_8?$basic_ostream@GV?$char_traits@G@_STL@@@_STL@@7B@,0x0112F388
??_8?$basic_ostringstream@DV?$char_traits@D@_STL@@V?$allocator@D@2@@_STL@@7B@,0x0110FE3C
??_8BfmeCtor001B3A20@@7B@,0x0109CE1C
??_8BfmeCtor001BDE10@@7B@,0x0109E2D0
??_8GhostObject@@7B@,0x0109CEA8
??_8W3DGhostObject@@7B@,0x0111D054
??_B?1??getModuleNameKey@BoneFXUpdate@@UBE?AW4NameKeyType@@XZ@51,0x012EFECC
??_B?1??getModuleNameKey@BridgeScaffoldBehavior@@UBE?AW4NameKeyType@@XZ@51,0x012EF780
??_B?1??getModuleNameKey@CashHackSpecialPower@@UBE?AW4NameKeyType@@XZ@51,0x012EFC58
??_B?1??getModuleNameKey@FiringTracker@@UBE?AW4NameKeyType@@XZ@51,0x012EF4F8
??_B?1??getModuleNameKey@OCLUpdate@@UBE?AW4NameKeyType@@XZ@51,0x012EFFCC
??_B?1??getModuleNameKey@ObjectDefectionHelper@@UBE?AW4NameKeyType@@XZ@51,0x012EF538
??_B?1??getModuleNameKey@ObjectRepulsorHelper@@UBE?AW4NameKeyType@@XZ@51,0x012EF548
??_B?1??getModuleNameKey@ObjectSMCHelper@@UBE?AW4NameKeyType@@XZ@51,0x012EF570
??_B?1??getModuleNameKey@ObjectWeaponStatusHelper@@UBE?AW4NameKeyType@@XZ@51,0x012EF550
??_B?1??getModuleNameKey@PhysicsBehavior@@UBE?AW4NameKeyType@@XZ@51,0x012EFFF4
??_B?1??getModuleNameKey@SlowDeathBehavior@@UBE?AW4NameKeyType@@XZ@51,0x012EF880
??_B?1??getModuleNameKey@SpecialPowerModule@@UBE?AW4NameKeyType@@XZ@51,0x012EFD54
??_B?1??getModuleNameKey@StructureCollapseUpdate@@UBE?AW4NameKeyType@@XZ@51,0x012F01EC
??_B?1??getModuleNameKey@StructureToppleUpdate@@UBE?AW4NameKeyType@@XZ@51,0x012F01FC
??_B?1??getModuleNameKey@SwayClientUpdate@@UBE?AW4NameKeyType@@XZ@51,0x012F7034
??_B?1??getModuleNameKey@ToppleUpdate@@UBE?AW4NameKeyType@@XZ@51,0x012F0214
??_B?1??getModuleNameKey@W3DDebrisDraw@@UBE?AW4NameKeyType@@XZ@51,0x01304B48
??_B?1??getModuleNameKey@W3DDefaultDraw@@UBE?AW4NameKeyType@@XZ@51,0x01304B50
??_B?1??getModuleNameKey@W3DLaserDraw@@UBE?AW4NameKeyType@@XZ@51,0x01304BB4
??_B?1??getModuleNameKey@W3DRopeDraw@@UBE?AW4NameKeyType@@XZ@51,0x01304BDC
??_B?1??getModuleNameKey@W3DSupplyDraw@@UBE?AW4NameKeyType@@XZ@51,0x013068F8
??_B?1??getModuleNameKey@W3DTankDraw@@UBE?AW4NameKeyType@@XZ@51,0x01306900
??_B?1??getModuleNameKey@W3DTreeDraw@@UBE?AW4NameKeyType@@XZ@51,0x01306908
??_B?1??getModuleNameKey@W3DTruckDraw@@UBE?AW4NameKeyType@@XZ@51,0x01306910
??_F?$deque@UGen_t_009edfe0_p12cd@@V?$allocator@UGen_t_009edfe0_p12cd@@@_STL@@@_STL@@QAEXXZ,0x00DEE600
??_F?$list@HV?$allocator@H@_STL@@@_STL@@QAEXXZ,0x0044A769
??_F?$list@PAVControlBarSchemeImage@@V?$allocator@PAVControlBarSchemeImage@@@_STL@@@_STL@@QAEXXZ,0x004391D5
??_F?$list@USnapshotBlock@GameState@@V?$allocator@USnapshotBlock@GameState@@@_STL@@@_STL@@QAEXXZ,0x004198F8
??_F?$list@VExperienceLevel@@V?$allocator@VExperienceLevel@@@_STL@@@_STL@@QAEXXZ,0x00402923
??_F?$vector@U?$pair@MH@_STL@@V?$allocator@U?$pair@MH@_STL@@@2@@_STL@@QAEXXZ,0x0041BF8B
??_F?$vector@UGen_p8cd@@V?$allocator@UGen_p8cd@@@_STL@@@_STL@@QAEXXZ,0x00DF5680
??_F?$vector@VAsciiString@@V?$allocator@VAsciiString@@@_STL@@@_STL@@QAEXXZ,0x0043469E
??_FAcceleratorTracker@@QAEXXZ,0x004427EE
??_FStringClass@@QAEXXZ,0x00435AB7
??_F_ENUM_VALUE@EnumParameterClass@@QAEXXZ,0x00D3D1E0
?AMDProcessor@CPUDetectClass@@0W4AMDProcessorType@1@A,0x0134EDB0
?AMDProcessor@CPUDetectClass@@2W4AMDProcessorType@1@A,0x0134EDB0
?AT_MAX_LOD@RenderObjClass@@2MB,0x0113BD80
?AT_MIN_LOD@RenderObjClass@@2MB,0x0113BD7C
?Allocator@?$AutoPoolClass@VAABTreeLinkClass@@$0BAA@@@0V?$ObjectPoolClass@VAABTreeLinkClass@@$0BAA@@@A,0x012F7FF0
?Allocator@?$AutoPoolClass@VAABTreeNodeClass@@$0BAA@@@0V?$ObjectPoolClass@VAABTreeNodeClass@@$0BAA@@@A,0x012F7FF0
?Allocator@?$AutoPoolClass@VCameraShakerClass@CameraShakeSystemClass@@$0BAA@@@0V?$ObjectPoolClass@VCameraShakerClass@CameraShakeSystemClass@@$0BAA@@@A,0x012F7FF0
?Allocator@?$AutoPoolClass@VGenericSLNode@@$0BAA@@@0V?$ObjectPoolClass@VGenericSLNode@@$0BAA@@@A,0x012F7FF0
?Allocator@?$AutoPoolClass@VGridLinkClass@@$0BAA@@@0V?$ObjectPoolClass@VGridLinkClass@@$0BAA@@@A,0x0133D1AC
?Allocator@?$AutoPoolClass@VHAnimComboDataClass@@$0BAA@@@0V?$ObjectPoolClass@VHAnimComboDataClass@@$0BAA@@@A,0x0134BC4C
?Allocator@?$AutoPoolClass@VMatPassTaskClass@@$0BAA@@@0V?$ObjectPoolClass@VMatPassTaskClass@@$0BAA@@@A,0x0134B13C
?Allocator@?$AutoPoolClass@VMultiListNodeClass@@$0BAA@@@0V?$ObjectPoolClass@VMultiListNodeClass@@$0BAA@@@A,0x0134ECD4
?Allocator@?$AutoPoolClass@VPolyRenderTaskClass@@$0BAA@@@0V?$ObjectPoolClass@VPolyRenderTaskClass@@$0BAA@@@A,0x0134B128
?Ambient_Color@DX8Wrapper@@2VVector3@@A,0x01340C40
?ApplicationHInstance@@3PAXA,0x012ED234
?ApplicationHWnd@@3PAXA,0x012ED238
?AreStaticSortListsEnabled@WW3D@@0_NA,0x0133F42D
?AreStaticSortListsEnabled@WW3D@@2_NA,0x0133F42D
?AssetSubsystem0059A3D0@@3PAXA,0x0134FAA0
?AttachedModelFXNuggetFieldParse@@3QBUFieldParse@@B,0x010F2C20
?AttachmentFailures007629F0@@3HA,0x01305A4C
?AudioGlobal004092A0@@3PAUAudioView004092A0@@A,0x012ED668
?AudioGlobal0040F780@@3PAUAudio0040F780@@A,0x012ED668
?AvailablePageMemory@CPUDetectClass@@0IA,0x0134ED74
?AvailablePhysicalMemory@CPUDetectClass@@0IA,0x0134ED60
?AvailableVirtualMemory@CPUDetectClass@@0IA,0x0134ED14
?BFMEEmptyPlayerName@@3VUnicodeString@@B,0x01336E54
?BFMEEmptyString@@3QBGB,0x01084C34
?BFMEEmptyUnicodeString@@3GB,0x0107388C
?BFMEUnicodeEmptyString@@3VUnicodeString@@B,0x01336E54
?BFMEUnicodeEmptyStringMutable@@3VUnicodeString@@A,0x01336E54
?BFME_LifetimeUpdateModuleDataVtable@@3DB,0x010BFEA8
?BOX_EMISSION_VOLUME_MODULE_TEMPLATE_PARSE_TABLE@FXParticleSystem@@3QBDB,0x01113A88
?BUTTERFLY_DRAW_MODULE_TEMPLATE_PARSE_TABLE@FXParticleSystem@@3QBDB,0x01113570
?BaseHeightMapScorchStageChanges@@3IA,0x01340568
?BattleHonorTooltip@@YAXPAVGameWindow@@PAVWinInstanceData@@I@Z,0x0042FF45
?BfmeAptScreenCampaignReviewSecondaryVftable@@3PAPBXA,0x01104C70
?BfmeAptScreenCampaignReviewVftable@@3PAPBXA,0x01104C74
?BfmeAptScreenDisconnectScreenSecondaryVftable@@3PAPBXA,0x01104DE4
?BfmeAptScreenInGameChatSecondaryVftable@@3PAPBXA,0x01105380
?BfmeAptScreenInGameChatVftable@@3PAPBXA,0x01105384
?BfmeAptScreenObjectivesSecondaryVftable@@3PAPBXA,0x01106DE8
?BfmeAptScreenObjectivesVftable@@3PAPBXA,0x01106DEC
?BfmeAptScreenQuitMenuSecondaryVftable@@3PAPBXA,0x0110A384
?BfmeAptScreenQuitMenuVftable@@3PAPBXA,0x0110A388
?BfmeAptScreenSpellStoreSecondaryVftable@@3PAPBXA,0x0110C3E8
?BfmeAptScreenSpellStoreVftable@@3PAPBXA,0x0110C3EC
?BfmeBoundaryZero3D@@3MB,0x01075350
?BfmeCameraGlobal12BB214@@3MA,0x012BB214
?BfmeCameraGlobal12F9DBC@@3MA,0x012F9DBC
?BfmeClientCRCCheckEnabled@@3EA,0x012ED4E4
?BfmeCurrentCaps@@3PAEA,0x01340578
?BfmeCurrentCaps@@3PAVBfmeCaps@@A,0x01340578
?BfmeDefeatScreenTable@@3PAEA,0x01336E50
?BfmeDynamicDX8VertexBuffer@@3PAPAVBfmeDX8VertexBuffer@@A,0x01346754
?BfmeDynamicDX8VertexBufferInUse@@3PA_NA,0x01346740
?BfmeDynamicDX8VertexBufferOffset@@3PAGA,0x01346794
?BfmeDynamicDX8VertexBufferSize@@3PAGA,0x013467B4
?BfmeDynamicFVFTable@@3PAIA,0x0113BD28
?BfmeDynamicSortingVertexArray@@3PAVSortingVertexBufferClass@@A,0x013467DC
?BfmeDynamicSortingVertexArrayInUse@@3_NA,0x013467D8
?BfmeDynamicSortingVertexArrayOffset@@3GA,0x013467E4
?BfmeDynamicSortingVertexArraySize@@3GA,0x013467E0
?BfmeDynamicVBSlots@@3PAUBfmeDynamicVBSlot@@A,0x013467F0
?BfmeDynamicVBSlots@@3PAVBfmeDynElemXZ@@A,0x013467F0
?BfmeGameBrowserVJPCallback@@YGXXZ,0x00BF5A70
?BfmeGameBrowserVJQCallback@@YGXXZ,0x00BF5AC0
?BfmeGameBrowserVJRCallback@@YGXXZ,0x00BF5B40
?BfmeRenderBitDepth@@3HA,0x012D6DBC
?BfmeRenderHeight@@3HA,0x012D6DB8
?BfmeRenderWidth@@3HA,0x012D6DB4
?BfmeRenderWindowed@@3_NA,0x0134050D
?BfmeSavedClientFrame@@3HA,0x012ED508
?BfmeSentenceSurfaceTable@@3PAPAXA,0x0107385C
?BfmeShadowIndexCount@@3IA,0x012BBEC4
?BfmeShadowScale@@3MB,0x0109BF3C
?BfmeShadowVertexCount@@3IA,0x012BBEC0
?BfmeShadowZLimit@@3MB,0x010F0ADC
?BfmeSkippedClientFrames@@3HA,0x012ED504
?BfmeSubdualCapERD@@3MB,0x01075334
?BfmeTheEmptyAudioEvent@@3VAudioEventRTS@@A,0x012F1318
?BfmeTheMapObjectExtra@@3VBfmeMapObjectExtra@@A,0x012ED5E0
?BfmeTheMapObjectListHolder@@3PAUMapObjectList@@A,0x012ED5DC
?BfmeTheMapObjectListHolder@@3PAVBfmeMapObjectListHolder@@A,0x012ED5DC
?BfmeVfZQ@@3HA,0x0111DFB0
?BfmeXferDistributionTypeNames@@3PAPBDA,0x010890F0
?BitDepth@DX8Wrapper@@1HA,0x012D6DBC
?Borrow@?$Int@$0EA@@@2_NA,0x0134F998
?BuffNuggetFXNuggetFieldParse@@3QBUFieldParse@@B,0x010F2980
?BuildableStatusNames@@3PAPBDA,0x012AC3B0
?CATEGORY_MODULE_CLASS_0_VTABLE@FXParticleSystem@@3PBXB,0x01110844
?CLSID_BfmeNetFwMgr@@3UFirewallGuid@@B,0x0111B8F4
?COINCIDENCE_EPSILON@CollisionMath@@0MB,0x01137814
?CYLINDER_EMISSION_VOLUME_MODULE_TEMPLATE_PARSE_TABLE@FXParticleSystem@@3QBDB,0x01113CA0
?CYLINDRICAL_EMISSION_VELOCITY_MODULE_TEMPLATE_PARSE_TABLE@FXParticleSystem@@3QBDB,0x01113B90
?Callback01337858@@3P6AXPBD0@ZA,0x01337858
?CameraShakerSystem@@3VCameraShakeSystemClass@@A,0x012F7FEC
?CameraShakerVolumeFXNuggetFieldParse@@3QBUFieldParse@@B,0x010F2B28
?CameraYawAngleKey@@3VStaticNameKey@@A,0x012A79D0
?Campaign00598950@@3PAXA,0x012F1024
?Carry@?$Int@$0EA@@@2_NA,0x0134F999
?ClientAt012F1464@@3PAVClient0009A580@@A,0x012F1464
?ClientGlobal007629F0@@3PAVClient007629F0@@A,0x012F1464
?Clock00200420@@3PAUFrame00200420@@A,0x012F0898
?CmpFunc@@YAHPBX0@Z,0x00E068C7
?CommandsAt012ED5F4@@3PADA,0x012ED5F4
?CompareIndex@CTReorderInstructions@D3DXShader@@KGHIIPBX@Z,0x00EBF19E
?CompareLoad@CTReorderInstructions@D3DXShader@@KGHIIPBX@Z,0x00EBF163
?CompareSemantic@CCompiler@D3DXShader@@KGHIIPBX@Z,0x00E4698F
?Control0040F780@@3PAUMovieControl0040F780@@A,0x012F1B40
?Counter0040F780@@3_JA,0x012F1278
?Create@DebugIOFlat@@SAPAVDebugIOInterface@@XZ,0x00C90420
?Create@DebugIONet@@SAPAVDebugIOInterface@@XZ,0x00C8FE00
?Create@DebugIOOds@@SAPAVDebugIOInterface@@XZ,0x00C8FA10
?Create@Rva00891540DebugIOConFactory@@SAPAVRva00891540DebugIOCon@@XZ,0x00C91540
?CriticalSection@DX8Wrapper@@0PADA,0x0133F4E8
?CurRenderDevice@DX8Wrapper@@1HA,0x012D6DB0
?CurrentAdapterIdentifier@DX8Wrapper@@1U_D3DADAPTER_IDENTIFIER8@@A,0x0133F590
?CurrentCaps@DX8Wrapper@@0PAUBfmeApplyCapsView@@A,0x01340578
?CurrentCaps@DX8Wrapper@@1PAVDX8Caps@@A,0x01340578
?CurrentDX8LightEnables@DX8Wrapper@@0PAEA,0x013400FC
?CurrentDX8LightEnables@DX8Wrapper@@1PA_NA,0x013400FC
?CurrentDepthBuffer@DX8Wrapper@@0PAUIDirect3DSurface8@@A,0x0134053C
?CurrentRenderTarget@DX8Wrapper@@0PAUIDirect3DSurface8@@A,0x01340538
?CurrentStaticSortLists@WW3D@@0PAVStaticSortListClass@@A,0x0133F448
?CurrentStaticSortLists@WW3D@@2PAVStaticSortListClass@@A,0x0133F448
?CursorParticleSystemFXNuggetFieldParse@@3QBUFieldParse@@B,0x010F31B0
?D3DCallCount@DX8Wrapper@@0IA,0x01340594
?D3DDevice@DX8Wrapper@@0PAUBfmeDevice@@A,0x01340534
?D3DDevice@DX8Wrapper@@0PAUIDirect3DDevice8@@A,0x01340534
?D3DDevice@DX8Wrapper@@1PAUIDirect3DDevice8@@A,0x01340534
?D3DDevice@DX8Wrapper@@2PAUBfmeProjectionDevice@@A,0x01340534
?D3DDevice@DX8Wrapper@@2PAUIDirect3DDevice8@@A,0x01340534
?D3DDevice@DX8Wrapper@@2PAURva009038B0Device@@A,0x01340534
?D3DDevice@DX8Wrapper@@2PAXA,0x01340534
?D3DInterface@DX8Wrapper@@1PAUIDirect3D8@@A,0x01340530
?D3DInterface@DX8Wrapper@@1PAVIDirect3D8@@A,0x01340530
?D3DXData01351400@D3DXShader@@3HA,0x01351400
?D3DXData01351404@D3DXShader@@3PAVCAlloc@D3DXCore@@A,0x01351404
?D3DXData01351408@D3DXShader@@3HA,0x01351408
?D3DXData0135140C@D3DXShader@@3PAVCAlloc@D3DXCore@@A,0x0135140C
?D3DXDecodeDXT1@D3DXTex@@YGJPAUD3DXCOLOR@@PBE@Z,0x00E679A5
?D3DXDecodeDXT2@D3DXTex@@YGJPAUD3DXCOLOR@@PBE@Z,0x00E68392
?D3DXDecodeDXT3@D3DXTex@@YGJPAUD3DXCOLOR@@PBE@Z,0x00E67AE5
?D3DXDecodeDXT4@D3DXTex@@YGJPAUD3DXCOLOR@@PBE@Z,0x00E683B5
?D3DXDecodeDXT5@D3DXTex@@YGJPAUD3DXCOLOR@@PBE@Z,0x00E67B68
?D3DXEncodeDXT1@D3DXTex@@YGJPAEPBUD3DXCOLOR@@H@Z,0x00E67CA4
?D3DXEncodeDXT2@D3DXTex@@YGJPAEPBUD3DXCOLOR@@H@Z,0x00E683D8
?D3DXEncodeDXT3@D3DXTex@@YGJPAEPBUD3DXCOLOR@@H@Z,0x00E67DC6
?D3DXEncodeDXT4@D3DXTex@@YGJPAEPBUD3DXCOLOR@@H@Z,0x00E6840F
?D3DXEncodeDXT5@D3DXTex@@YGJPAEPBUD3DXCOLOR@@H@Z,0x00E67EF3
?DISABLEDMASK_NONE@@3V?$BitFlags@$0N@@@A,0x012ED858
?DX8Wrapper_IsWindowed@@3_NA,0x012D6DAC
?DX8Wrapper_PreserveFPU@@3HA,0x01340504
?Data00EB7430@@3HA,0x012B7430
?Data00EEF1DC@@3_NA,0x012EF1DC
?Data00EF49B4@@3PAVGen004C7470@@A,0x012F49B4
?Data00EF49FC@@3PAVGen0000C955@@A,0x012F49FC
?Data00EF8048@@3PAVGen006E1AC0@@A,0x012F8048
?Data00EF8048@@3PAVRva006E1CD0Obj@@A,0x012F8048
?Data00F58F30@@3P6GXH@ZA,0x01358F30
?Data00F58F30@@3P6GX_N@ZA,0x01358F30
?Data00F59214@@3P6AXXZA,0x01359214
?Data00F59544@@3P6AHXZA,0x01359544
?Data00F595C4@@3P6AXXZA,0x013595C4
?DebugGlobal00409E20@@3PAVDebugView00409E20@@A,0x01336E5C
?DefaultDebugShader@WW3D@@0VShaderClass@@A,0x012D6D9C
?DefaultDepthBuffer@DX8Wrapper@@0PAUIDirect3DSurface8@@A,0x01340544
?DefaultNativeScreenSize@WW3D@@2MA,0x012D6D7C
?DefaultRemoveOnComplete@ParticleEmitterClass@@0_NA,0x012D7708
?DefaultRenderTarget@DX8Wrapper@@0PAUIDirect3DSurface8@@A,0x01340540
?DefaultStaticSortLists@WW3D@@0PAVStaticSortListClass@@A,0x0133F444
?DisplayFormat@DX8Wrapper@@1W4_D3DFORMAT@@A,0x01340510
?DisplayMask@BoxRenderObjClass@@1HA,0x0134B20C
?Distance004092A0@@3MA,0x012B4D44
?DistributionTypeNames@GameClientRandomVariable@@2PAPBDA,0x012A7C40
?DontShowMainMenu@@3_NA,0x012F45D4
?DrawPolygonLowBoundLimit@DX8Wrapper@@0IA,0x0134057C
?DualIndexedDispatchFirst@@3HA,0x012B9688
?DualIndexedDispatchSecond@@3HA,0x012B96A8
?DualIndexedDispatchSixFirst@@3HA,0x012B9670
?DualIndexedDispatchSixSecond@@3HA,0x012B9690
?DuplicateLocationHash@@3V?$HashTemplateClass@VVector3@@I@@A,0x012D71D8
?DynamicDecalFXNuggetFieldParse@@3QBUFieldParse@@B,0x010F2798
?Effects0040A260@@3PAUEffectFactory0040A260@@A,0x012EF4F0
?EmptyScript@ScriptList@@0PAVScript@@A,0x012F078C
?EngineGlobal007629F0@@3PAUEngine007629F0@@A,0x012ED524
?EnumThreadWndProc@@YGHPAXJ@Z,0x00C89700
?Error@?$Int@$0EA@@@2HA,0x0134F99C
?EvaEventFXNuggetFieldParse@@3QBUFieldParse@@B,0x010F2550
?ExceptionFilter@DebugExceptionhandler@@SGJPAX@Z,0x00C8E5F0
?ExtendedFeatureBits@CPUDetectClass@@0IA,0x0134EDAC
?FRAMES_TO_KEEP@@3HA,0x012BA08C
?FRAME_DATA_LENGTH@@3HA,0x012BA088
?FXListAtBonePosFXNuggetFieldParse@@3QBUFieldParse@@B,0x010F2E14
?FXNuggetFieldParse@@3QBUFieldParse@@B,0x010F2480
?Factory0040A260@@3PAVThingFactory@@A,0x012EF1D8
?FadeTacticalView@@3PAVFadeView@@A,0x012F1600
?Fast_Slerp_Use_Inline@@3_NA,0x0133D1A8
?FeatureBits@CPUDetectClass@@0IA,0x0134ED20
?FireWeaponCollideFieldParse@@YAXAAVMultiIniFieldParse@@@Z,0x0043ABC0
?Flag0133F42F@@3_NA,0x0133F42F
?FlagAt012ED4E5@@3_NA,0x012ED4E5
?FlagAt012ED4E6@@3_NA,0x012ED4E6
?FogColor@DX8Wrapper@@1KA,0x0134052C
?FogColor@DX8Wrapper@@2IA,0x0134052C
?FogEnable@DX8Wrapper@@1_NA,0x01340528
?FogEnable@DX8Wrapper@@2_NA,0x01340528
?FrameCount@DX8Wrapper@@1KA,0x01340580
?FrameCount@WW3D@@0HA,0x0133F434
?FrameCount@WW3D@@2HA,0x0133F434
?GadgetListBoxInput@@YA?AW4WindowMsgHandledType@@PAVGameWindow@@III@Z,0x0043C281
?GadgetListBoxMultiInput@@YA?AW4WindowMsgHandledType@@PAVGameWindow@@III@Z,0x004356E8
?Rva00597FC0ClientSecondaryVftable@@3PAPBXA,0x0110C2C4
?Rva00597FC0ClientVftable@@3PAPBXA,0x0110C2D8
?GameSpyColor@@3PAHA,0x012B9200
?Gen01083D34@@3HA,0x01083D34
?Gen01083E78@@3HA,0x01083E78
?Gen01085DE8@@3HA,0x01085DE8
?Gen01085F58@@3NA,0x01085F58
?Gen01096964@@3HA,0x01096964
?Gen010A31A0@@3HA,0x010A31A0
?Gen010A57B0@@3HA,0x010A57B0
?Gen010C74D4@@3HA,0x010C74D4
?Gen010E855C@@3HA,0x010E855C
?Gen010EBDD0@@3HA,0x010EBDD0
?Gen010F95E8@@3HA,0x010F95E8
?Gen01116D68@@3HA,0x01116D68
?Gen0111E188@@3HA,0x0111E188
?Gen01121AE4@@3MA,0x01121AE4
?Gen01128BAC@@3HA,0x01128BAC
?Gen01128BD0@@3HA,0x01128BD0
?Gen01136DDC@@3HA,0x01136DDC
?Gen01136DE8@@3HA,0x01136DE8
?Gen01136DF4@@3HA,0x01136DF4
?Gen012D6E2C@@3HA,0x012D6E2C
?Gen012F8048@@3PAVGen012F8048Target@@A,0x012F8048
?Gen013593A0@@3P6AXPAX@ZA,0x013593A0
?GenCharToBit0012A430@@3PACA,0x0112A430
?GenDesc00CF0540@@3HB,0x010F0540
?GenDesc00CF05D8@@3HB,0x010F05D8
?GenFallback0012ED5C8@@3PAVGenFallback@@A,0x012ED5C8
?GenFloat00C75350@@3MB,0x01075350
?GenKey0012A7918@@3VGenKey@@A,0x012A7918
?GenKey0012A7988@@3VGenKey@@A,0x012A7988
?GenKey0012A79B8@@3VGenKey@@A,0x012A79B8
?GenKey0012A79C0@@3VGenKey@@A,0x012A79C0
?GenKey0012A79C8@@3VGenKey@@A,0x012A79C8
?GenKey0012A79D0@@3VGenKey@@A,0x012A79D0
?GenKey0012A79D8@@3VGenKey@@A,0x012A79D8
?GenKey0012A79E0@@3VGenKey@@A,0x012A79E0
?GenKey0012A79F0@@3VGenKey@@A,0x012A79F0
?GenKey0012A79F8@@3VGenKey@@A,0x012A79F8
?GenTable0012ED5E0@@3VGenTable@@A,0x012ED5E0
?Gen_g_0130c080@@3V?$basic_string@GV?$char_traits@G@_STL@@V?$allocator@G@2@@_STL@@A,0x0130C080
?Gen_g_0130c08c@@3V?$basic_string@DV?$char_traits@D@_STL@@V?$allocator@D@2@@_STL@@A,0x0130C08C
?Gen_g_0130c098@@3V?$basic_string@DV?$char_traits@D@_STL@@V?$allocator@D@2@@_STL@@A,0x0130C098
?Gen_g_0130c0b0@@3V?$basic_string@GV?$char_traits@G@_STL@@V?$allocator@G@2@@_STL@@A,0x0130C0B0
?Gen_g_0130c0bc@@3V?$basic_string@GV?$char_traits@G@_STL@@V?$allocator@G@2@@_STL@@A,0x0130C0BC
?Gen_g_0130c0c8@@3V?$basic_string@DV?$char_traits@D@_STL@@V?$allocator@D@2@@_STL@@A,0x0130C0C8
?GenericObjectCreationNuggetCommonFields@@3QBUFieldParse@@B,0x0109F320
?GenericObjectCreationNuggetDebrisFields@@3QBUFieldParse@@B,0x0109FA78
?GetStringTypeExWFake@ATL@@YGHKKPBGHPAG@Z,0x004144D4
?Glo012ED5C8@@3PAVGlo012ED5C8Type@@A,0x012ED5C8
?Glo012F0239@@3_NA,0x012F0239
?Glo012F0898@@3PAVRva00383860@@A,0x012F0898
?Glo012F1024@@3PAVGlo012F1024Type@@A,0x012F1024
?Glo012F1028@@3PAVGlo012F1028Type@@A,0x012F1028
?Glo012F1028@@3PAVRva003C83E0Campaign@@A,0x012F1028
?Glo012F1028@@3RAVGlo012F1028Type@@A,0x012F1028
?Glo012F1028Remove@@3PAVGen_003C02B0@@A,0x012F1028
?Glo012F3344@@3PAVGlo012F3344Type@@A,0x012F3344
?Glo012F3344@@3PAVRva0057F0B0ShellGlobal@@A,0x012F3344
?Glo012F368C@@3PAVGlo012F368CType@@A,0x012F368C
?Glo012F4B98@@3PAVGlo012F4B98Type@@A,0x012F4B98
?Glo012F4B98@@3PAVRva003C6200Global@@A,0x012F4B98
?Glo012F4B98@@3PAVRva003C83E0ResetSink@@A,0x012F4B98
?Glo012F4C62@@3_NA,0x012F4C62
?Glo012F7048@@3PAVGlo012F7048CampaignGateMode@@A,0x012F7048
?Glo012F7048@@3PAVGlo012F7048CursorGate@@A,0x012F7048
?Glo012F7048@@3PAVGlo012F7048Type@@A,0x012F7048
?Glo012F7048@@3RAVBfmeCallJ378F8@@A,0x012F7048
?GridFrameScale@@3MA,0x012BB214
?Has3DNowSupport@CPUDetectClass@@0_NA,0x0134EDEA
?HasCMOVSupport@CPUDetectClass@@0_NA,0x0134EDE8
?HasCPUIDInstruction@CPUDetectClass@@0_NA,0x0134EDE4
?HasExtended3DNowSupport@CPUDetectClass@@0_NA,0x0134EDEB
?HasMMXSupport@CPUDetectClass@@0_NA,0x0134EDE9
?HasRDTSCInstruction@CPUDetectClass@@0_NA,0x0134EDE5
?HasSSE2Support@CPUDetectClass@@0_NA,0x0134EDE7
?HasSSESupport@CPUDetectClass@@0_NA,0x0134EDE6
?HighlightColorIndex@@3IA,0x012F1400
?HighlightColors@@3PAUColor@@A,0x012B4FC8
?HighlightDevice@@3PAUDevice@@A,0x01340534
?HighlightFVF@@3IA,0x012F9D24
?HighlightPixelConstants@@3PAUColor@@A,0x01341150
?HighlightPixelSupport@@3IA,0x012F9D0C
?HighlightRefresh@@3_NA,0x012F13FC
?HighlightRendering@@3_NA,0x0133F42C
?HighlightSettings@@3PAUSettings@@A,0x012ED5C8
?HighlightVertexSupport@@3IA,0x012F9D04
?IID_BfmeNetFwMgr@@3UFirewallGuid@@B,0x0111B908
?IMECandidateWindowLineSpacing@@3HA,0x012B68F8
?Identity@Matrix3@@2V1@B,0x012D6A28
?InheritedWorldSpaceEmitterVel@@3VVector3@@A,0x0134BC64
?IntelProcessor@CPUDetectClass@@0W4IntelProcessorType@1@A,0x0134ED6C
?IntelProcessor@CPUDetectClass@@2W4IntelProcessorType@1@A,0x0134ED6C
?Interval0040F780@@3NA,0x012F12A8
?InvProcessorTicksPerSecond@CPUDetectClass@@0NA,0x0134EDA0
?IsCapturing@WW3D@@0_NA,0x0133F42A
?IsCapturing@WW3D@@2_NA,0x0133F42A
?IsColoringEnabled@WW3D@@0_NA,0x0133F458
?IsDeviceLost@DX8Wrapper@@1_NA,0x0133F4A0
?IsInitted@BoxRenderObjClass@@1_NA,0x0134B208
?IsInitted@WW3D@@0_NA,0x0133F428
?IsInitted@WW3D@@2_NA,0x0133F428
?IsLocked@RegistryClass@@0_NA,0x0134ECE8
?MungeSortOnLoad@WW3D@@0_NA,0x0133F42E
?IsMungeSortOnLoadEnabled@WW3D@@2_NA,0x0133F42E
?IsRenderToTexture@DX8Wrapper@@0_NA,0x01340548
?IsRendering@WW3D@@0_NA,0x0133F429
?IsRendering@WW3D@@2_NA,0x0133F429
?IsScreenUVBiased@WW3D@@0_NA,0x0133F42B
?IsSortingEnabled@WW3D@@0_NA,0x012D6D74
?IsSortingEnabled@WW3D@@2_NA,0x012D6D74
?IsTexturingEnabled@WW3D@@0_NA,0x012D6D90
?IsTexturingEnabled@WW3D@@2_NA,0x012D6D90
?IsWindowed@DX8Wrapper@@1_NA,0x0134050D
?KINDOFMASK_NONE@@3UKindOfMaskType@@B,0x012ED8B8
?KINDOFMASK_NONE@@3V?$BitFlags@$0HE@@@A,0x012ED8B8
?KINDOFMASK_NONE@@3V?$BitFlags@$0HE@@@B,0x012ED8B8
?KINDOFMASK_NONE@@3V?$BitFlags@$0HG@@@A,0x012ED8B8
?KINDOFMASK_NONE@@3V?$BitFlags@$0HO@@@B,0x012ED8B8
?KINDOFMASK_NONE@@3V?$BitFlags@$0MA@@@B,0x012ED8B8
?KINDOFMASK_NONE@@3VKindOfMask@@B,0x012ED8B8
?KeepBlankEntries@INIClass@@0_NA,0x0134EE00
?KeyboardGlobal0040F780@@3PAUKeyboard0040F780@@A,0x012F4C50
?KickedCallback@@YAXPAXW4RoomType@@PBD20@Z,0x00A42E10
?L1DataCacheLineSize@CPUDetectClass@@0IA,0x0134ED7C
?L1DataCacheSetAssociative@CPUDetectClass@@0IA,0x0134EDC4
?L1DataCacheSize@CPUDetectClass@@0IA,0x0134ED08
?L1InstructionCacheLineSize@CPUDetectClass@@0IA,0x0134ED80
?L1InstructionCacheSetAssociative@CPUDetectClass@@0IA,0x0134ED18
?L1InstructionCacheSize@CPUDetectClass@@0IA,0x0134ED98
?L1InstructionTraceCacheSetAssociative@CPUDetectClass@@0IA,0x0134ED58
?L1InstructionTraceCacheSize@CPUDetectClass@@0IA,0x0134EDB8
?L2CacheLineSize@CPUDetectClass@@0IA,0x0134ED64
?L2CacheSetAssociative@CPUDetectClass@@0IA,0x0134ED68
?L2CacheSize@CPUDetectClass@@0IA,0x0134ED1C
?LANSocketErrorDetected@@3_NA,0x012F3D4B
?LANbuttonPushed@@3_NA,0x012F3D4A
?LANisShuttingDown@@3_NA,0x012F3D49
?LANnextScreen@@3PADA,0x012F3D4C
?LIFE_EVENT_MODULE_TEMPLATE_PARSE_TABLE@FXParticleSystem@@3QBDB,0x01114450
?LIGHTNING_DRAW_MODULE_TEMPLATE_PARSE_TABLE@FXParticleSystem@@3QBDB,0x011136E8
?LIGHTNING_EMISSION_MODULE_TEMPLATE_PARSE_TABLE@FXParticleSystem@@3QBDB,0x01114300
?LINE_EMISSION_VOLUME_MODULE_TEMPLATE_PARSE_TABLE@FXParticleSystem@@3QBDB,0x01113E30
?LODMaxScreenSizes@ParticleBufferClass@@1PAMA,0x012D7710
?LOGICFRAMES_PER_MSEC_REAL@@3MB,0x010E7F4C
?LUtempvv@@3PANA,0x01353DE0
?LaserFXNuggetFieldParse@@3QBUFieldParse@@B,0x010F2AB0
?LastReplayFileName@@3V?$basic_string@DV?$char_traits@D@_STL@@V?$allocator@D@2@@_STL@@A,0x012F418C
?LightPosWorld@@3PAVVector3@@A,0x012BBE6C
?LightPulseFXNuggetFieldParse@@3QBUFieldParse@@B,0x010F2678
?Light_Environment@DX8Wrapper@@1PAVLightEnvironmentClass@@A,0x0134051C
?LightingGlobals00747FF0@@3PAULightingData00747FF0@@A,0x012ED5C8
?LightmapDebugShader@WW3D@@0VShaderClass@@A,0x012D6DA0
?LocationHash@@3V?$HashTemplateClass@VVector3@@I@@A,0x012D71C8
?LockCount@DX8Wrapper@@0IA,0x01340588
?LockCount@DX8Wrapper@@0IC,0x01340588
?Logic0040F780@@3PAVBfmeGameLogicPause@@A,0x012F0898
?MOTDBuffer@@3PADA,0x012F7170
?MapSelectorTooltip@@YAXPAVGameWindow@@PAVWinInstanceData@@I@Z,0x00437EF2
?MatPassTaskPool@@3VMatPassTaskPoolClass@@A,0x0134B13C
?Mix1@Random3Class@@1PAHA,0x012D9D30
?Mix2@Random3Class@@1PAHA,0x012D9D80
?ModelConditionNames@@3QBQBDB,0x012A6918
?MonsterDockUpdateModuleDataFieldParse@@3QBUFieldParse@@B,0x010CA9B0
?Mouse0040F780@@3PAVMouse@@A,0x012F4C5C
?Movie@WW3D@@0PAVFrameGrabClass@@A,0x0133F430
?MovieFactoryGlobal0040E3B0@@3PAUMovieFactory0040E3B0@@A,0x0130B190
?NPatchesGapFillingMode@@3IA,0x012D6D88
?NPatchesLevel@@3IA,0x012D6D8C
?NewPlayerListCallback@@YAXPAXW4RoomType@@0@Z,0x00A42E20
?NullShader@MeshMatDescClass@@2VShaderClass@@A,0x01346DA8
?OOIntMax@Vector3Randomizer@@1MB,0x011BC4AC
?ORTHO_EMISSION_VELOCITY_MODULE_TEMPLATE_PARSE_TABLE@FXParticleSystem@@3QBDB,0x01113F40
?OSVersionBuildNumber@CPUDetectClass@@0IA,0x0134ED78
?OSVersionExtraInfo@CPUDetectClass@@0VStringClass@@A,0x0134EDF8
?OSVersionNumberMajor@CPUDetectClass@@0IA,0x0134EDBC
?OSVersionNumberMinor@CPUDetectClass@@0IA,0x0134ED10
?OSVersionPlatformId@CPUDetectClass@@0IA,0x0134EDB4
?OUTWARD_EMISSION_VELOCITY_MODULE_TEMPLATE_PARSE_TABLE@FXParticleSystem@@3QBDB,0x01113FE4
?OpenBFME5_netCRCInterval@@3HA,0x012A7040
?OurLanguage@@3W4LanguageID@@A,0x012ED5D4
?Owner0040A260@@3PAXA,0x012F10D8
?OwnerThreadId@DX8Wrapper@@0KA,0x01340584
?OwnerThreadId@DX8Wrapper@@0KC,0x01340584
?POINT_EMISSION_VOLUME_MODULE_TEMPLATE_PARSE_TABLE@FXParticleSystem@@3QBDB,0x01114060
?PORTABLE_MAPS@@3PBDB,0x012ABFC0
?PORTABLE_SAVE@@3PBDB,0x012ABFBC
?PORTABLE_USER_MAPS@@3PBDB,0x012ABFC4
?ParseConditionDataChunk@Condition@@SA_NAAVDataChunkInput@@PAUDataChunkInfo@@PAX@Z,0x00449292
?ParseObjectDataChunk@@YA_NAAVDataChunkInput@@PAUDataChunkInfo@@PAX@Z,0x00854760
?ParticleSystemFXNuggetFieldParse@@3QBUFieldParse@@B,0x010F2F80
?PauseRecord@WW3D@@0_NA,0x0133F418
?PermutationArray@ParticleBufferClass@@1QBIB,0x0113F570
?Pixel_Shader_Constants@DX8Wrapper@@0PAVVector4@@A,0x01341150
?Pixel_Shader_Constants@DX8Wrapper@@1PAVVector4@@A,0x01341150
?PlayerList005999B0@@3PAUPlayers005999B0@@A,0x012ED748
?Players00598950@@3PAVBfmeThingRV@@A,0x012ED748
?PointMaterial@PointGroupClass@@0PAVVertexMaterialClass@@A,0x01341260
?PointMaterial@PointGroupClass@@2PAVVertexMaterialClass@@A,0x01341260
?Prefix012D5A08@@3PBDB,0x012D5A08
?PrelitMode@WW3D@@0W4PrelitModeEnum@1@A,0x012D6D80
?Presets@VertexMaterialClass@@0PAPAV1@A,0x01346D90
?PreviousSyncTime@WW3D@@0IA,0x0133F424
?PreviousSyncTime@WW3D@@2IA,0x0133F424
?ProcessorFamily@CPUDetectClass@@0HA,0x0134ED0C
?ProcessorLog@CPUDetectClass@@0VStringClass@@A,0x0134EDFC
?ProcessorManufacturer@CPUDetectClass@@0W4ProcessorManufacturerType@1@A,0x0134EDEC
?ProcessorManufacturer@CPUDetectClass@@2W4ProcessorManufacturerType@1@A,0x0134EDEC
?ProcessorModel@CPUDetectClass@@0HA,0x0134EDC0
?ProcessorRevision@CPUDetectClass@@0HA,0x0134ED54
?ProcessorSpeed@CPUDetectClass@@0HA,0x0134EDDC
?ProcessorSpeed@CPUDetectClass@@2HA,0x0134EDDC
?ProcessorString@CPUDetectClass@@0PADA,0x0134ED24
?ProcessorTicksPerSecond@CPUDetectClass@@0_JA,0x0134ED90
?ProcessorType@CPUDetectClass@@0HA,0x0134EDE0
?ProjectionMatrix@DX8Wrapper@@1VMatrix4@@A,0x01340C00
?ProjectionMatrix@DX8Wrapper@@2VMatrix4@@A,0x01340C00
?QRAddErrorCallback@@YAXPAXW4qr2_error_t@@PAD0@Z,0x00A46D80
?QRCountCallback@@YAHPAXW4qr2_key_type@@0@Z,0x00A4E5B0
?QRKeyListCallback@@YAXPAXW4qr2_key_type@@00@Z,0x00A42CF0
?QRNatNegotiateCallback@@YAXPAXH0@Z,0x00A42E00
?QRPlayerKeyCallback@@YAXPAXHH00@Z,0x00A4E270
?QRServerKeyCallback@@YAXPAXH00@Z,0x00A4DA00
?QRTeamKeyCallback@@YAXPAXHH00@Z,0x00A4E570
?QUAD_DRAW_MODULE_TEMPLATE_PARSE_TABLE@FXParticleSystem@@3QBDB,0x01113780
?Quads@@3PAVDX8IndexBufferClass@@A,0x01341234
?R2Data01075520@@3HA,0x01075520
?R2Data01083CFC@@3HA,0x01083CFC
?R2Data01085DBC@@3HA,0x01085DBC
?R2Data01088838@@3HA,0x01088838
?R2Data0109608C@@3HA,0x0109608C
?R2Data0109F0F4@@3HA,0x0109F0F4
?R2Data0109FB98@@3HA,0x0109FB98
?R2Data010BA790@@3HA,0x010BA790
?R2Data010C0D90@@3HA,0x010C0D90
?R2Data010CE518@@3HA,0x010CE518
?R2Data010E75B0@@3HA,0x010E75B0
?R2Data010EC760@@3HA,0x010EC760
?R2Data010EC764@@3HA,0x010EC764
?R2Data010EC768@@3HA,0x010EC768
?R2Data010EC784@@3HA,0x010EC784
?R2Data010EE4EC@@3HA,0x010EE4EC
?R2Data010F0540@@3HA,0x010F0540
?R2Data010F0FA0@@3HA,0x010F0FA0
?R2Data01112ABC@@3HA,0x01112ABC
?R2Data01126AFC@@3HA,0x01126AFC
?R2Data01126B2C@@3HA,0x01126B2C
?R2Data011289D4@@3HA,0x011289D4
?R2Data01128A2C@@3HA,0x01128A2C
?R2Data0112F2F4@@3HA,0x0112F2F4
?R2Data0112F304@@3HA,0x0112F304
?R2Data012BBF48@@3HA,0x012BBF48
?R2Data012BBF84@@3HA,0x012BBF84
?R2Data012BBF90@@3HA,0x012BBF90
?R2Data012BC080@@3HA,0x012BC080
?R2Flag012ED4DC@@3_NA,0x012ED4DC
?R2Flag012ED4DD@@3_NA,0x012ED4DD
?R2Flag012ED4DE@@3_NA,0x012ED4DE
?R2Flag012ED4DF@@3_NA,0x012ED4DF
?R2Flag012ED4E0@@3_NA,0x012ED4E0
?R2Flag012ED4E2@@3_NA,0x012ED4E2
?R2Flag012ED4E3@@3_NA,0x012ED4E3
?R2Flag012ED4E4@@3_NA,0x012ED4E4
?R2Fptr01358ECC@@3P6GXPAX@ZA,0x01358ECC
?R2Glob012BC140@@3HA,0x012BC140
?R2Glob012F495C@@3PAXA,0x012F495C
?R2Glob012F4998@@3PAXA,0x012F4998
?R2Glob012F4ACC@@3PAXA,0x012F4ACC
?R2Glob012F4B44@@3PAXA,0x012F4B44
?R2Glob012F4B54@@3PAXA,0x012F4B54
?R2Glob012F9C54@@3HA,0x012F9C54
?R2Glob012F9C58@@3HA,0x012F9C58
?R2Glob012F9C6C@@3HA,0x012F9C6C
?R2Glob012F9C80@@3HA,0x012F9C80
?R2Glob012F9C9C@@3PAXA,0x012F9C9C
?R2Glob012F9CA0@@3PAXA,0x012F9CA0
?R2Glob012F9CB4@@3PAXA,0x012F9CB4
?R2Glob012F9CC8@@3PAXA,0x012F9CC8
?R2Glob013071AC@@3HA,0x013071AC
?R2Glob013071B0@@3HA,0x013071B0
?R2Glob013071B4@@3HA,0x013071B4
?R2Glob013071C0@@3PAXA,0x013071C0
?R2Glob013071C4@@3HA,0x013071C4
?R2Glob013071C8@@3HA,0x013071C8
?R2Glob013071D0@@3DA,0x013071D0
?R2Glob01307204@@3HA,0x01307204
?R2Glob01307208@@3HA,0x01307208
?R2Glob0130720C@@3HA,0x0130720C
?R2Mask012A6FA0@@3IA,0x012A6FA0
?R2Ptr012ED5C8@@3PAVR2Pointee012ED5C8@@A,0x012ED5C8
?R2Ptr012ED668@@3PAVR2GlobalReceiver@@A,0x012ED668
?R2Ptr012F0898@@3PAVR2Pointee012F0898@@A,0x012F0898
?R2Ptr012F0FE0@@3PAVGen00049FDA@@A,0x012F0FE0
?R2Ptr012F19E8@@3PAVGen000290D2@@A,0x012F19E8
?R2Ptr01306DF0@@3PAVR2GlobalReceiver@@A,0x01306DF0
?R2Ptr01306EEC@@3PAVGen0003AC38@@A,0x01306EEC
?R3FieldDiagonal10861AC@@3MA,0x010861AC
?R3FieldGlobals0012ED5C8@@3PAVR3FieldGlobals@@A,0x012ED5C8
?R3FieldSampleScale010F653C@@3MA,0x010F653C
?R3FieldSlope1096CF4@@3MA,0x01096CF4
?R3FieldZero01075350@@3MA,0x01075350
?RENDER_OBJECT_DRAW_MODULE_TEMPLATE_PARSE_TABLE@FXParticleSystem@@3QBDB,0x011138B0
?RENDER_OBJECT_UPDATE_MODULE_TEMPLATE_PARSE_TABLE@FXParticleSystem@@3QBDB,0x01114AA0
?REPLAY_CRC_INTERVAL@@3HA,0x012A7D18
?Radar00598950@@3PAVBfmeThingAOA@@A,0x012EF0E4
?RailedTransportDockUpdateModuleDataFieldParse@@3QBUFieldParse@@B,0x010CABE0
?Randomizer@Vector3Randomizer@@1VRandom3Class@@A,0x01352824
?RayEffectFXNuggetFieldParse@@3QBUFieldParse@@B,0x010F25E8
?Rdata00C7301C@@3QBDB,0x0107301C
?Rdata00C73728@@3HB,0x01073728
?Rdata00C766DC@@3HB,0x010766DC
?Rdata00CE7524@@3HB,0x010E7524
?Rdata00CE75B4@@3HB,0x010E75B4
?Rdata00CE75C0@@3HB,0x010E75C0
?RecordNextFrame@WW3D@@0_NA,0x0133F410
?RelationshipsAt012A9FC8@@3PAPBDA,0x012A9FC8
?Remainder@?$Int@$0EA@@@2V1@A,0x0134F9A0
?RenderStates@DX8Wrapper@@1PAIA,0x01340100
?RenderStates@DX8Wrapper@@2PAIA,0x01340100
?RendererGlobal0040F780@@3PAURenderer0040F780@@A,0x012ED524
?RepairDockUpdateModuleDataFieldParse@@3QBUFieldParse@@B,0x010CAE38
?ReplayWasPressed@@3_NA,0x012F4188
?ReservedMask@StringClass@@0IA,0x0134ECCC
?ResolutionHeight@DX8Wrapper@@1HA,0x012D6DB8
?ResolutionWidth@DX8Wrapper@@1HA,0x012D6DB4
?RetailScriptVTable@@3PAPAXA,0x010E858C
?ReturnToGame@AptPlayerStatus@@QAEXPBD@Z,0x0043244D
?RingFilterObject@@3DA,0x01307348
?RingFilterSlot@@3PAXA,0x012F9CE8
?RiseProcessor@CPUDetectClass@@0W4RiseProcessorType@1@A,0x0134ED70
?Rules00409E20@@3PAUBuffRules00409E20@@A,0x012B4D80
?Rva00064680FieldParseTable@@3QBUFieldParse@@B,0x010753D0
?Rva00064680NegativeScale@@3MB,0x01075354
?Rva0012A170BuildFieldParse@@YAXAAVMultiIniFieldParse@@@Z,0x0042969A
?Rva0014C090FieldParseTable@@3QBUFieldParse@@B,0x0109596C
?Rva001F7840@@YAXPAVGen00850920@@@Z,0x0040DFEE
?Rva001F84B0Vtable@@3HA,0x010A372C
?Rva001FABE0@@YAXPAVGen00850920@@@Z,0x00440D59
?Rva00209130StatusNames@@3QBQBDB,0x012A6670
?Rva002098B0PhaseNames@@3QBQBDB,0x012AE110
?Rva0020AA00TheRegistry@@3PAURva0020AA00Registry@@A,0x012EF1D8
?Rva0020AA00TheRegistry@@3PAVBfmeFind975D@@A,0x012EF1D8
?Rva0020AA00TheRegistry@@3PAVBfmeThingFactory@@A,0x012EF1D8
?Rva0020AA00TheRegistry@@3PAVRva0020AA00Registry@@A,0x012EF1D8
?Rva0024F280@@YAXPAVObject@@PAX@Z,0x0064F280
?Rva002645D0NegativeOne@@3NB,0x01095F18
?Rva002EE330ThePlayers@@3PAUBfmePlayerList@@A,0x012ED748
?Rva002EE330ThePlayers@@3PAURva002EE330PlayerList@@A,0x012ED748
?Rva002EE330ThePlayers@@3PAVPlayerList@@A,0x012ED748
?Rva002EE330ThePlayers@@3PAVRva000DF7F0@@A,0x012ED748
?Rva002EE330ThePlayers@@3PAVRva002EE330PlayerList@@A,0x012ED748
?Rva002EE330ThePlayers@@3RAVPlayerList@@A,0x012ED748
?Rva002EEDA0TheShroudManager@@3PAURva002EEDA0ShroudManager@@A,0x012ED5BC
?Rva00365B40RecordFieldParseTable@@3QBUFieldParse@@B,0x010E8FE8
?Rva00367810TheGameLogic@@3PAVRva00367810GameLogic@@A,0x012F0898
?Rva00367810TheVirtualGate@@3PAVRva00367810VirtualGate@@A,0x012F1270
?Rva003678E0AttributeNames@@3PAPBDA,0x012B4040
?Rva0036CDB0@@YAXPAVGen00850920@@@Z,0x00425973
?Rva003B2BB0FieldParseTable@@3QBUFieldParse@@B,0x010EC9B8
?Rva003B7190RecordFieldParseTable@@3QBUFieldParse@@B,0x010ECC38
?Rva003B7650FieldParseTable@@3QBUFieldParse@@B,0x010ECD18
?Rva003B7780FieldParseTable@@3QBUFieldParse@@B,0x010ECDC8
?Rva003B7BA0RecordFieldParseTable@@3QBUFieldParse@@B,0x010ECE14
?Rva003B7DC0RecordFieldParseTable@@3QBUFieldParse@@B,0x010ECEC8
?Rva003B7F90RecordFieldParseTable@@3QBUFieldParse@@B,0x010ECFF0
?Rva003B8190RecordFieldParseTable@@3QBUFieldParse@@B,0x010ED108
?Rva003B82D0RecordFieldParseTable@@3QBUFieldParse@@B,0x010ED1A0
?Rva003B8500RecordFieldParseTable@@3QBUFieldParse@@B,0x010ED258
?Rva003B8610RecordFieldParseTable@@3QBUFieldParse@@B,0x010ED300
?Rva003B8770RecordFieldParseTable@@3QBUFieldParse@@B,0x010ED3B8
?Rva003B88F0RecordFieldParseTable@@3QBUFieldParse@@B,0x010ED420
?Rva003BA660FieldParseTable@@3QBUFieldParse@@B,0x010ED4C0
?Rva003BAA70RecordFieldParseTable@@3QBUFieldParse@@B,0x010ED540
?Rva003BABE0RecordFieldParseTable@@3QBUFieldParse@@B,0x010ED6A0
?Rva003BAE20RecordFieldParseTable@@3QBUFieldParse@@B,0x010ED784
?Rva003BB730RecordFieldParseTable@@3QBUFieldParse@@B,0x010ED888
?Rva004255F0FieldParseTable@@3QBUFieldParse@@B,0x010F1B34
?Rva0048BD60FieldTable@@3QBEB,0x010F97D0
?Rva0048CD50WindowHandle@@3PAXA,0x012ED238
?Rva0048EC80TheManager@@3PAVRva0048EC80Manager@@A,0x012F12CC
?Rva00490350Head@@3PAVRva00490350Base@@A,0x012F3350
?Rva004A2F80Players@@3PAVBfmeThingRV@@A,0x012ED748
?Rva004BCCE0@@YAXPAVGameWindow@@@Z,0x0043D942
?Rva00510DC0Display@@3PAVRva00510DC0DisplayView@@A,0x012F4974
?Rva00510DC0DisplayHeight@@3HA,0x012F4980
?Rva00510DC0DisplayManagerGlobal@@3PAVRva00510DC0DisplayManager@@A,0x012F12CC
?Rva00510DC0DisplayWidth@@3HA,0x012F497C
?Rva00510DC0FontLibraryGlobal@@3PAVFontLibraryBFMERetail@@A,0x012F1B38
?Rva00579160Flag@@3HA,0x012F4B54
?Rva00579160TheCurrent@@3PAURva00579160Current@@A,0x012F7094
?Rva00579160TheManager@@3PAURva00579160Manager@@A,0x012F19E8
?Rva00579160TheManager@@3PAVBfmeThingBIF@@A,0x012F19E8
?Rva00579160TheManager@@3PAVWindowManager@@A,0x012F19E8
?Rva0059AB00FieldParse@@3UFieldParse@@B,0x0110C62C
?Rva005B6BA0Global012F7048@@3PBXB,0x012F7048
?Rva0060B710FieldParseTable@@3QBUFieldParse@@B,0x01115CC0
?Rva00642FB0Callback@@YAXPAXHPAU_SBServer@@0@Z,0x00A42FB0
?Rva00646E10Callback@@YAXPAXHHPAU_SBServer@@PBDHHHH0@Z,0x00A46E10
?Rva006A16B0Empty@@3PADA,0x0107388B
?Rva006A16B0Empty@@3QBDB,0x0107388B
?Rva006A16B0Table@@3PAURva006A16B0Entry@@A,0x0111BAC8
?Rva00778000TimeOfDayNames@@3QBQBDB,0x012A9FE0
?Rva00783F90Blue@@3MA,0x01306974
?Rva00783F90Green@@3MA,0x01306970
?Rva00783F90Red@@3MA,0x0130696C
?Rva00784030First@@3URva00784030Rec@@A,0x0130697C
?Rva00784030Second@@3URva00784030Rec@@A,0x0130698C
?Rva00787C20CleanupA@@YAXAAU?$pair@$$CBHUGen_t_00786db0_p12cd@@@_STL@@@Z,0x00421490
?Rva00787C20CleanupB@@YAXAAU?$pair@$$CBHUGen_t_00786e70_p12cd@@@_STL@@@Z,0x0040113B
?Rva0078E8F0New@@YGPAVRva00796A60VptrCtor@@PAX@Z,0x0043A283
?Rva0078E970New@@YGPAVRva00796AF0VptrCtor@@PAX@Z,0x0042FE0A
?Rva0078E9F0New@@YGPAVRva00793D30VptrCtor@@PAX@Z,0x00403436
?Rva0078EA70New@@YGPAVRva00793E00VptrCtor@@PAX@Z,0x00440E2B
?Rva0078EB00New@@YGPAVRva007961D0VptrCtor@@PAX@Z,0x00411C0C
?Rva0078EB80New@@YGPAVRva00796260VptrCtor@@PAX@Z,0x00431A6B
?Rva0078EC00New@@YGPAVRva0078FCA0VptrCtor@@PAX@Z,0x00418953
?Rva0078EC80New@@YGPAVRva0078FD30VptrCtor@@PAX@Z,0x004339C4
?Rva0078ED00New@@YGPAXPAX@Z,0x004255E0
?Rva0078ED80New@@YGPAXPAX@Z,0x004116A8
?Rva0078EE00New@@YGPAVRva00798510VptrCtor@@PAX@Z,0x004382DA
?Rva0078EE80New@@YGPAVRva007985A0VptrCtor@@PAX@Z,0x0040361B
?Rva0078EF00New@@YGPAXPAX@Z,0x00421BBB
?Rva0078EF80New@@YGPAXPAX@Z,0x0040C4AA
?Rva0078F000New@@YGPAXPAX@Z,0x004309C2
?Rva0078F080New@@YGPAXPAX@Z,0x0040B384
?Rva0078F100New@@YGPAVRva007903F0VptrCtor@@PAX@Z,0x00427DAE
?Rva0078F180New@@YGPAVRva00790480VptrCtor@@PAX@Z,0x00439586
?Rva0078F200New@@YGPAVRva00793150VptrCtor@@PAX@Z,0x00401956
?Rva0078F280New@@YGPAVRva007931B0VptrCtor@@PAX@Z,0x0042AFD1
?Rva0078F300New@@YGPAVRva007996A0VptrCtor@@PAX@Z,0x00420063
?Rva0078F380New@@YGPAVRva00799730VptrCtor@@PAX@Z,0x00449CC4
?Rva0078F400New@@YGPAVRva00790C40VptrCtor@@PAX@Z,0x0040E70F
?Rva0078F480New@@YGPAVRva00790CD0VptrCtor@@PAX@Z,0x0042251B
?Rva007D1AA0FadeCurrentFrame@@3HA,0x013071B4
?Rva007D1AA0FadeDirection@@3HA,0x013071AC
?Rva007D1AA0FadeFrames@@3HA,0x013071B0
?Rva007D1AA0FadeValue@@3MA,0x013071A8
?Rva007D1E60FadeValue@@3MA,0x013071A8
?Rva007D31C0FadeCurrentFrame@@3HA,0x013071C8
?Rva007D31C0FadeDirection@@3HA,0x013071C0
?Rva007D31C0FadeFrames@@3HA,0x013071C4
?Rva007D31C0FadeValue@@3MA,0x013071BC
?Rva007D3580FadeValue@@3MA,0x013071BC
?Rva007D6B70Instance01307228@@3VRva007D6B70@@A,0x01307228
?Rva007D6B70Slot012F9CEC@@3PAVRva007D6B70@@A,0x012F9CEC
?Rva007DB820FadeCurrentFrame@@3HA,0x0130733C
?Rva007DB820FadeDirection@@3HA,0x01307334
?Rva007DB820FadeFrames@@3HA,0x01307338
?Rva007DB820FadeValue@@3MA,0x01307330
?Rva007DCA80Active@@3PAXA,0x012F9CE0
?Rva007EB710Global@@3PAVRva007EB710Object@@A,0x0130A5A0
?Rva007EB820@@YAXXZ,0x00BEB820
?Rva007F62E0Callback@@YAXPAVRva007E8810Message@@PAVRva007F6260GameBrowser@@@Z,0x00BF62E0
?Rva007F6730Callback@@YAXPAVRva007E8810Message@@PAVRva007F6740Receiver@@@Z,0x00BF6730
?Rva007F79F0Callback@@YAXPAVRva007E8810Message@@PAVRva007F7980Browser@@@Z,0x00BF79F0
?Rva007F7AD0Callback@@YAXPAVRva007E8810Message@@PAVRva007F7980Browser@@@Z,0x00BF7AD0
?Rva007F8640Callback@@YAXPAXPAVBfmeHostBT@@@Z,0x00BF8640
?Rva00807CF0@@YAHPAXH0@Z,0x00C07CF0
?Rva00814020@@YAXXZ,0x00C14020
?Rva00815780@@YAXXZ,0x00C15780
?Rva00815890@@YAXXZ,0x00C15890
?Rva0081AE10@@YAXXZ,0x00C1AE10
?Rva0081B000@@YAXXZ,0x00C1B000
?Rva0081BA40@@YAXXZ,0x00C1BA40
?Rva0081D7C0FieldParseTable@@3QBUFieldParse@@B,0x0112CDA0
?Rva00826740BigInit@@3URva00826740Big@@B,0x012C56A8
?Rva00826740SmallInit@@3URva00826740Small@@B,0x012C5628
?Rva00873960D0@@3HA,0x013564C4
?Rva00873960D1@@3HA,0x013564A4
?Rva00873960D2@@3HA,0x01356364
?Rva00873960D3@@3HA,0x01356564
?Rva00873960D4@@3HA,0x01356384
?Rva00873960D5@@3HA,0x01356484
?Rva00873960D6@@3HA,0x01356344
?Rva00873960D7@@3HA,0x01356464
?Rva00873960D8@@3HA,0x01356504
?Rva00873960D9@@3HA,0x013564E4
?Rva00873960Src@@3HA,0x0135654C
?Rva008791E0Handles@@3URva008791E0Table@@A,0x013563A0
?Rva00885430Address@@3PADA,0x01336CF4
?Rva00885430Resolved@@3HA,0x01336D00
?Rva0088E000DialogProc@@YGHPAXIIJ@Z,0x00C8E000
?Rva00892ED0ReleaseTable@@3PAP6AXPAX@ZA,0x01337A30
?Rva008A1DF0@@YAPAXPAURva008A1DF0State@@H@Z,0x00CA1DF0
?Rva008A30A0ReleasePtr@@3P6AXPAX@ZA,0x0133782C
?Rva008A4AC0First@@3PAURva008A4AC0Object@@A,0x01337AC0
?Rva008A4AC0Second@@3PAURva008A4AC0Object@@A,0x01337AC4
?Rva008A51B0RandomScale@@3MB,0x011366D8
?Rva008A5250KeyTable@@3QBHB,0x011364B0
?Rva008A5250LastKey@@3IA,0x013387AC
?Rva008A5380Holder@@3PADA,0x013377D8
?Rva008A6390GetterA@@3P6AMXZA,0x013378C8
?Rva008A6390GetterB@@3P6AMXZA,0x013378CC
?Rva008AC750Lower@@3MB,0x01097108
?Rva008AC750Span@@3MB,0x01136850
?Rva008AC750TwoPi@@3NB,0x01126CE8
?Rva008AE770TheStack@@3URva008AE770Stack@@A,0x01338748
?Rva008AE770TheStack@@3VRva008AE770Stack@@A,0x01338748
?Rva008AE770TheStack@@3VRva008CF3C0State@@A,0x01338748
?Rva008AF330Head@@3PAVRva008A4C00Value@@A,0x013387CC
?Rva008C3B60Head@@3PAURva008C3B60Node@@A,0x01338478
?Rva008C3B60Head@@3PAVRva008A9B00@@A,0x01338478
?Rva008C5480@@YAXXZ,0x008C5480
?Rva008C5D70Alloc@@3P6APAXI@ZA,0x01337828
?Rva008D2950Head@@3PAURva008D2950Node@@A,0x013387CC
?Rva008D2960Head@@3PAURva008D2960Node@@A,0x013387CC
?Rva008D29B0Head@@3PAURva008D29B0Node@@A,0x013387CC
?Rva008D29C0Head@@3PAURva008D29C0Node@@A,0x013387D0
?Rva008D29D0Head@@3PAURva008D29D0Node@@A,0x013387D0
?Rva008D2A20Head@@3PAURva008D2A20Node@@A,0x013387D0
?Rva008D2A30Head@@3PAURva008D2A30Node@@A,0x013387D4
?Rva008D2A40Head@@3PAURva008D2A40Node@@A,0x013387D4
?Rva008D2A90Head@@3PAURva008D2A90Node@@A,0x013387D4
?Rva00959410Dispatch@@3URva00959410Ptr@@A,0x0134B280
?Rva009A6600InitBlocks@@YAXPAX@Z,0x00DA6600
?Rva009A7030@@YAXXZ,0x00DA7030
?Rva009A7040@@YAXXZ,0x00DA7040
?Rva009A7300@@YAXXZ,0x00DA7300
?Rva009A74D0@@YAXXZ,0x00DA74D0
?Rva009A7B00@@YAXXZ,0x00DA7B00
?Rva009A8110@@YAXXZ,0x00DA8110
?Rva009A91D0@@YAXXZ,0x00DA91D0
?Rva009A92D0@@YAXXZ,0x00DA92D0
?Rva009A9370@@YAXXZ,0x00DA9370
?Rva009A9550@@YAXPBXHPAX@Z,0x00DA9550
?Rva009A9660@@YAXPAEHI@Z,0x00DA9660
?Rva009A9720@@YAXPAEHI@Z,0x00DA9720
?Rva009A98E0@@YAXPBXHPAX@Z,0x00DA98E0
?Rva009A9920@@YAXPAEHI@Z,0x00DA9920
?Rva009A9960@@YAXPAXHI@Z,0x00DA9960
?Rva009A9980@@YAXPBEHIIPAEHII@Z,0x00DA9980
?Rva009A9A20@@YAXPBEHIIPAEHII@Z,0x00DA9A20
?Rva009ACBA0SetupBounding@@YAPAHPAURva009ACBA0Context@@H@Z,0x00DACBA0
?Rva009ACF90@@YAXXZ,0x00DACF90
?Rva009ADD80@@YAXXZ,0x00DADD80
?Rva009AE6A0@@YAXXZ,0x00DAE6A0
?Rva009AF490SetupBounding@@YAPAHPAURva009AF490Context@@H@Z,0x00DAF490
?Rva009AF570FilterVert@@YAXPAXPAEHPBH@Z,0x00DAF570
?Rva009AF6A0FilterHoriz@@YAXPAXPAEHPBH@Z,0x00DAF6A0
?Rva009AF840FilterVert@@YAXHPAEH@Z,0x00DAF840
?Rva009AFA60FilterHoriz@@YAXHPAEH@Z,0x00DAFA60
?Rva009AFCA0FilterVert@@YAXHPAEH@Z,0x00DAFCA0
?Rva009AFEC0FilterHoriz@@YAXHPAEH@Z,0x00DAFEC0
?Rva009B10E0@@YAXXZ,0x00DB10E0
?Rva009B18D0@@YAXXZ,0x00DB18D0
?Rva009B3650FilterVert@@YAXPAXPAEHPBH@Z,0x00DB3650
?Rva009B3710FilterHoriz@@YAXPAXPAEHPBH@Z,0x00DB3710
?Rva009B3A00Source@@3PAGA,0x012D88B8
?Rva009B3A00Table@@3PAGA,0x01356640
?Rva009B6BB0@@YAXPAURva009B6BB0Context@@HHHH@Z,0x00DB6BB0
?Rva009B6D40@@YAPAHPAURva009B6D40Context@@H@Z,0x00DB6D40
?Rva009B6D80@@YAXXZ,0x00DB6D80
?Rva009BD570@@YAXXZ,0x00DBD570
?Rva009C0D10Src@@3PAGA,0x01356A7C
?Rva009C0D10Table@@3PAGA,0x013566C0
?Rva009C2CE0@@YAXXZ,0x00DC2CE0
?Rva009C3630@@YAXXZ,0x00DC3630
?Rva009C3CF0@@YAXXZ,0x00DC3CF0
?Rva009C3D50@@YAXXZ,0x00DC3D50
?Rva009C4450@@YAXXZ,0x00DC4450
?Rva009C4DF0@@YAXPAFPAEPBFH@Z,0x00DC4DF0
?Rva009C4E90@@YAXPAFPAEPBEPBFH@Z,0x00DC4E90
?Rva009C5080@@YAXPAFPAEPBE2PBFH@Z,0x00DC5080
?Rva009C5360@@YAXPAF0PAEH@Z,0x00DC5360
?Rva009C5890@@YAXXZ,0x00DC5890
?Rva009C5D60@@YAXXZ,0x00DC5D60
?Rva009C6360@@YAXXZ,0x00DC6360
?Rva009C6900@@YAXXZ,0x00DC6900
?Rva009C6A30@@YAXXZ,0x00DC6A30
?Rva009C6D20@@YAXXZ,0x00DC6D20
?Rva009C77C0@@YAXXZ,0x00DC77C0
?Rva009C80C0@@YAXXZ,0x00DC80C0
?Rva00C75334One@@3MB,0x01075334
?Rva00C75350Zero@@3MB,0x01075350
?Rva00D24718ModelConditionInfoFieldParse@@3QBUFieldParse@@B,0x01124718
?Rva00D3E7ECPrefixWord@@3GB,0x0113E7EC
?Rva00D3E7EEPrefixByte@@3EB,0x0113E7EE
?Rva00DEFBE0ThreadProc@@YAXPAX@Z,0x00DEFBE0
?Rva00ED6848IdentityMatrix@@3VMatrix3D@@A,0x012D6848
?Rva00EF1000Global@@3URva00EF1000Storage@@A,0x012F1000
?doubleClickTime@@3IA,0x012F3640
?Rva00EF3884BriefingList@@3V?$list@VUnicodeString@@V?$allocator@VUnicodeString@@@_STL@@@_STL@@A,0x012F3884
?Rva00F071D4Target986B@@3PADA,0x013071D4
?Rva00F4FAACRegistry@@3PAVRva009EEC60Registry@@A,0x0134FAAC
?Rva0109BF40ZeroRange@@3MB,0x0109BF40
?Rva010A65BCProbabilityError@@3QBDB,0x010A65BC
?Rva01106F04@@3HB,0x01106F04
?Rva01113520@@3MB,0x01113520
?Rva011172B0SoundFields@@3PAUFieldParse@@A,0x011172B0
?Rva01126A68Threshold@@3MA,0x01126A68
?Rva01142BA0Table@@3QBGB,0x01142BA0
?Rva01143860Mask@@3QBEB,0x01143860
?Rva01143870Round@@3QBGB,0x01143870
?Rva01143880Half@@3QBGB,0x01143880
?Rva011438A0Limit@@3QBEB,0x011438A0
?Rva011438B0Bias@@3QBEB,0x011438B0
?Rva012A687CNames@@3PAPBDA,0x012A687C
?Rva012AA3D8@@3PAHA,0x012AA3D8
?Rva012AEE3CTransportHealthRegenScale@@3MA,0x012AEE3C
?Rva012B577CNames@@3PAPBDA,0x012B577C
?Rva012B7F9CNames@@3PAPBDA,0x012B7F9C
?Rva012B8044Image@@3PBDB,0x012B8044
?Rva012B8048Image@@3PBDB,0x012B8048
?Rva012B804CImage@@3PBDB,0x012B804C
?Rva012B8050Image@@3PBDB,0x012B8050
?Rva012B8054Image@@3PBDB,0x012B8054
?Rva012B8058Image@@3PBDB,0x012B8058
?Rva012B805CImage@@3PBDB,0x012B805C
?Rva012B8060Image@@3PBDB,0x012B8060
?Rva012B8064Image@@3PBDB,0x012B8064
?Rva012BAFA8Shader@@3VShaderClass@@A,0x012BAFA8
?Rva012BB14CShader@@3VShaderClass@@A,0x012BB14C
?Rva012BB150Shader@@3VShaderClass@@A,0x012BB150
?Rva012BB88CAnimModeNames@@3PAPBDA,0x012BB88C
?Rva012BBF14Shader@@3VShaderClass@@A,0x012BBF14
?Rva012D5298Empty@@3URva00893410Block@@A,0x012D5298
?Rva012D6D75@@3_NA,0x012D6D75
?Rva012D6D80@WW3D@@0HA,0x012D6D80
?Rva012D6D84@WW3D@@0_NA,0x012D6D84
?Rva012D6D90Byte@@3EA,0x012D6D90
?Rva012D6D98FilterMode@@3W4TextureFilterMode@@A,0x012D6D98
?Rva012D6DFCShaderDirty@@3_NA,0x012D6DFC
?Rva012D6E08Shader@@3IA,0x012D6E08
?Rva012D88D0Round@@3QBGB,0x012D88D0
?Rva012ED238Global@@3PAXA,0x012ED238
?Rva012ED5AC@@3PAVOptionPreferences@@A,0x012ED5AC
?Rva012ED5C8@@3PAXA,0x012ED5C8
?Rva012ED8B8NoneMask@@3URva0021FC80Mask@@B,0x012ED8B8
?Rva012F079C@@3PAVRva012F079CInterface@@A,0x012F079C
?Rva012F0898TheGameLogic@@3PAURva012F0898GameLogic@@A,0x012F0898
?Rva012F08A0@@3_NA,0x012F08A0
?Rva012F1484@@3PAXA,0x012F1484
?Rva012F1600@@3PAVRva012F1600Interface@@A,0x012F1600
?Rva012F1B38@@3PAXA,0x012F1B38
?Rva012F4134@@3HA,0x012F4134
?Rva012F415C@@3PAVGameWindow@@A,0x012F415C
?Rva012F4180@@3_NA,0x012F4180
?Rva012F4820QuickMatchWindows@@3PAVRva00506720Windows@@A,0x012F4820
?Rva012F4AACLoginScreen@@3PAURva004EE510Login@@A,0x012F4AAC
?Rva012F4B3CProfile@@3PAVRva00566EC0Profile@@A,0x012F4B3C
?Rva012F4B50ScoreScreen@@3PAVBfmeAptScreenScoreScreen@@A,0x012F4B50
?Rva012F4B54Skirmish@@3PAVBfmeAptScreenSkirmish@@A,0x012F4B54
?Rva012F7078Region@@3URegion2D@@A,0x012F7078
?Rva012F7194@@3PAVRva012F7194Slots@@A,0x012F7194
?Rva012F71B4Buddy@@3PAVRva006549C0BuddyView@@A,0x012F71B4
?Rva012F8048StateInstance@@3PAURva012F8048State@@A,0x012F8048
?Rva012F8058@@3PAVRva00712F60@@A,0x012F8058
?Rva012F805C@@3PAVRTS2DScene@@A,0x012F805C
?Rva012F8060@@3PAVRva00711B00@@A,0x012F8060
?Rva012b4f5c@@3PAPBDA,0x012B4F5C
?Rva012ed668@@3PAVRva0041D290Audio@@A,0x012ED668
?Rva012ef214@@3PAVRva0041D290Manager@@A,0x012EF214
?Rva012ef4cc@@3PAVRva0041D290Client@@A,0x012EF4CC
?Rva012f4ca8@@3PAVAnim2DCollection@@A,0x012F4CA8
?Rva01307178@@3PAVRva007C2CD0Receiver@@A,0x01307178
?Rva0130B19CVideoTable@@3V?$vector@UVideo@@V?$allocator@UVideo@@@_STL@@@_STL@@A,0x0130B19C
?Rva0130EA00GuardWords@@3HA,0x0130EA00
?Rva01336E50EmptyAscii@@3VAsciiString@@B,0x01336E50
?Rva01336E50EmptyString@@3VAsciiString@@A,0x01336E50
?Rva01336E50EmptyString@@3VAsciiString@@B,0x01336E50
?Rva01336E50Str@@3UBfmeEmptyString@@A,0x01336E50
?Rva01336E50Str@@3URva002E5FF0Str@@A,0x01336E50
?Rva01336E50Str@@3VAsciiString@@B,0x01336E50
?Rva01336E50Str@@3VRva002E5FF0Str@@A,0x01336E50
?Rva01336E50Str@@3VRva0036CA00Str@@A,0x01336E50
?Rva01336E54EmptyUnicode@@3VUnicodeString@@B,0x01336E54
?Rva01336e50@@3VAsciiString@@A,0x01336E50
?Rva01337828Allocate@@3P6APAXI@ZA,0x01337828
?Rva013378B8@@3P6AHPBDH@ZA,0x013378B8
?Rva013378BC@@3P6AHPAXH@ZA,0x013378BC
?Rva01337A30ReleaseTable@@3PAP6AXPAX@ZA,0x01337A30
?Rva01338478FreeHead@@3PAVRva008A9B00@@A,0x01338478
?Rva01338748Stack@@3VRva008AE770Stack@@A,0x01338748
?Rva01338748State@@3URva008A1940Interpreter@@A,0x01338748
?Rva013387D0@@3PAURva008A1110Value@@A,0x013387D0
?Rva013387D0Head@@3PAURva008CD740Integer@@A,0x013387D0
?Rva013387D0Head@@3PAURva008CD8E0Integer@@A,0x013387D0
?Rva013387D0Head@@3PAURva008D2A30Node@@A,0x013387D0
?Rva013387D0Head@@3PAURva008D32B0Value@@A,0x013387D0
?Rva013387D0Head@@3PAVAptValue@@A,0x013387D0
?Rva0133F42B@WW3D@@0_NA,0x0133F42B
?Rva0133F42D@WW3D@@0_NA,0x0133F42D
?Rva0133F451Snapshot@@3_NA,0x0133F451
?Rva0133F478Textures@@3PAPAURva006C9270Texture@@A,0x0133F478
?Rva0133F478Textures@@3PAPAVRva006C9270Texture@@A,0x0133F478
?Rva0133F49CChanged@@3IA,0x0133F49C
?Rva01340510Device@@3PAXA,0x01340510
?Rva01340534Device@@3PAUGen00920BC0Device@@A,0x01340534
?Rva01340534Device@@3PAURva006C9270Device@@A,0x01340534
?Rva01340534Device@@3PAURva006D4FF0Device@@A,0x01340534
?Rva01340534Device@@3PAURva007BB060Device@@A,0x01340534
?Rva01340534Device@@3PAURva00903470Device@@A,0x01340534
?Rva01340534Device@@3PAURva00903C20Device@@A,0x01340534
?Rva01340534Device@@3PAURva00904BE0Device@@A,0x01340534
?Rva01340534Device@@3PAURva00910F10Device@@A,0x01340534
?Rva01340534Device@@3PAVRva006C9270Device@@A,0x01340534
?Rva01340534DeviceB@@3PAURva006C9270Device@@A,0x01340534
?Rva01340534DeviceB@@3PAURva007D9940Device@@A,0x01340534
?Rva01340534DeviceGlobal@@3PAURva01340534Device@@A,0x01340534
?Rva01340560TextureChanges@@3IA,0x01340560
?Rva01340568StageChanges@@3IA,0x01340568
?Rva01340594DX8Calls@@3IA,0x01340594
?Rva01340EC0Shader@@3IA,0x01340EC0
?Rva01340EC4Material@@3PAVVertexMaterialClass@@A,0x01340EC4
?Rva01341120VertexBuffers@@3PAPAVVertexBufferClass@@A,0x01341120
?Rva01341128IndexBuffer@@3PAVIndexBufferClass@@A,0x01341128
?Rva01341214IndexBuffer@@3PAVDX8IndexBufferClass@@A,0x01341214
?Rva01341218SortingIndexBuffer@@3PAVSortingIndexBufferClass@@A,0x01341218
?Rva0134CB48FileSystem@@3PAVFileSystem@@A,0x0134CB48
?Rva0134D4B8FormatBuffer@@3PADA,0x0134D4B8
?Rva0134FAA0@@3PAVRva009EB960@@A,0x0134FAA0
?SHADOW_INDEX_SIZE@@3HA,0x012BBEC4
?SHADOW_VERTEX_SIZE@@3HA,0x012BBEC0
?SPHERE_EMISSION_VOLUME_MODULE_TEMPLATE_PARSE_TABLE@FXParticleSystem@@3QBDB,0x01114144
?SPHERICAL_EMISSION_VELOCITY_MODULE_TEMPLATE_PARSE_TABLE@FXParticleSystem@@3QBDB,0x011140D8
?STREAK_DRAW_MODULE_TEMPLATE_PARSE_TABLE@FXParticleSystem@@3QBDB,0x01113A20
?Screen005999B0@@3PAXA,0x012F4B98
?ScreenCurrentShader@@3IA,0x01340EC0
?ScreenDevice@@3PAUBfmeDevice@@A,0x01340534
?ScreenDevice@@3PAUDevice@@A,0x01340534
?ScreenHilightFilterActive@@3PAXA,0x012F9CDC
?ScreenMaterial@@3PAVVertexMaterialClass@@A,0x01340EC4
?ScreenNumberOfCalls@@3IA,0x01340594
?ScreenOpaqueShader@@3IA,0x012D6E08
?ScreenOpaqueShader@@3VShaderClass@@A,0x012D6E08
?ScreenRenderStateChanges@@3IA,0x01340564
?ScreenRenderStates@@3PAIA,0x01340100
?ScreenShaderDirty@@3_NA,0x012D6DFC
?ScreenSnapshot@@3_NA,0x0133F451
?ScreenStateChanges@@3IA,0x01340564
?ScreenTextureStageStateChanges@@3IA,0x01340568
?ScreenTextureStageStates@@3PAY0CA@IA,0x0133F9E0
?ScreenTotalChanges@@3IA,0x01340594
?ScriptDebugMessagesDisabled@@3_NA,0x012ED4D8
?SettingsGlobal0040F780@@3PAUSettings0040F780@@A,0x012ED5C8
?ShaderDirty@ShaderClass@@1_NA,0x012D6DFC
?ShaderDirty@ShaderClass@@2_NA,0x012D6DFC
?ShaderDisplay@@3PAVDisplay@@A,0x012F1270
?ShaderQuadBuffer@@3PAVVertexBufferClass@@A,0x012F9D1C
?ShaderQuadDevice@@3PAUResource@@A,0x01340534
?ShaderQuadIndex@@3HA,0x012F9D20
?ShaderTacticalView@@3PAVView@@A,0x012F1600
?ShadowCameraPosition@@3VVector3@@A,0x01306EF0
?ShadowManager01306EEC@@3PAUShadowData00747FF0@@A,0x01306EEC
?ShadowPoolA@@3UShadowPool@@A,0x01306F3C
?ShadowPoolALimit@@3HA,0x01306F4C
?ShadowPoolB@@3UShadowPool@@A,0x01306F54
?ShadowPoolBLimit@@3HA,0x01306F64
?ShakeIntensities@@3PAPBDA,0x012B3E40
?ShdRenderer@ShdRendererClass@@0PAV1@A,0x012F06AC
?SideHash@@3V?$HashTemplateClass@UTriangleSide@@USideIndexInfo@@@@A,0x012D71E8
?SnapshotActivated@DX8Wrapper@@2_NA,0x0133F451
?SnapshotActivated@WW3D@@0_NA,0x0133F451
?SnapshotActivated@WW3D@@2_NA,0x0133F451
?SnmpExtensionInitPtr@@3P6GHKPAPAXPAUAsnObjectIdentifier@@@ZA,0x012F71AC
?SnmpExtensionQueryPtr@@3P6GHEPAUSnmpVarBindList@@PAJ1@ZA,0x012F71A8
?SnmpUtilMemAllocPtr@@3P6GPAXK@ZA,0x012F71A4
?SnmpUtilMemFreePtr@@3P6GXPAX@ZA,0x012F71A0
?SortingQuads@@3PAVSortingIndexBufferClass@@A,0x01341230
?SortingTris@@3PAVSortingIndexBufferClass@@A,0x0134122C
?SoundFXNuggetFieldParse@@3QBUFieldParse@@B,0x010F259C
?StaticGameLODNames@@3PAPBDA,0x012A73E4
?StructureCollapsePhaseNames@@3QBQBDB,0x012B232C
?SupplyCenterDockUpdateModuleDataFieldParse@@3QBUFieldParse@@B,0x010CB060
?SupplyWarehouseDockUpdateModuleDataFieldParse@@3QBUFieldParse@@B,0x010CB294
?Surfaces@@3PAPBDA,0x012B3E34
?SyncTime@WW3D@@0IA,0x0133F420
?SyncTime@WW3D@@2IA,0x0133F420
?SystemTime@@3VSysTimeClass@@A,0x0134EE0C
?TERRAIN_COLLISION_MODULE_TEMPLATE_PARSE_TABLE@FXParticleSystem@@3QBDB,0x01114518
?TerrainScorchFXNuggetFieldParse@@3QBUFieldParse@@B,0x010F336C
?TextureBitDepth@DX8Wrapper@@1HA,0x012D6DC0
?TextureFilter@WW3D@@0HA,0x012D6D98
?TextureStageStates@DX8Wrapper@@0PAY0CA@IA,0x0133F9E0
?TextureStageStates@DX8Wrapper@@1PAY0CA@IA,0x0133F9E0
?TextureStageStates@DX8Wrapper@@2PAY0CA@IA,0x0133F9E0
?Textures@DX8Wrapper@@0PAPAUIDirect3DBaseTexture8@@A,0x0133F478
?Textures@DX8Wrapper@@1PAPAUIDirect3DBaseTexture8@@A,0x0133F478
?Textures@DX8Wrapper@@2PAPAUIDirect3DBaseTexture8@@A,0x0133F478
?TheAI@@3PAUMemberAIService00245420@@A,0x012EF214
?TheAI@@3PAUMemberAIService0024E310@@A,0x012EF214
?TheAI@@3PAVAI@@A,0x012EF214
?TheAI@@3PAVAIInterface@@A,0x012EF214
?TheAI@@3PAVBfmeAI@@A,0x012EF214
?TheAI@@3PAVRva002B7C80AI@@A,0x012EF214
?TheAI@@3PAXA,0x012EF214
?TheAIUpdateInterfacePool@?1??getClassMemoryPool@AIUpdateInterface@@CAPAVMemoryPool@@XZ@4PAV3@A,0x012EFE30
?TheActionManager@@3PAVActionManager@@A,0x012ED700
?TheActionManager@@3PAVBFMEActionManager@@A,0x012ED700
?TheActiveBodyPool@?1??getClassMemoryPool@ActiveBody@@CAPAVMemoryPool@@XZ@4PAV3@A,0x012EF928
?TheAerialPathfinder@@3PAVAerialPathfinder@@A,0x012EF1F8
?TheAlpha@@3PAVGenAlpha@@A,0x01306F18
?TheAnim2DCollection@@3PAVAnim2DCollection@@A,0x012F4CA8
?TheAnimatedParticleSysBoneClientUpdatePool@?1??getClassMemoryPool@AnimatedParticleSysBoneClientUpdate@@CAPAVMemoryPool@@XZ@4PAV3@A,0x012F7018
?TheAnimationSoundClientBehaviorGlobalSetting@@3UAnimationSoundClientBehaviorGlobalSetting@@A,0x012B4D44
?TheAptPalantir@@3PAVAptPalantir@@A,0x012F4B98
?TheAptSaveLoad@@3PAVAptSaveLoad@@A,0x012F4B44
?TheArchiveFileSystem@@3PAVArchiveFileSystem@@A,0x0134CC50
?TheArmorStore@@3PAVArmorStore@@A,0x012EF4E8
?TheArmorUpgradePool@?1??getClassMemoryPool@ArmorUpgrade@@CAPAVMemoryPool@@XZ@4PAV3@A,0x012F0514
?TheAssaultTransportAIUpdatePool@?1??getClassMemoryPool@AssaultTransportAIUpdate@@CAPAVMemoryPool@@XZ@4PAV3@A,0x012F0244
?TheAssistedTargetingUpdatePool@?1??getClassMemoryPool@AssistedTargetingUpdate@@CAPAVMemoryPool@@XZ@4PAV3@A,0x012EFE38
?TheAttributeModifierDefinitionStore@@3PAUAttributeModifierDefinitionStore@@A,0x012F07E4
?TheAttributeModifierDefinitionStore@@3PAVAttributeModifierDefinitionStore@@A,0x012F07E4
?TheAttributeModifierDefinitionStore@@3PAVRva003678E0AttributeLookup@@A,0x012F07E4
?TheAudio@@3PAVAudioManager@@A,0x012ED668
?TheAudio@@3PAVRva003CC890Audio@@A,0x012ED668
?TheAudio@@3PAVRva004910C0Audio@@A,0x012ED668
?TheAudio@@3PAVRva0051D690Audio@@A,0x012ED668
?TheAudio@@3PAVRva007E5420AudioManager@@A,0x012ED668
?TheAudioClientUpdate@@3PAURva005A00B0AudioClient@@A,0x012ED668
?TheAudioClientUpdate@@3PAVAudioClient@@A,0x012ED668
?TheAudioClientUpdate@@3PAVAudioClientUpdate@@A,0x012ED668
?TheAudioClientUpdate@@3PAVAudioClientUpdateSub@@A,0x012ED668
?TheAudioClientUpdate@@3PAVBfmeAudioClient@@A,0x012ED668
?TheAudioClientUpdate@@3PAVBfmeAudioManager002EF2A0@@A,0x012ED668
?TheAudioClientUpdate@@3PAVClientSubsystem@@A,0x012ED668
?TheAudioClientUpdate@@3PAVRva0051D690Audio@@A,0x012ED668
?TheAudioClientUpdate@@3PAVRva005A00B0AudioClient@@A,0x012ED668
?TheAudioClientUpdate@@3PAXA,0x012ED668
?TheAudioClientUpdate@@3RAVBfmeAudioManager002EF310@@A,0x012ED668
?TheAutoDepositUpdatePool@?1??getClassMemoryPool@AutoDepositUpdate@@CAPAVMemoryPool@@XZ@4PAV3@A,0x012EFE50
?TheAutoFindHealingUpdatePool@?1??getClassMemoryPool@AutoFindHealingUpdate@@CAPAVMemoryPool@@XZ@4PAV3@A,0x012EFE58
?TheAutoHealBehaviorPool@?1??getClassMemoryPool@AutoHealBehavior@@CAPAVMemoryPool@@XZ@4PAV3@A,0x012EF764
?TheBFMEDrawableFactory@@3PAVBFMEDrawableFactory@@A,0x012F1464
?TheBannerUI@@3PAVBannerUI@@A,0x012F4B70
?TheBattlePlanUpdateOwner@@3PAVBattlePlanUpdateOwner@@A,0x012ED668
?TheBattlePlanUpdatePool@?1??getClassMemoryPool@BattlePlanUpdate@@CAPAVMemoryPool@@XZ@4PAV3@A,0x012EFEA4
?TheBeaconClientUpdatePool@?1??getClassMemoryPool@BeaconClientUpdate@@CAPAVMemoryPool@@XZ@4PAV3@A,0x012F7020
?TheBeta@@3PAVGenBeta@@A,0x01307178
?TheBfmeAptScreenMapTransfer@@3PAVBfmeAptScreenMapTransfer@@A,0x012F496C
?TheBfmeAttributePool@@3UBfmeAttributeEntryPool@@A,0x012F1000
?TheBfmeAttributePool@@3UBfmeAttributePool@@A,0x012F1000
?TheBfmeAttributePool@@3VBfmeAttributePool@@A,0x012F1000
?TheBfmeAudio491110@@3PAVBfmeAudioManager491110@@A,0x012ED668
?TheBfmeAwakenDebug@@3PAVBfmeAwakenDebug@@A,0x01336E5C
?TheBfmeBlendBuffer@@3PADA,0x012F9E30
?TheBfmeBlendScratch@@3PADA,0x012FDE30
?TheBfmeBufferFree@@3P6AXPAXH@ZA,0x01337830
?TheBfmeCampaignManager@@3PAVBfmeDeletable@@A,0x012F49D0
?TheBfmeChainOwner@@3PAVBfmeChainOwner@@A,0x012F086C
?TheBfmeClientYB@@3PAVBfmeClientYB@@A,0x012F1464
?TheBfmeComA@@3PAUBfmeComUnknown@@A,0x01306F20
?TheBfmeComB@@3PAUBfmeComUnknown@@A,0x01306F1C
?TheBfmeCountScaleA@@3MD,0x010CDFF4
?TheBfmeCountScaleB@@3MD,0x010F02F4
?TheBfmeCrateNameDefault@@3VAsciiString@@A,0x01336E50
?TheBfmeDefaultValue@@3MA,0x01075334
?TheBfmeDisplayXL@@3PAVBfmeDisplayXL@@A,0x012F1270
?TheBfmeDisplayXW@@3PAVBfmeDisplayXW@@A,0x012F1270
?TheBfmeDownloadState@@3PAVBfmeDownloadState@@A,0x012F49B4
?TheBfmeDrawableDirtyFlags@@3HA,0x012EF418
?TheBfmeFree@@3P6AXPAXI@ZA,0x01337830
?TheBfmeGameLogic@@3PAUGameLogic@@A,0x012F0898
?TheBfmeGameLogic@@3PAURva00367E30Logic@@A,0x012F0898
?TheBfmeGameLogic@@3PAURva0075B660Logic@@A,0x012F0898
?TheBfmeGameLogic@@3PAVBfmeActiveBodySetGameLogic@@A,0x012F0898
?TheBfmeGameLogic@@3PAVBfmeB1083@@A,0x012F0898
?TheBfmeGameLogic@@3PAVBfmeGameLogic@@A,0x012F0898
?TheBfmeGameLogic@@3PAVGameLogic@@A,0x012F0898
?TheBfmeGameLogic@@3PAVGameLogicFp@@A,0x012F0898
?TheBfmeGameLogic@@3PAVGameLogicPortraitShim@@A,0x012F0898
?TheBfmeGameLogic@@3PAVRva0029AB10GameLogic@@A,0x012F0898
?TheBfmeGameLogic@@3PAVRva00367E30Logic@@A,0x012F0898
?TheBfmeGameLogic@@3PAXA,0x012F0898
?TheBfmeGameLogic@@3RAURva00367E30Logic@@A,0x012F0898
?TheBfmeGameOverGateA@@3PAVBfmeGameOverGateA@@A,0x012ED748
?TheBfmeGenAE@@3PAVBfmeGenAE@@A,0x012ED600
?TheBfmeGhostAH@@3PAVBfmeGhostAH@@A,0x012EF4FC
?TheBfmeGlobal012F706C@@3PAVBfmeGlobal012F706C@@A,0x012F706C
?TheBfmeGlobal_012ed5bc@@3PAVBfmeGlobal_012ed5bc@@A,0x012ED5BC
?TheBfmeGlobal_012ed62c@@3PAVBfmeGlobal_012ed62c@@A,0x012ED62C
?TheBfmeGlobal_012ed668@@3PAVBfmeGlobal_012ed668@@A,0x012ED668
?TheBfmeGlobal_012f076c@@3PAVBfmeGlobal_012f076c@@A,0x012F076C
?TheBfmeGlobal_012f0898@@3PAVBfmeGlobal_012f0898@@A,0x012F0898
?TheBfmeGlobal_012f142c@@3PAVBfmeGlobal_012f142c@@A,0x012F142C
?TheBfmeGlobal_012f19e8@@3PAVBfmeGlobal_012f19e8@@A,0x012F19E8
?TheBfmeGlobal_012f4b70@@3PAVBfmeGlobal_012f4b70@@A,0x012F4B70
?TheBfmeGlobal_012f4b98@@3PAVBfmeGlobal_012f4b98@@A,0x012F4B98
?TheBfmeGlobal_012f4c64@@3PAVBfmeGlobal_012f4c64@@A,0x012F4C64
?TheBfmeGlobal_012f6928@@3PAVBfmeGlobal_012f6928@@A,0x012F6928
?TheBfmeGlobal_012f706c@@3PAVBfmeGlobal_012f706c@@A,0x012F706C
?TheBfmeGlobal_012f7fe0@@3PAVBfmeGlobal_012f7fe0@@A,0x012F7FE0
?TheBfmeGlobal_012f7fe0@@3PAVRva006CCCA0Owner@@A,0x012F7FE0
?TheBfmeHandleOwner@@3PAVGlo00EF19E8@@A,0x012F19E8
?TheBfmeHeldHandle@@3HA,0x012B7430
?TheBfmeHeldResource@@3PAXA,0x012F4974
?TheBfmeHordeGlobalData@@3PAVBfmeHordeGlobalData@@A,0x012F0898
?TheBfmeImeManager@@3PAVBfmeImeManager@@A,0x012F3344
?TheBfmeImpl_002EFC30@@3PAUGen_002EFC30Impl@@A,0x012EF4CC
?TheBfmeKeyboardModifiers@@3PAVBfmeKeyboardModifiers@@A,0x012F4C50
?TheBfmeLinkHead@@3PAVBfmeLinkNode@@A,0x012EF41C
?TheBfmeLivingWorldCampaignState@@3PAVCampaignManager@@A,0x012F1028
?TheBfmeLogicXG@@3PAVBfmeLogicXG@@A,0x012F0898
?TheBfmeManagerZE@@3PAVBfmeManagerZE@@A,0x012F1B40
?TheBfmeManager_000946D0@@3PAVGen_000946D0Manager@@A,0x012ED604
?TheBfmeManager_00094700@@3PAVGen_00094700Manager@@A,0x012ED604
?TheBfmeManager_00094730@@3PAVGen_00094730Manager@@A,0x012ED604
?TheBfmeMaskTable@@3PAHA,0x0112EC4C
?TheBfmeMixFileInfoCount@@3HA,0x012F1098
?TheBfmeObject_0005C450@@3VGen_0005C450Target@@A,0x0134FB18
?TheBfmeObject_006D1870@@3VGen_006D1870Target@@A,0x012F7FF0
?TheBfmeObject_009372E0@@3VGen_009372E0Target@@A,0x01346E74
?TheBfmeObject_00C6FC80@@3VGen_00C6FC80Target@@A,0x012ED570
?TheBfmeObject_00C6FC90@@3VGen_00C6FC90Target@@A,0x012ED55C
?TheBfmeObject_00C6FCA0@@3VGen_00C6FCA0Target@@A,0x012ED548
?TheBfmeObject_00C6FCB0@@3VGen_00C6FCB0Target@@A,0x012ED534
?TheBfmeObject_00C6FE10@@3VGen_00C6FE10Target@@A,0x012EFFA0
?TheBfmeObject_00C6FE50@@3VGen_00C6FE50Target@@A,0x012F0770
?TheBfmeObject_00C6FE70@@3VGen_00C6FE70Target@@A,0x012F08A0
?TheBfmeObject_00C6FEF0@@3VGen_00C6FEF0Target@@A,0x012F1000
?TheBfmeObject_00C6FF00@@3VGen_00C6FF00Target@@A,0x012F1050
?TheBfmeObject_00C6FF10@@3VGen_00C6FF10Target@@A,0x012F10DC
?TheBfmeObject_00C6FF20@@3VGen_00C6FF20Target@@A,0x012F10F8
?TheBfmeObject_00C6FF30@@3VGen_00C6FF30Target@@A,0x012F10F4
?TheBfmeObject_00C6FF60@@3VGen_00C6FF60Target@@A,0x012F1318
?TheBfmeObject_00C6FFA0@@3VGen_00C6FFA0Target@@A,0x012F1404
?TheBfmeObject_00C6FFC0@@3VGen_00C6FFC0Target@@A,0x012F146C
?TheBfmeObject_00C6FFF0@@3VGen_00C6FFF0Target@@A,0x012F15A4
?TheBfmeObject_00C70000@@3VGen_00C70000Target@@A,0x012F1598
?TheBfmeObject_00C70010@@3VGen_00C70010Target@@A,0x012F15A8
?TheBfmeObject_00C70020@@3VGen_00C70020Target@@A,0x012F15AC
?TheBfmeObject_00C70030@@3VGen_00C70030Target@@A,0x012F15B0
?TheBfmeObject_00C70070@@3VGen_00C70070Target@@A,0x012F19B8
?TheBfmeObject_00C70080@@3VGen_00C70080Target@@A,0x012F19CC
?TheBfmeObject_00C70090@@3VGen_00C70090Target@@A,0x012F1990
?TheBfmeObject_00C700A0@@3VGen_00C700A0Target@@A,0x012F19A4
?TheBfmeObject_00C700B0@@3VGen_00C700B0Target@@A,0x012F2570
?TheBfmeObject_00C700C0@@3VGen_00C700C0Target@@A,0x012F2574
?TheBfmeObject_00C700D0@@3VGen_00C700D0Target@@A,0x012F2578
?TheBfmeObject_00C700E0@@3VGen_00C700E0Target@@A,0x012F257C
?TheBfmeObject_00C70100@@3VGen_00C70100Target@@A,0x012F3354
?TheBfmeObject_00C70110@@3VGen_00C70110Target@@A,0x012F3370
?TheBfmeObject_00C70120@@3VGen_00C70120Target@@A,0x012F3884
?TheBfmeObject_00C70130@@3VGen_00C70130Target@@A,0x012F3AF8
?TheBfmeObject_00C70140@@3VGen_00C70140Target@@A,0x012F3AFC
?TheBfmeObject_00C70150@@3VGen_00C70150Target@@A,0x012F3B00
?TheBfmeObject_00C70160@@3VGen_00C70160Target@@A,0x012F3DC4
?TheBfmeObject_00C70170@@3VGen_00C70170Target@@A,0x012F4024
?TheBfmeObject_00C70180@@3VGen_00C70180Target@@A,0x012F406C
?TheBfmeObject_00C70190@@3VGen_00C70190Target@@A,0x012F418C
?TheBfmeObject_00C701A0@@3VGen_00C701A0Target@@A,0x012F463C
?TheBfmeObject_00C701B0@@3VGen_00C701B0Target@@A,0x012F48C8
?TheBfmeObject_00C701C0@@3VGen_00C701C0Target@@A,0x012F4978
?TheBfmeObject_00C701D0@@3VGen_00C701D0Target@@A,0x012F498C
?TheBfmeObject_00C701E0@@3VGen_00C701E0Target@@A,0x012F49A0
?TheBfmeObject_00C701F0@@3VGen_00C701F0Target@@A,0x012F4B00
?TheBfmeObject_00C70500@@3VGen_00C70500Target@@A,0x012F696C
?TheBfmeObject_00C70510@@3VGen_00C70510Target@@A,0x012F6960
?TheBfmeObject_00C70610@@3VGen_00C70610Target@@A,0x012F6AD4
?TheBfmeObject_00C70620@@3VGen_00C70620Target@@A,0x012F6AC8
?TheBfmeObject_00C70640@@3VGen_00C70640Target@@A,0x012F6AA4
?TheBfmeObject_00C70650@@3VGen_00C70650Target@@A,0x012F6A98
?TheBfmeObject_00C70670@@3VGen_00C70670Target@@A,0x012F6A74
?TheBfmeObject_00C70680@@3VGen_00C70680Target@@A,0x012F6A68
?TheBfmeObject_00C706A0@@3VGen_00C706A0Target@@A,0x012F6A44
?TheBfmeObject_00C706B0@@3VGen_00C706B0Target@@A,0x012F6A38
?TheBfmeObject_00C706D0@@3VGen_00C706D0Target@@A,0x012F6A14
?TheBfmeObject_00C706E0@@3VGen_00C706E0Target@@A,0x012F6A08
?TheBfmeObject_00C708D0@@3VGen_00C708D0Target@@A,0x012F7180
?TheBfmeObject_00C70900@@3VGen_00C70900Target@@A,0x012F7784
?TheBfmeObject_00C70970@@3VGen_00C70970Target@@A,0x012F8044
?TheBfmeObject_00C709A0@@3VGen_00C709A0Target@@A,0x012F878C
?TheBfmeObject_00C709B0@@3VGen_00C709B0Target@@A,0x012F9800
?TheBfmeObject_00C709C0@@3VGen_00C709C0Target@@A,0x012F9808
?TheBfmeObject_00C70AB0@@3VGen_00C70AB0Target@@A,0x01306978
?TheBfmeObject_00C70AD0@@3VGen_00C70AD0Target@@A,0x01306C6C
?TheBfmeObject_00C70B00@@3VGen_00C70B00Target@@A,0x01306F3C
?TheBfmeObject_00C70B10@@3VGen_00C70B10Target@@A,0x01306F54
?TheBfmeObject_00C70B40@@3VGen_00C70B40Target@@A,0x01307214
?TheBfmeObject_00C70B50@@3VGen_00C70B50Target@@A,0x01307228
?TheBfmeObject_00C70B60@@3VGen_00C70B60Target@@A,0x01307284
?TheBfmeObject_00C70B70@@3VGen_00C70B70Target@@A,0x013072B8
?TheBfmeObject_00C70BA0@@3VGen_00C70BA0Target@@A,0x01307348
?TheBfmeObject_00C70BB0@@3VGen_00C70BB0Target@@A,0x013073C0
?TheBfmeObject_00C70BC0@@3VGen_00C70BC0Target@@A,0x01309C18
?TheBfmeObject_00C70BD0@@3VGen_00C70BD0Target@@A,0x0130A451
?TheBfmeObject_00C70BE0@@3VGen_00C70BE0Target@@A,0x0130A450
?TheBfmeObject_00C70C00@@3VGen_00C70C00Target@@A,0x0130A45C
?TheBfmeObject_00C70C70@@3VGen_00C70C70Target@@A,0x0130B19C
?TheBfmeObject_00C70C80@@3VGen_00C70C80Target@@A,0x0130BCAC
?TheBfmeObject_00C70CC0@@3VGen_00C70CC0Target@@A,0x0130BCB4
?TheBfmeObject_00C70DD0@@3VGen_00C70DD0Target@@A,0x0130C098
?TheBfmeObject_00C70DE0@@3VGen_00C70DE0Target@@A,0x0130C08C
?TheBfmeObject_00C70DF0@@3VGen_00C70DF0Target@@A,0x0130C0A4
?TheBfmeObject_00C70E00@@3VGen_00C70E00Target@@A,0x0130C080
?TheBfmeObject_00C70E10@@3VGen_00C70E10Target@@A,0x0130C0B0
?TheBfmeObject_00C70E20@@3VGen_00C70E20Target@@A,0x0130C074
?TheBfmeObject_00C70E30@@3VGen_00C70E30Target@@A,0x0130C0C8
?TheBfmeObject_00C70E40@@3VGen_00C70E40Target@@A,0x0130C0BC
?TheBfmeObject_00C70E50@@3VGen_00C70E50Target@@A,0x0130C0D4
?TheBfmeObject_00C70E60@@3VGen_00C70E60Target@@A,0x0130CE58
?TheBfmeObject_00C70E80@@3VGen_00C70E80Target@@A,0x012D4D04
?TheBfmeObject_00C70F00@@3VGen_00C70F00Target@@A,0x01336E50
?TheBfmeObject_00C70F10@@3VGen_00C70F10Target@@A,0x01336E54
?TheBfmeObject_00C70F80@@3VGen_00C70F80Target@@A,0x01338748
?TheBfmeObject_00C70FC0@@3VGen_00C70FC0Target@@A,0x0133F468
?TheBfmeObject_00C70FD0@@3VGen_00C70FD0Target@@A,0x01340C50
?TheBfmeObject_00C71000@@3VGen_00C71000Target@@A,0x01340EC0
?TheBfmeObject_00C71010@@3VGen_00C71010Target@@A,0x013411D0
?TheBfmeObject_00C71020@@3VGen_00C71020Target@@A,0x01341130
?TheBfmeObject_00C71030@@3VGen_00C71030Target@@A,0x013405E8
?TheBfmeObject_00C71060@@3VGen_00C71060Target@@A,0x013411F0
?TheBfmeObject_00C712B0@@3VGen_00C712B0Target@@A,0x013466C8
?TheBfmeObject_00C712C0@@3VGen_00C712C0Target@@A,0x01346718
?TheBfmeObject_00C712D0@@3VGen_00C712D0Target@@A,0x01346DB0
?TheBfmeObject_00C712E0@@3VGen_00C712E0Target@@A,0x01346DC0
?TheBfmeObject_00C712F0@@3VGen_00C712F0Target@@A,0x01346E70
?TheBfmeObject_00C71300@@3VGen_00C71300Target@@A,0x01346E74
?TheBfmeObject_00C71310@@3VGen_00C71310Target@@A,0x01346E78
?TheBfmeObject_00C71460@@3VGen_00C71460Target@@A,0x0134B158
?TheBfmeObject_00C71470@@3VGen_00C71470Target@@A,0x0134B170
?TheBfmeObject_00C71480@@3VGen_00C71480Target@@A,0x0134B188
?TheBfmeObject_00C71490@@3VGen_00C71490Target@@A,0x0134B1A0
?TheBfmeObject_00C714A0@@3VGen_00C714A0Target@@A,0x0134B1B8
?TheBfmeObject_00C71550@@3VGen_00C71550Target@@A,0x0134ECF0
?TheBfmeObject_00C71560@@3VGen_00C71560Target@@A,0x0134EDFC
?TheBfmeObject_00C71570@@3VGen_00C71570Target@@A,0x0134EDF0
?TheBfmeObject_00C71580@@3VGen_00C71580Target@@A,0x0134EDF8
?TheBfmeOnlineChat@@3PAVBfmeAptScreenOnlineChat@@A,0x012F49F0
?TheBfmeOnlineCustomMatch@@3PAVBfmeAptScreenOnlineCustomMatch@@A,0x012F49FC
?TheBfmeOnlineHomeSlot@@3PAXA,0x012F4A0C
?TheBfmeOnlineLogin@@3PAVBfmeAptScreenOnlineLogin@@A,0x012F4AAC
?TheBfmeOnlineProfileSlot@@3PAVBfmeOnlineProfileScreen@@A,0x012F4AB4
?TheBfmeOnlineProfileSlot@@3PAXA,0x012F4AB4
?TheBfmeOverrideCopyInProgress@@3_NA,0x012ED611
?TheBfmeOwner_000CBB80@@3PADA,0x00422A70
?TheBfmeOwner_00161290@@3PADA,0x0042FEE6
?TheBfmeOwner_001612B0@@3PADA,0x00408224
?TheBfmeQuickMatchScreenSlot@@3PAXA,0x012F4820
?TheBfmeReleaseOwner@@3PAVRva007ADB80Owner@@A,0x01306DE8
?TheBfmeReleaseOwner@@3PAVW3DBufferManager@@A,0x01306DE8
?TheBfmeReleaseSink@@3PAVBfmeReleaseSink@@A,0x012F12CC
?TheBfmeRenderDevice@@3PAVBfmeRenderDevice@@A,0x01340538
?TheBfmeSecondManager@@3PAVBfmeDeletable@@A,0x012F6DA4
?TheBfmeSetupFirstText@@3QBDB,0x011298AC
?TheBfmeSetupGlobal007E94A0@@3HA,0x0130A4DC
?TheBfmeSetupGlobal007E94E0@@3HA,0x0130A518
?TheBfmeSetupGlobal007E9520@@3HA,0x0130A524
?TheBfmeSetupGlobal007E9560@@3HA,0x0130A500
?TheBfmeSetupGlobal007E9860@@3HA,0x0130A4A0
?TheBfmeSetupGlobal007F26A0@@3HA,0x0130A6B4
?TheBfmeSetupGlobal007F26E0@@3HA,0x0130A648
?TheBfmeSetupGlobal007F2720@@3HA,0x0130A654
?TheBfmeSetupSecondText007E94A0@@3QBDB,0x011195A0
?TheBfmeSetupSecondText007E94E0@@3QBDB,0x011195A0
?TheBfmeSetupSecondText007E9520@@3QBDB,0x01129908
?TheBfmeSetupSecondText007E9560@@3QBDB,0x011195A0
?TheBfmeSetupSecondText007E9860@@3QBDB,0x011195A0
?TheBfmeSetupSecondText007F26A0@@3QBDB,0x0112ADB0
?TheBfmeSetupSecondText007F26E0@@3QBDB,0x0112ACA4
?TheBfmeSetupSecondText007F2720@@3QBDB,0x0112ACA4
?TheBfmeSetupText@@3QBDB,0x011298AC
?TheBfmeSetupValue_007E95A0@@3HA,0x0130A578
?TheBfmeSetupValue_007E95D0@@3HA,0x0130A494
?TheBfmeSetupValue_007E98A0@@3HA,0x0130A4C4
?TheBfmeSetupValue_007E98D0@@3HA,0x0130A53C
?TheBfmeSetupValue_007E9990@@3HA,0x0130A4D0
?TheBfmeSetupValue_007E99C0@@3HA,0x0130A56C
?TheBfmeShared012D6E2C@@3PAVBfmeShared012D6E2C@@A,0x012D6E2C
?TheBfmeSingletonHead@@3PAVBfmeLinkedSingleton@@A,0x012F3350
?TheBfmeSpecialPowerAllowanceStore@@3PAVBfmeSpecialPowerAllowanceStore@@A,0x012F0FF8
?TheBfmeSpyXE@@3PAVBfmeSpyXE@@A,0x012F7194
?TheBfmeSumClock@@3PAUBfmeSumClock@@A,0x012F0898
?TheBfmeTarget_002EDA90@@3PAVGen_002EDA90Target@@A,0x012ED668
?TheBfmeTarget_002EDAC0@@3PAVGen_002EDAC0Target@@A,0x012ED668
?TheBfmeTarget_002F1290@@3PAVGen_002F1290Target@@A,0x012F1028
?TheBfmeTarget_00688AB0@@3PAVGen_00688AB0Target@@A,0x012F4998
?TheBfmeTarget_006BE210@@3PAVGen_006BE210Target@@A,0x012F7FE0
?TheBfmeTarget_006CDF70@@3PAVGen_006CDF70Target@@A,0x012F7FE0
?TheBfmeTarget_009EBA60@@3PAVGen_009EBA60Target@@A,0x0134FAAC
?TheBfmeTarget_009EBB40@@3PAVGen_009EBB40Target@@A,0x0134FAAC
?TheBfmeTarget_009EBB60@@3PAVGen_009EBB60Target@@A,0x0134FAAC
?TheBfmeTarget_00C70C90@@3PAVGen_00C70C90Target@@A,0x012C7464
?TheBfmeTeamFactory@@3PAVRva002BD630TeamFactory@@A,0x012ED810
?TheBfmeThresholdSource@@3PAVBfmeThresholdSource@@A,0x012ED5C8
?TheBfmeWeaponSetFlagNames@@3PAPBDA,0x012AD6B0
?TheBoneFXDamagePool@?1??getClassMemoryPool@BoneFXDamage@@CAPAVMemoryPool@@XZ@4PAV3@A,0x012EFBBC
?TheBoxFilterUVEnabled@@3_NA,0x012D6DAD
?TheBoxTextureDirtyMask@@3IA,0x0133F49C
?TheBoxTextures@@3PAPAVTextureBaseClass@@A,0x01340EC8
?TheBridgeBehaviorPool@?1??getClassMemoryPool@BridgeBehavior@@CAPAVMemoryPool@@XZ@4PAV3@A,0x012EF774
?TheBridgeTowerBehaviorPool@?1??getClassMemoryPool@BridgeTowerBehavior@@CAPAVMemoryPool@@XZ@4PAV3@A,0x012EF784
?TheBroadcastStealthInheritedFieldParse@@3QBUFieldParse@@B,0x010898A0
?TheBroadcastStealthOwnFieldParse@@3QBUFieldParse@@B,0x010BCAA0
?TheBuildAssistant@@3PAVBuildAssistant@@A,0x012ED83C
?TheBuildAssistant@@3PAVRva002B7C80BuildAssistant@@A,0x012ED83C
?TheCDManager@@3PAVCDManagerInterface@@A,0x012ED84C
?TheCRCParameterCheck@@3PAVCRCParameterCheck@@A,0x012ED4FC
?TheCRCParameterCheck@@3PAXA,0x012ED4FC
?TheCampaignManager@@3PAVCampaignManager@@A,0x012F4CB0
?TheCampaignManager@@3PAVSetupGameStartCampaignManagerView@@A,0x012F4CB0
?TheCaveContainPool@?1??getClassMemoryPool@CaveContain@@CAPAVMemoryPool@@XZ@4PAV3@A,0x012EFA38
?TheCaveSystem@@3PAVCaveSystem@@A,0x012F086C
?TheChallengeGenerals@@3PAVChallengeGenerals@@A,0x012F1260
?TheCloudBreakEffectActive@@3UCloudBreakEffect@@A,0x012F10F8
?TheCloudBreakEffectSaved@@3UCloudBreakEffect@@A,0x012F10F4
?TheCloudEffectActive@@3UCloudEffect@@A,0x012F1198
?TheCloudEffectSaved@@3UCloudEffect@@A,0x012F1108
?TheCloudEffectSystem@@3PAVCloudEffectSystem@@A,0x012F1104
?TheCloudSystem@@3PAVCloudSystem@@A,0x012F10F0
?TheCollisionManager@@3PAVCollisionManager@@A,0x012ED5C4
?TheCommandButtonHuntUpdatePool@?1??getClassMemoryPool@CommandButtonHuntUpdate@@CAPAVMemoryPool@@XZ@4PAV3@A,0x012EFEE0
?TheCommandLineFlags@@3IA,0x012A6FA0
?TheCommandList@@3PAVCommandList@@A,0x012ED5F0
?TheCommandNames@@3PAPBDA,0x012B5F80
?TheCommandSetUpgradePool@?1??getClassMemoryPool@CommandSetUpgrade@@CAPAVMemoryPool@@XZ@4PAV3@A,0x012F0548
?TheControlBar@@3PAURva002AD380ControlBar@@A,0x012F33F8
?TheControlBar@@3PAVBfmeA993@@A,0x012F33F8
?TheControlBar@@3PAVBfmeMgr977@@A,0x012F33F8
?TheControlBar@@3PAVControlBar5@@A,0x012F33F8
?TheControlBar@@3PAVControlBar@@A,0x012F33F8
?TheControlBar@@3PAVRva004C1040ControlBar@@A,0x012F33F8
?TheCostModifierUpgradePool@?1??getClassMemoryPool@CostModifierUpgrade@@CAPAVMemoryPool@@XZ@4PAV3@A,0x012F0550
?TheCrateSystem@@3PAVCrateSystem@@A,0x012F0870
?TheCrateTemplateFieldParseTable@CrateTemplate@@2QBUFieldParse@@B,0x010EA270
?TheCreateCrateDiePool@?1??getClassMemoryPool@CreateCrateDie@@CAPAVMemoryPool@@XZ@4PAV3@A,0x012EFBF4
?TheCreateObjectDiePool@?1??getClassMemoryPool@CreateObjectDie@@CAPAVMemoryPool@@XZ@4PAV3@A,0x012EFBFC
?TheCredits@@3PAVCreditsManager@@A,0x012F1260
?TheCrushDiePool@?1??getClassMemoryPool@CrushDie@@CAPAVMemoryPool@@XZ@4PAV3@A,0x012EFC04
?TheCurrentBannerMovie@@3HA,0x012B8188
?TheD3DDevice@@3PAUIDirect3DDevice9@@A,0x01340534
?TheD3DDevice@@3PAVIDirect3DDevice8@@A,0x01340534
?TheDX8Caps@@3PAVDX8CapsLike@@A,0x01340578
?TheDX8MeshRenderer@@3PAVDX8MeshRendererClass@@A,0x0134B0E8
?TheDamageFXStore@@3PAVDamageFXStore@@A,0x012ED500
?TheDamageNames@@3PAPBDA,0x012ACC70
?TheDcPool@@3VDcPool@@A,0x0134FB38
?TheDefaultProductionExitUpdatePool@?1??getClassMemoryPool@DefaultProductionExitUpdate@@CAPAVMemoryPool@@XZ@4PAV3@A,0x012F04F4
?TheDefectorSpecialPowerPool@?1??getClassMemoryPool@DefectorSpecialPower@@CAPAVMemoryPool@@XZ@4PAV3@A,0x012EFC74
?TheDeletionUpdatePool@?1??getClassMemoryPool@DeletionUpdate@@CAPAVMemoryPool@@XZ@4PAV3@A,0x012EFF00
?TheDemoTrapUpdatePool@?1??getClassMemoryPool@DemoTrapUpdate@@CAPAVMemoryPool@@XZ@4PAV3@A,0x012EFF08
?TheDeployStyleAIUpdatePool@?1??getClassMemoryPool@DeployStyleAIUpdate@@CAPAVMemoryPool@@XZ@4PAV3@A,0x012F024C
?TheDestroyDiePool@?1??getClassMemoryPool@DestroyDie@@CAPAVMemoryPool@@XZ@4PAV3@A,0x012EFC0C
?TheDisconnectMenu@@3PAVDisconnectMenu@@A,0x012F4964
?TheDisplay@@3PAVBFMERetailDisplayVTable@@A,0x012F1270
?TheDisplay@@3PAVBfmeDisplay@@A,0x012F1270
?TheDisplay@@3PAVBfmeStrVM0@@A,0x012F1270
?TheDisplay@@3PAVBfmeThingVMZ@@A,0x012F1270
?TheDisplay@@3PAVDisplay@@A,0x012F1270
?TheDisplay@@3PAVRva00491DB0Display@@A,0x012F1270
?TheDisplay@@3PAVRva004ED400Display@@A,0x012F1270
?TheDisplay@@3PAVRva004FC7C0Display@@A,0x012F1270
?TheDisplay@@3PAXA,0x012F1270
?TheDisplay@@3QAVDisplay@@A,0x012F1270
?TheDisplayShim@@3PAVDisplayShim@@A,0x012F1270
?TheDisplayStringManager@@3PAVBfmeDisplayStringManager@@A,0x012F12CC
?TheDisplayStringManager@@3PAVDisplayStringManager@@A,0x012F12CC
?TheDownloadManager@@3PAVDownloadManager@@A,0x012F70A0
?TheDozerAIUpdatePool@?1??getClassMemoryPool@DozerAIUpdate@@CAPAVMemoryPool@@XZ@4PAV3@A,0x012F0254
?TheDrawGroupInfo@@3PAUDrawGroupInfo@@A,0x012F13F8
?TheDrawGroupInfo@@3PAVDrawGroupInfo@@A,0x012F13F8
?TheDrawableIconNames@@3PAPBDA,0x012B4F5C
?TheDynamicShroudClearingRangeUpdatePool@?1??getClassMemoryPool@DynamicShroudClearingRangeUpdate@@CAPAVMemoryPool@@XZ@4PAV3@A,0x012EFF20
?TheEmotionSystem@@3PAVEmotionSystem@@A,0x012F0878
?TheEmptyString@@3HA,0x01336E50
?TheEmptyString@@3VAsciiString@@A,0x01336E50
?TheEmptyString@AsciiString@@2V1@A,0x01336E50
?TheEmptyString@AsciiString@@2V1@B,0x01336E50
?TheEmptyString@UnicodeString@@2V1@A,0x01336E54
?TheEmptyString@UnicodeString@@2V1@B,0x01336E54
?TheEmptyUnicodeString@@3VUnicodeString@@B,0x01336E50
?TheEstablishConnectionsMenu@@3PAVEstablishConnectionsMenu@@A,0x012F363C
?TheEva@@3PAVEva@@A,0x012F142C
?TheExperienceLevelSystem@@3PAVBfmeExperienceLevelSystem@@A,0x012F0888
?TheExperienceLevelSystem@@3PAVExperienceLevelSystem@@A,0x012F0888
?TheExperienceScalarUpgradePool@?1??getClassMemoryPool@ExperienceScalarUpgrade@@CAPAVMemoryPool@@XZ@4PAV3@A,0x012F0560
?TheFXListDiePool@?1??getClassMemoryPool@FXListDie@@CAPAVMemoryPool@@XZ@4PAV3@A,0x012EFC14
?TheFXListStore@@3PAVFXListStore@@A,0x012F144C
?TheFileSystem@@3PAVFileSystem@@A,0x0134CB48
?TheFireSpreadUpdatePool@?1??getClassMemoryPool@FireSpreadUpdate@@CAPAVMemoryPool@@XZ@4PAV3@A,0x012EFF48
?TheFireWeaponCollidePool@?1??getClassMemoryPool@FireWeaponCollide@@CAPAVMemoryPool@@XZ@4PAV3@A,0x012EF9C8
?TheFireWeaponUpdatePool@?1??getClassMemoryPool@FireWeaponUpdate@@CAPAVMemoryPool@@XZ@4PAV3@A,0x012EFF58
?TheFireWeaponWhenDamagedBehaviorPool@?1??getClassMemoryPool@FireWeaponWhenDamagedBehavior@@CAPAVMemoryPool@@XZ@4PAV3@A,0x012EF7C4
?TheFireWeaponWhenDeadBehaviorPool@?1??getClassMemoryPool@FireWeaponWhenDeadBehavior@@CAPAVMemoryPool@@XZ@4PAV3@A,0x012EF7CC
?TheFirewallHelper@@3PAVFirewallHelperClass@@A,0x012F7708
?TheFiringTrackerPool@?1??getClassMemoryPool@FiringTracker@@CAPAVMemoryPool@@XZ@4PAV3@A,0x012EF4F4
?TheFlammableUpdatePool@?1??getClassMemoryPool@FlammableUpdate@@CAPAVMemoryPool@@XZ@4PAV3@A,0x012EFF60
?TheFloatUpdatePool@?1??getClassMemoryPool@FloatUpdate@@CAPAVMemoryPool@@XZ@4PAV3@A,0x012EFF80
?TheFontLibrary@@3PAUFontLibraryBFMERetail@@A,0x012F1B38
?TheFontLibrary@@3PAVFontLibrary@@A,0x012F1B38
?TheFunctionLexicon@@3PAVFunctionLexicon@@A,0x012ED88C
?TheGameClient@@3PAVBfmeMoveHintGameClient@@A,0x012F1464
?TheGameClient@@3PAVClientRoot4120@@A,0x012F1464
?TheGameClient@@3PAVGameClient@@A,0x012F1464
?TheGameClient@@3PAVRva0043F110ClientRoot4120@@A,0x012F1464
?TheGameClient@@3PAVRva004FC7C0Client@@A,0x012F1464
?TheGameClientClientUpdate@@3PAVBuffManagerRegistry@@A,0x012F1464
?TheGameClientClientUpdate@@3PAVClientFrameSubsystem@@A,0x012F1464
?TheGameEngine@@3PADA,0x012ED524
?TheGameEngine@@3PAUBfmeLinearGameEngine@@A,0x012ED524
?TheGameEngine@@3PAVGameEngine@@A,0x012ED524
?TheGameInfo@@3PAVGameInfo@@A,0x012F708C
?TheGameLODManager@@3PAUBfmeGameLODManager@@A,0x012ED5AC
?TheGameLODManager@@3PAVGameLODLevelState00752F40@@A,0x012ED5AC
?TheGameLODManager@@3PAVGameLODManager@@A,0x012ED5AC
?TheGameLogic40D9@@3PAVGameLogic40D9@@A,0x012F0898
?TheGameLogic@@3PADA,0x012F0898
?TheGameLogic@@3PAUBfmeGameLogic@@A,0x012F0898
?TheGameLogic@@3PAUGameLogic@@A,0x012F0898
?TheGameLogic@@3PAUGameLogicFrameSlice@@A,0x012F0898
?TheGameLogic@@3PAUGameLogicFrameView@@A,0x012F0898
?TheGameLogic@@3PAUGameLogicState@@A,0x012F0898
?TheGameLogic@@3PAUGen_00383090@@A,0x012F0898
?TheGameLogic@@3PAURva001F9C20GameLogic@@A,0x012F0898
?TheGameLogic@@3PAURva002AD380GameLogic@@A,0x012F0898
?TheGameLogic@@3PAVBfmeClock@@A,0x012F0898
?TheGameLogic@@3PAVBfmeGameLogic@@A,0x012F0898
?TheGameLogic@@3PAVBfmeGameLogicPause@@A,0x012F0898
?TheGameLogic@@3PAVBfmeGlobFEA@@A,0x012F0898
?TheGameLogic@@3PAVGameLogic2B6240@@A,0x012F0898
?TheGameLogic@@3PAVGameLogic40D9@@A,0x012F0898
?TheGameLogic@@3PAVGameLogic@@A,0x012F0898
?TheGameLogic@@3PAVGameLogicBFMEShim@@A,0x012F0898
?TheGameLogic@@3PAVGameLogicFrameSlice@@A,0x012F0898
?TheGameLogic@@3PAVGameLogicFrameSource@@A,0x012F0898
?TheGameLogic@@3PAVGameLogicNetView@@A,0x012F0898
?TheGameLogic@@3PAVGameLogicPortraitShim@@A,0x012F0898
?TheGameLogic@@3PAVGameLogicShim@@A,0x012F0898
?TheGameLogic@@3PAVGen00371340GameLogic@@A,0x012F0898
?TheGameLogic@@3PAVRva002377A0GameLogicView@@A,0x012F0898
?TheGameLogic@@3PAVRva0036F910GameLogic@@A,0x012F0898
?TheGameLogic@@3PAVRva0038AD90GameLogic@@A,0x012F0898
?TheGameLogic@@3PAVRva004FD9B0Logic@@A,0x012F0898
?TheGameLogic@@3PAXA,0x012F0898
?TheGameLogic@@3QAVGameLogic@@A,0x012F0898
?TheGameLogic@@3RAVGameLogic@@A,0x012F0898
?TheGameLogic@@3RCVGameLogic@@C,0x012F0898
?TheGameMessageDispatcher@@3PAVGameMessageDispatcher@@A,0x012ED5EC
?TheGameResultsQueue@@3PAVGameResultsInterface@@A,0x012F71C4
?TheGameSpyBuddyMessageQueue@@3PAVGameSpyBuddyMessageQueueInterface@@A,0x012F71B4
?TheGameSpyBuddyMessageQueue@@3PAVRva0050D030ReferenceBuddyMessageQueueInterface@@A,0x012F71B4
?TheGameSpyConfig@@3PAVGameSpyConfig@@A,0x012F70E4
?TheGameSpyConfig@@3PAVGameSpyConfigInterface@@A,0x012F70E4
?TheGameSpyGame@@3PAVBfmeEstablishGameSpyGame@@A,0x012F7198
?TheGameSpyGame@@3PAVGameSpyStagingRoom@@A,0x012F7198
?TheGameSpyInfo@@3PAUGameSpyInfo@@A,0x012F7194
?TheGameSpyInfo@@3PAVBfmeGameSpyInfoView@@A,0x012F7194
?TheGameSpyInfo@@3PAVGameSpyInfo@@A,0x012F7194
?TheGameSpyInfo@@3PAVGameSpyInfoInterface@@A,0x012F7194
?TheGameSpyInfo@@3PAVRva004E5DF0GameSpyInfo@@A,0x012F7194
?TheGameSpyInfo@@3PAVRva0055CD80GameSpyInfo@@A,0x012F7194
?TheGameSpyInfo@@3PAXA,0x012F7194
?TheGameSpyPSMessageQueue@@3PAVGameSpyPSMessageQueue@@A,0x012F76F0
?TheGameSpyPSMessageQueue@@3PAVGameSpyPSMessageQueueInterface@@A,0x012F76F0
?TheGameSpyPeerMessageQueue@@3PAVGameSpyPeerMessageQueueInterface@@A,0x012F71C8
?TheGameSpyPeerMessageQueue@@3PAVRva0050D030ReferencePeerMessageQueueInterface@@A,0x012F71C8
?TheGameState@@3PAURva0075B660State@@A,0x012EF190
?TheGameState@@3PAVGameState@@A,0x012EF190
?TheGameStateMap@@3PAVGameStateMap@@A,0x012EF194
?TheGameText@@3PAVBfmeGameText@@A,0x012F147C
?TheGameText@@3PAVGameText@@A,0x012F147C
?TheGameText@@3PAVGameTextInterface@@A,0x012F147C
?TheGamma@@3PAVGenGamma@@A,0x01306DF0
?TheGarrisonContainPool@?1??getClassMemoryPool@GarrisonContain@@CAPAVMemoryPool@@XZ@4PAV3@A,0x012EFA50
?TheGen001336E5C@@3PAVBfmeDebugManager@@A,0x01336E5C
?TheGen001336E5C@@3PAVGen001336E5C@@A,0x01336E5C
?TheGen001336E5C@@3PAVSubtitleDebugManager@@A,0x01336E5C
?TheGen00587600@@3PAVGen00587600@@A,0x012F4B78
?TheGen012F496C@@3PAVGen012F496C@@A,0x012F496C
?TheGen012F6D88@@3PAVGen0090F680@@A,0x012F6D88
?TheGen012F6DFC@@3PAVGen0090F680@@A,0x012F6DFC
?TheGenActionContext@@3PAXA,0x012B7D80
?TheGenActionSink@@3PAVGenActionSink@@A,0x012F19E8
?TheGenReturner@@3PAVGenReturner@@A,0x012ED668
?TheGenSink@@3PAVGenSink@@A,0x012F12CC
?TheGhostObjectManager@@3PAVGhostObjectManager@@A,0x012EF4FC
?TheGlobalData0074BEB0@@3PBUBfmeGlobalData0074BEB0@@B,0x012ED5C8
?TheGlobalData@@3PAUGlobalData@@A,0x012ED5C8
?TheGlobalData@@3PAUGlobalDataShim@@A,0x012ED5C8
?TheGlobalData@@3PAUR4GlobalDataShim@@A,0x012ED5C8
?TheGlobalData@@3PAURetailGlobalData@@A,0x012ED5C8
?TheGlobalData@@3PAURva004B5B30GlobalData@@A,0x012ED5C8
?TheGlobalData@@3PAURva00720D10GlobalData@@A,0x012ED5C8
?TheGlobalData@@3PAVBfmeGlobalData@@A,0x012ED5C8
?TheGlobalData@@3PAVGlobalData@@A,0x012ED5C8
?TheGlobalData@@3PAVRva001A8820GlobalData@@A,0x012ED5C8
?TheGlobalData@@3PAXA,0x012ED5C8
?TheGlobalLanguageData@@3PAVGlobalLanguage@@A,0x012F1484
?TheGlobalLanguageData@@3PAVGlobalLanguageData@@A,0x012F1484
?TheGlobalWeatherSystem@@3PAURetailGlobalWeatherSystem@@A,0x012F0FE0
?TheGrantUpgradeCreatePool@?1??getClassMemoryPool@GrantUpgradeCreate@@CAPAVMemoryPool@@XZ@4PAV3@A,0x012EFB8C
?TheHAnimComboDataPool@@3V?$ObjectPoolClass@VHAnimComboDataClass@@$0BAA@@@A,0x0134BC4C
?TheHeaderTemplateManager@@3PAVHeaderTemplateManager@@A,0x012F333C
?TheHealContainPool@?1??getClassMemoryPool@HealContain@@CAPAVMemoryPool@@XZ@4PAV3@A,0x012EFA58
?TheHealCrateCollidePool@?1??getClassMemoryPool@HealCrateCollide@@CAPAVMemoryPool@@XZ@4PAV3@A,0x012EFA08
?TheHeightDieUpdatePool@?1??getClassMemoryPool@HeightDieUpdate@@CAPAVMemoryPool@@XZ@4PAV3@A,0x012EFF88
?TheHeightMap@@3PAVHeightMapRenderObjClass@@A,0x012F8008
?TheHighlanderBodyPool@?1??getClassMemoryPool@HighlanderBody@@CAPAVMemoryPool@@XZ@4PAV3@A,0x012EF978
?TheHijackerUpdatePool@?1??getClassMemoryPool@HijackerUpdate@@CAPAVMemoryPool@@XZ@4PAV3@A,0x012EFF90
?TheHotKeyManager@@3PAVHotKeyManager@@A,0x012F4C7C
?TheHouseColorSystem@@3PAVHouseColorSystem@@A,0x012F0FEC
?TheIMEManager@@3PAVIMEManager@@A,0x012F3344
?TheIMEManager@@3PAVIMEManagerInterface@@A,0x012F3344
?TheINIMacroHash@@3UINIMacroHash@@A,0x0130CE58
?TheImmortalBodyPool@?1??getClassMemoryPool@ImmortalBody@@CAPAVMemoryPool@@XZ@4PAV3@A,0x012EF980
?TheInGameUI@@3PAUInGameUI@@A,0x012F148C
?TheInGameUI@@3PAVBfmeInGameUI@@A,0x012F148C
?TheInGameUI@@3PAVDesyncInGameUI@@A,0x012F148C
?TheInGameUI@@3PAVInGameUI@@A,0x012F148C
?TheInGameUI@@3PAVInGameUISpellStoreView@@A,0x012F148C
?TheInGameUI@@3PAVRva00506720UI@@A,0x012F148C
?TheInGameUI@@3PAVRva00615900InGameUI@@A,0x012F148C
?TheInactiveBodyPool@?1??getClassMemoryPool@InactiveBody@@CAPAVMemoryPool@@XZ@4PAV3@A,0x012EF988
?TheInstantDeathBehaviorPool@?1??getClassMemoryPool@InstantDeathBehavior@@CAPAVMemoryPool@@XZ@4PAV3@A,0x012EF814
?TheInvalidRegion@@3URegion2DBase@@B,0x012F7078
?TheKeepObjectDiePool@?1??getClassMemoryPool@KeepObjectDie@@CAPAVMemoryPool@@XZ@4PAV3@A,0x012EFC24
?TheKey_InitialCameraPosition@@3VStaticNameKey@@B,0x012A7A00
?TheKey_lightHeightAboveTerrain@@3VStaticNameKey@@B,0x012A7780
?TheKey_multiplayerIsLocal@@3VStaticNameKey@@A,0x012A7978
?TheKey_objectInitialHealth@@3VStaticNameKey@@B,0x012A77F8
?TheKey_objectName@@3VStaticNameKey@@B,0x012A77E8
?TheKey_objectUnsellable@@3VStaticNameKey@@B,0x012A7820
?TheKey_originalOwner@@3VStaticNameKey@@B,0x012A7778
?TheKey_playerAllies@@3VStaticNameKey@@A,0x012A7948
?TheKey_playerAllies@@3VStaticNameKey@@B,0x012A7948
?TheKey_playerColor@@3VStaticNameKey@@B,0x012A7958
?TheKey_playerDisplayName@@3VStaticNameKey@@B,0x012A7930
?TheKey_playerEnemies@@3VStaticNameKey@@A,0x012A7940
?TheKey_playerEnemies@@3VStaticNameKey@@B,0x012A7940
?TheKey_playerFaction@@3VStaticNameKey@@B,0x012A7938
?TheKey_playerIsHuman@@3VStaticNameKey@@A,0x012A7920
?TheKey_playerIsHuman@@3VStaticNameKey@@B,0x012A7920
?TheKey_playerName@@3VStaticNameKey@@A,0x012A7918
?TheKey_playerName@@3VStaticNameKey@@B,0x012A7918
?TheKey_playerNightColor@@3VStaticNameKey@@B,0x012A7960
?TheKey_scorchType@@3VStaticNameKey@@B,0x012A78A0
?TheKey_teamAggressiveness@@3VStaticNameKey@@B,0x012A76E8
?TheKey_teamAllClearScript@@3VStaticNameKey@@B,0x012A76C0
?TheKey_teamAttackCommonTarget@@3VStaticNameKey@@B,0x012A7700
?TheKey_teamAutoReinforce@@3VStaticNameKey@@B,0x012A76C8
?TheKey_teamAvoidThreats@@3VStaticNameKey@@B,0x012A76F8
?TheKey_teamDestroyedThreshold@@3VStaticNameKey@@B,0x012A76B0
?TheKey_teamEnemySightedScript@@3VStaticNameKey@@B,0x012A76B8
?TheKey_teamEventsList@@3VStaticNameKey@@B,0x012A7690
?TheKey_teamExecutesActionsOnCreate@@3VStaticNameKey@@B,0x012A7760
?TheKey_teamGenericScriptHook@@3VStaticNameKey@@B,0x012A7768
?TheKey_teamHome@@3VStaticNameKey@@B,0x012A75D0
?TheKey_teamInitialIdleSeconds@@3VStaticNameKey@@B,0x012A7698
?TheKey_teamIsAIRecruitable@@3VStaticNameKey@@B,0x012A76D0
?TheKey_teamIsBaseDefense@@3VStaticNameKey@@B,0x012A76D8
?TheKey_teamIsPerimeterDefense@@3VStaticNameKey@@B,0x012A76E0
?TheKey_teamIsSingleton@@3VStaticNameKey@@B,0x012A75C8
?TheKey_teamLibraryMapName@@3VStaticNameKey@@B,0x012A7770
?TheKey_teamMaxInstances@@3VStaticNameKey@@B,0x012A7708
?TheKey_teamName@@3VStaticNameKey@@B,0x012A75B8
?TheKey_teamOnCreateScript@@3VStaticNameKey@@B,0x012A7680
?TheKey_teamOnDestroyedScript@@3VStaticNameKey@@B,0x012A76A8
?TheKey_teamOnIdleScript@@3VStaticNameKey@@B,0x012A7688
?TheKey_teamOnUnitDestroyedScript@@3VStaticNameKey@@B,0x012A76A0
?TheKey_teamOwner@@3VStaticNameKey@@B,0x012A75C0
?TheKey_teamProductionCondition@@3VStaticNameKey@@B,0x012A7718
?TheKey_teamProductionPriority@@3VStaticNameKey@@B,0x012A7720
?TheKey_teamProductionPriorityFailureDecrease@@3VStaticNameKey@@B,0x012A7730
?TheKey_teamProductionPrioritySuccessIncrease@@3VStaticNameKey@@B,0x012A7728
?TheKey_teamReinforcementOrigin@@3VStaticNameKey@@B,0x012A7740
?TheKey_teamStartsFull@@3VStaticNameKey@@B,0x012A7748
?TheKey_teamTransport@@3VStaticNameKey@@B,0x012A7738
?TheKey_teamTransportsExit@@3VStaticNameKey@@B,0x012A7750
?TheKey_teamTransportsReturn@@3VStaticNameKey@@B,0x012A76F0
?TheKey_teamUnitMaxCount1@@3VStaticNameKey@@B,0x012A75E8
?TheKey_teamUnitMaxCount2@@3VStaticNameKey@@B,0x012A7600
?TheKey_teamUnitMaxCount3@@3VStaticNameKey@@B,0x012A7618
?TheKey_teamUnitMaxCount4@@3VStaticNameKey@@B,0x012A7630
?TheKey_teamUnitMaxCount5@@3VStaticNameKey@@B,0x012A7648
?TheKey_teamUnitMaxCount6@@3VStaticNameKey@@B,0x012A7660
?TheKey_teamUnitMaxCount7@@3VStaticNameKey@@B,0x012A7678
?TheKey_teamUnitMinCount1@@3VStaticNameKey@@B,0x012A75E0
?TheKey_teamUnitMinCount2@@3VStaticNameKey@@B,0x012A75F8
?TheKey_teamUnitMinCount3@@3VStaticNameKey@@B,0x012A7610
?TheKey_teamUnitMinCount4@@3VStaticNameKey@@B,0x012A7628
?TheKey_teamUnitMinCount5@@3VStaticNameKey@@B,0x012A7640
?TheKey_teamUnitMinCount6@@3VStaticNameKey@@B,0x012A7658
?TheKey_teamUnitMinCount7@@3VStaticNameKey@@B,0x012A7670
?TheKey_teamUnitType1@@3VStaticNameKey@@B,0x012A75D8
?TheKey_teamUnitType2@@3VStaticNameKey@@B,0x012A75F0
?TheKey_teamUnitType3@@3VStaticNameKey@@B,0x012A7608
?TheKey_teamUnitType4@@3VStaticNameKey@@B,0x012A7620
?TheKey_teamUnitType5@@3VStaticNameKey@@B,0x012A7638
?TheKey_teamUnitType6@@3VStaticNameKey@@B,0x012A7650
?TheKey_teamUnitType7@@3VStaticNameKey@@B,0x012A7668
?TheKey_teamVeterancy@@3VStaticNameKey@@B,0x012A7758
?TheKey_uniqueID@@3VStaticNameKey@@B,0x012A78C0
?TheKey_waypointID@@3VStaticNameKey@@B,0x012A77B0
?TheKey_waypointName@@3VStaticNameKey@@B,0x012A77A8
?TheKey_weather@@3VStaticNameKey@@B,0x012A7998
?TheKeyboard@@3PAVKeyboard@@A,0x012F4C50
?TheKindOfBitNames@@3PAPBDA,0x012AA068
?TheLAN@@3PAVLANAPI@@A,0x012F7730
?TheLadderList@@3PAVLadderList@@A,0x012F70E8
?TheLanguageFilter@@3PAVLanguageFilter@@A,0x012F1570
?TheLargeGroupAudio@@3PAVLargeGroupAudio@@A,0x012F1044
?TheLaserUpdatePool@?1??getClassMemoryPool@LaserUpdate@@CAPAVMemoryPool@@XZ@4PAV3@A,0x012F7028
?TheLifetimeUpdatePool@?1??getClassMemoryPool@LifetimeUpdate@@CAPAVMemoryPool@@XZ@4PAV3@A,0x012EFFB8
?TheLivingWorldCampaignManager@@3PAVBfmeCampaignManagerVictorious@@A,0x012F1024
?TheLivingWorldCampaignManager@@3PAVBfmeLivingWorldCampaignManager@@A,0x012F1024
?TheLivingWorldCampaignManager@@3PAVGlo012F1024Type@@A,0x012F1024
?TheLivingWorldLogic@@3PAVCampaignManager@@A,0x012F1028
?TheLivingWorldLogic@@3PAVCampaignObject@@A,0x012F1028
?TheLivingWorldLogic@@3PAVRva003BCC10@@A,0x012F1028
?TheLivingWorldManager@@3PAURetailLivingWorldManager@@A,0x012F706C
?TheLivingWorldManager@@3PAVBfmeLivingWorldManagerIcons@@A,0x012F706C
?TheLivingWorldOwnerLookup@@3PAVLivingWorldOwnerLookup@@A,0x012F1028
?TheLobbyQueuedUTMs@@3V?$list@VPeerResponse@@V?$allocator@VPeerResponse@@@_STL@@@_STL@@A,0x012F463C
?TheLocalFileSystem@@3PAVFileSystem@@A,0x0134CB48
?TheLocalFileSystem@@3PAVLocalFileSystem@@A,0x0134D060
?TheLockWeaponCreatePool@?1??getClassMemoryPool@LockWeaponCreate@@CAPAVMemoryPool@@XZ@4PAV3@A,0x012EFB94
?TheLocomotorSetNames@@3PAPBDA,0x012B1220
?TheLocomotorSetUpgradePool@?1??getClassMemoryPool@LocomotorSetUpgrade@@CAPAVMemoryPool@@XZ@4PAV3@A,0x012F0580
?TheLocomotorStore@@3PAVLocomotorStore@@A,0x012EF504
?TheLodOptionsFieldParse@@3QBUFieldParse@@B,0x011226B8
?TheLookAtTranslator@@3PAVLookAtTranslator@@A,0x012F4C64
?TheLuaScriptEngine@@3PAVLuaScriptEngine@@A,0x012F060C
?TheMapCache@@3PAVMapCache@@A,0x012F1594
?TheMappedImageCollection@@3PAVImageCollection@@A,0x012F6924
?TheMappedImageCollection@@3PAVMappedImageCollection@@A,0x012F6924
?TheMappedImageCollection@@3PAVMappedImageCollectionPortraitShim@@A,0x012F6924
?TheMaxHealthUpgradePool@?1??getClassMemoryPool@MaxHealthUpgrade@@CAPAVMemoryPool@@XZ@4PAV3@A,0x012F0588
?TheMemoryPoolFactory@@3PAVMemoryPoolFactory@@A,0x012ED600
?TheMessageStream@@3PAVBfmeMessageStream@@A,0x012ED5EC
?TheMessageStream@@3PAVMessageStream@@A,0x012ED5EC
?TheMessageTime@@3KA,0x012ED244
?TheMetaMap@@3PAVMetaMap@@A,0x012F4C98
?TheMetaMapFieldParseTable@@3QBUFieldParse@@B,0x0110E570
?TheMixFileInfoPool@@3HA,0x012F1094
?TheModelConditionUpgradePool@?1??getClassMemoryPool@ModelConditionUpgrade@@CAPAVMemoryPool@@XZ@4PAV3@A,0x012F0590
?TheModuleFactory@@3PAVModuleFactory@@A,0x012EF198
?TheMoneyCrateCollidePool@?1??getClassMemoryPool@MoneyCrateCollide@@CAPAVMemoryPool@@XZ@4PAV3@A,0x012EFA10
?TheMouse@@3PAUMouseState@@A,0x012F4C5C
?TheMouse@@3PAURva005A63D0Mouse@@A,0x012F4C5C
?TheMouse@@3PAVBfmeZ1100@@A,0x012F4C5C
?TheMouse@@3PAVGen_005A4470@@A,0x012F4C5C
?TheMouse@@3PAVMouse@@A,0x012F4C5C
?TheMovieSourceShim@@3PAVMovieSourceShim@@A,0x012F148C
?TheMultiplayerSettings@@3PAVMultiplayerSettings@@A,0x012ED5FC
?TheNAT@@3PAVNAT@@A,0x012F770C
?TheNameKeyGenerator@@3PAVNameKeyGenerator@@A,0x012ED600
?TheNameKeyGeneratorShim@@3PAVNameKeyGeneratorShim@@A,0x012ED600
?TheNetwork@@3PAVNetwork@@A,0x012F7714
?TheNetwork@@3PAVNetworkInterface@@A,0x012F7714
?TheNetwork@@3PAXA,0x012F7714
?TheNullChr@?1??str@?$StringBase@G@@QBEPBGXZ@4GB,0x0107388C
?TheNullChr@?1??str@AsciiString@@QBEPBDXZ@4DB,0x0107388B
?TheOCLSpecialPowerPool@?1??getClassMemoryPool@OCLSpecialPower@@CAPAVMemoryPool@@XZ@4PAV3@A,0x012EFCE4
?TheObjectCreationListStore@@3PAVObjectCreationListStore@@A,0x012EF70C
?TheObjectCreationUpgradePool@?1??getClassMemoryPool@ObjectCreationUpgrade@@CAPAVMemoryPool@@XZ@4PAV3@A,0x012F0598
?TheOpen24590D0Source@@3PAVOpen24590D0Source@@A,0x012F148C
?TheOpen26A2FD0Logic@@3PAVOpen26A2FD0Logic@@A,0x012F0898
?TheOpen27110B0Source@@3PAVOpen27110B0Source@@A,0x01306EEC
?TheOpen27110F0Flusher@@3PAVOpen27110F0Flusher@@A,0x01306F18
?TheOpen27110F0Sink@@3PAVOpen27110F0Sink@@A,0x01306EEC
?TheOpen2FileSystem@@3PAVFileSystem@@A,0x0134CB48
?TheOpen2Hub@@3PAVOpen2Hub@@A,0x01306954
?TheOpen2Images143730@@3PAVOpen2Images143730@@A,0x012F6924
?TheOpen2Logic143730@@3PAVOpen2Logic143730@@A,0x012F0898
?TheOpen2PublishedTexture@@3PAVTextureBaseClass@@A,0x012F9D28
?TheOpenContainPool@?1??getClassMemoryPool@OpenContain@@CAPAVMemoryPool@@XZ@4PAV3@A,0x012EFA60
?TheOptionGroupName@@3VAsciiString@@A,0x012ED60C
?TheOptionGroupTarget@@3PAXA,0x012ED604
?TheParsedCallbackName@@3VAsciiString@@A,0x012F2574
?TheParsedCallbackResult@@3PAXA,0x012F255C
?TheParticleSystemManager@@3PAVParticleSystemManager@@A,0x012F64BC
?TheParticleSystemManager@@3PAVRva003392B0TemplateStore@@A,0x012F64BC
?TheParticleSystemManager@FXParticleSystem@@3PAVParticleSystemManager@1@A,0x012F64BC
?ThePartitionManager@@3PAVBfmeWideForwardC@@A,0x012ED5B8
?ThePartitionManager@@3PAVPartitionManager@@A,0x012ED5B8
?ThePinger@@3PAVPingerInterface@@A,0x012F76F4
?ThePlayerAITypeSet@@3PAVBfmePlayerAITypeSet@@A,0x012ED740
?ThePlayerAITypeSet@@3PAVPlayerAITypeSet@@A,0x012ED740
?ThePlayerList@@3PAUBFMEPlayerList@@A,0x012ED748
?ThePlayerList@@3PAUBfmePlayerList@@A,0x012ED748
?ThePlayerList@@3PAUBfmePlayerList_AppendInsert@@A,0x012ED748
?ThePlayerList@@3PAVPlayerList@@A,0x012ED748
?ThePlayerList@@3PAVPlayerListView@@A,0x012ED748
?ThePlayerList@@3PAVRva004ED400PlayerList@@A,0x012ED748
?ThePlayerList@@3PAVThePlayerListType@@A,0x012ED748
?ThePlayerTemplateStore@@3PAVPlayerTemplateStore@@A,0x012ED750
?ThePlayerTemplateStore@@3PAVRva000E1410Store@@A,0x012ED750
?ThePlayers@@3PAVPlayerList@@A,0x012ED748
?ThePoisonedBehaviorPool@?1??getClassMemoryPool@PoisonedBehavior@@CAPAVMemoryPool@@XZ@4PAV3@A,0x012EF82C
?ThePreorderCreatePool@?1??getClassMemoryPool@PreorderCreate@@CAPAVMemoryPool@@XZ@4PAV3@A,0x012EFB9C
?TheProductionUpdateOwner@@3PAVProductionUpdateOwner@@A,0x012ED668
?TheProductionUpdatePool@?1??getClassMemoryPool@ProductionUpdate@@CAPAVMemoryPool@@XZ@4PAV3@A,0x012EFFF8
?TheProjectedShadowManager@@3PAVProjectedShadowManager@@A,0x01306DEC
?TheProneUpdatePool@?1??getClassMemoryPool@ProneUpdate@@CAPAVMemoryPool@@XZ@4PAV3@A,0x012F0010
?ThePropagandaTowerBehaviorPool@?1??getClassMemoryPool@PropagandaTowerBehavior@@CAPAVMemoryPool@@XZ@4PAV3@A,0x012EF834
?TheQueueProductionExitUpdatePool@?1??getClassMemoryPool@QueueProductionExitUpdate@@CAPAVMemoryPool@@XZ@4PAV3@A,0x012F04FC
?TheQuickMatchLadderPanel@@3PAVBfmeQuickMatchLadderPanel@@A,0x012F4820
?TheQuickMatchScreen@@3PAUQuickMatchScreen@@A,0x012F4820
?TheRadar@@3PAVRadar@@A,0x012EF0E4
?TheRadarClientUpdate@@3PAVRadarSubsystem@@A,0x012EF0E4
?TheRadarUpdatePool@?1??getClassMemoryPool@RadarUpdate@@CAPAVMemoryPool@@XZ@4PAV3@A,0x012F0018
?TheRadarUpgradePool@?1??getClassMemoryPool@RadarUpgrade@@CAPAVMemoryPool@@XZ@4PAV3@A,0x012F05B8
?TheRadiusDecalUpdatePool@?1??getClassMemoryPool@RadiusDecalUpdate@@CAPAVMemoryPool@@XZ@4PAV3@A,0x012F0020
?TheRailedTransportDockUpdatePool@?1??getClassMemoryPool@RailedTransportDockUpdate@@CAPAVMemoryPool@@XZ@4PAV3@A,0x012F04D4
?TheRankInfoStore@@3PAVRankInfoStore@@A,0x012F1014
?TheRankPointValues@@3PAURankPoints@@A,0x012F401C
?TheRankPointValues@@3PAVRankPoints@@A,0x012F401C
?TheRayEffects@@3PAVRayEffectSystem@@A,0x012F6928
?TheRecorder@@3PAVRecorderClass@@A,0x012ED62C
?TheRepairDockUpdatePool@?1??getClassMemoryPool@RepairDockUpdate@@CAPAVMemoryPool@@XZ@4PAV3@A,0x012F04DC
?TheRiderChangeContainPool@?1??getClassMemoryPool@RiderChangeContain@@CAPAVMemoryPool@@XZ@4PAV3@A,0x012EFA80
?TheRva000F9270Factory@@3PAVRva000F9270Factory@@A,0x012EF1D8
?TheRva000F92B0Factory@@3PAVRva000F92B0Factory@@A,0x012EF1D8
?TheRva001B70E0LocomotorStore@@3PAVRva001B70E0LocomotorStore@@A,0x012EF504
?TheRva001D5F40Scale@@3MA,0x012AD1A0
?TheRva001ECDC0Names@@3QBQBDB,0x012AD678
?TheRva00369860Registry@@3PAVRva00369860Registry@@A,0x012F07E4
?TheRva00427670TypeNames@@3QBULookupListRec@@B,0x010F2CAC
?TheRva0045EF90Registry@@3PAVRva0045EF90Registry@@A,0x012F1B40
?TheRva005121A0Service@@3PAVRva005121A0Service@@A,0x012EF190
?TheRva0059EB90FieldParse@@3QBUFieldParse@@B,0x0110CAA4
?TheRva006F6330@@3PAVRva006F6330@@A,0x012F8228
?TheS3Flag@@3_NA,0x012F0239
?TheS3Sink@@3PAXA,0x012ED4FC
?TheSalvageCrateCollidePool@?1??getClassMemoryPool@SalvageCrateCollide@@CAPAVMemoryPool@@XZ@4PAV3@A,0x012EFA18
?TheScienceStore@@3PAVScienceStore@@A,0x012ED7AC
?TheScorchShader@@3VShaderClass@@A,0x012BAD70
?TheScreenResolution@@3VScreenResolution@@A,0x012D6DB4
?TheScriptActions@@3PAVScriptActionsInterface@@A,0x012F0620
?TheScriptConditions@@3PAVScriptConditionsInterface@@A,0x012F06B0
?TheScriptDebugWindowDLL@@3PAXA,0x012F0758
?TheScriptEngine@@3PADA,0x012F076C
?TheScriptEngine@@3PAVBFMEScriptEngineFlagLookup@@A,0x012F076C
?TheScriptEngine@@3PAVBfmeGameOverGateB@@A,0x012F076C
?TheScriptEngine@@3PAVBfmeScriptEngineTemplates@@A,0x012F076C
?TheScriptEngine@@3PAVBfmeScriptEngineVtbl_44@@A,0x012F076C
?TheScriptEngine@@3PAVBfmeScriptEngineVtbl_44_50@@A,0x012F076C
?TheScriptEngine@@3PAVBfmeScriptEngine_getPlayerMaskFromAsciiString@@A,0x012F076C
?TheScriptEngine@@3PAVRva00354220ScriptEngine@@A,0x012F076C
?TheScriptEngine@@3PAVScriptEngine@@A,0x012F076C
?TheSelectionTranslator@@3PAVBfmeSelectionTranslator@@A,0x012F4CA0
?TheSelectionTranslator@@3PAVSelectionTranslator@@A,0x012F4CA0
?TheShell@@3PAVBfmeShell@@A,0x012F4B58
?TheShell@@3PAVShell40D9@@A,0x012F4B58
?TheShell@@3PAVShell@@A,0x012F4B58
?TheShellHookNames@@3PAPBDA,0x012B3DC0
?TheShroudCrateCollidePool@?1??getClassMemoryPool@ShroudCrateCollide@@CAPAVMemoryPool@@XZ@4PAV3@A,0x012EFA20
?TheShroudManager@@3PAVPartitionManager@@A,0x012ED5BC
?TheShroudManager@@3PAVShroudManager@@A,0x012ED5BC
?TheSidesList@@3PAVBfmeSidesList@@A,0x012EF428
?TheSidesList@@3PAVSidesList@@A,0x012EF428
?TheSkirmishGameInfo@@3PAVGameInfo@@A,0x012F7094
?TheSkirmishGameInfo@@3PAVSkirmishGameInfo@@A,0x012F7094
?TheSkirmishScreenState@@3PAVSkirmishScreenState@@A,0x012F49D4
?TheSkyboxTextureSets@@3V?$hash_map@VAsciiString@@PAVSkyboxTextureSet@@U?$hash@VAsciiString@@@rts@@U?$equal_to@VAsciiString@@@4@V?$allocator@U?$pair@$$CBVAsciiString@@PAVSkyboxTextureSet@@@_STL@@@_STL@@@_STL@@A,0x012F1404
?TheSlavedUpdatePool@?1??getClassMemoryPool@SlavedUpdate@@CAPAVMemoryPool@@XZ@4PAV3@A,0x012F0048
?TheSlopeLimits@@3PAMA,0x012F1064
?TheSmudgeManager@@3PAVGlobalVirtualResource@@A,0x012F9D88
?TheSmudgeManager@@3PAVSmudgeManager@@A,0x012F9D88
?TheSmudgeManager@@3PAVW3DSmudgeManager@@A,0x012F9D88
?TheSnowManager@@3PAVSnowManager@@A,0x012F15F4
?TheSpawnBehaviorPool@?1??getClassMemoryPool@SpawnBehavior@@CAPAVMemoryPool@@XZ@4PAV3@A,0x012EF900
?TheSpawnPointProductionExitUpdatePool@?1??getClassMemoryPool@SpawnPointProductionExitUpdate@@CAPAVMemoryPool@@XZ@4PAV3@A,0x012F0504
?TheSpecialAbilityUpdatePool@?1??getClassMemoryPool@SpecialAbilityUpdate@@CAPAVMemoryPool@@XZ@4PAV3@A,0x012F0050
?TheSpecialPowerCompletionDiePool@?1??getClassMemoryPool@SpecialPowerCompletionDie@@CAPAVMemoryPool@@XZ@4PAV3@A,0x012EFC34
?TheSpecialPowerCreatePool@?1??getClassMemoryPool@SpecialPowerCreate@@CAPAVMemoryPool@@XZ@4PAV3@A,0x012EFBA4
?TheSpecialPowerStore@@3PAVSpecialPowerStore@@A,0x012ED80C
?TheSpecialPowerStore@@3PAXA,0x012ED80C
?TheSquishCollidePool@?1??getClassMemoryPool@SquishCollide@@CAPAVMemoryPool@@XZ@4PAV3@A,0x012EF9D8
?TheStatsCollector@@3PAVStatsCollector@@A,0x012ED63C
?TheStatusBitsUpgradePool@?1??getClassMemoryPool@StatusBitsUpgrade@@CAPAVMemoryPool@@XZ@4PAV3@A,0x012F05C0
?TheStealthDetectorUpdatePool@?1??getClassMemoryPool@StealthDetectorUpdate@@CAPAVMemoryPool@@XZ@4PAV3@A,0x012F009C
?TheStealthUpdatePool@?1??getClassMemoryPool@StealthUpdate@@CAPAVMemoryPool@@XZ@4PAV3@A,0x012F01C8
?TheStealthUpgradePool@?1??getClassMemoryPool@StealthUpgrade@@CAPAVMemoryPool@@XZ@4PAV3@A,0x012F05C8
?TheStructureBodyPool@?1??getClassMemoryPool@StructureBody@@CAPAVMemoryPool@@XZ@4PAV3@A,0x012EF9B0
?TheSubObjectsUpgradePool@?1??getClassMemoryPool@SubObjectsUpgrade@@CAPAVMemoryPool@@XZ@4PAV3@A,0x012F05D0
?TheSubsystemLegend@@3PAVSubsystemLegend@@A,0x0134C6C4
?TheSubsystemList@@3PAVSubsystemInterfaceList@@A,0x0134C6C8
?TheSupplyAndTechImageLocations@@3VTechAndSupplyImages@@A,0x012F15B0
?TheSupplyCenterCreatePool@?1??getClassMemoryPool@SupplyCenterCreate@@CAPAVMemoryPool@@XZ@4PAV3@A,0x012EFBAC
?TheSupplyCenterDockUpdatePool@?1??getClassMemoryPool@SupplyCenterDockUpdate@@CAPAVMemoryPool@@XZ@4PAV3@A,0x012F04E4
?TheSupplyCenterProductionExitUpdatePool@?1??getClassMemoryPool@SupplyCenterProductionExitUpdate@@CAPAVMemoryPool@@XZ@4PAV3@A,0x012F050C
?TheSupplyTruckAIUpdatePool@?1??getClassMemoryPool@SupplyTruckAIUpdate@@CAPAVMemoryPool@@XZ@4PAV3@A,0x012F0304
?TheSupplyWarehouseCreatePool@?1??getClassMemoryPool@SupplyWarehouseCreate@@CAPAVMemoryPool@@XZ@4PAV3@A,0x012EFBB4
?TheSupplyWarehouseCripplingBehaviorPool@?1??getClassMemoryPool@SupplyWarehouseCripplingBehavior@@CAPAVMemoryPool@@XZ@4PAV3@A,0x012EF918
?TheSupplyWarehouseDockUpdatePool@?1??getClassMemoryPool@SupplyWarehouseDockUpdate@@CAPAVMemoryPool@@XZ@4PAV3@A,0x012F04EC
?TheSystemIsUnicode@@3_NB,0x012ED528
?TheTacticalView@@3PAUTacticalViewLike@@A,0x01306EEC
?TheTacticalView@@3PAVBfmeTacticalView@@A,0x012F1600
?TheTacticalView@@3PAVFadeView@@A,0x012F1600
?TheTacticalView@@3PAVRva002113A0View@@A,0x012F1600
?TheTacticalView@@3PAVRva007BB060View@@A,0x012F1600
?TheTacticalView@@3PAVTacticalView@@A,0x012F1600
?TheTacticalView@@3PAVTacticalViewLike@@A,0x01306EEC
?TheTacticalView@@3PAVTacticalViewShim@@A,0x012F1600
?TheTacticalView@@3PAVTimingView@@A,0x012F1600
?TheTacticalView@@3PAVView@@A,0x012F1600
?TheTacticalView@@3PAXA,0x012F1600
?TheTacticalViewFadeShim@@3PAVGloTacticalView00696040@@A,0x012F1600
?TheTacticalViewFadeShim@@3PAVTacticalViewFadeShim@@A,0x012F1600
?TheTaintManager@@3PAVBfmeTaintManager@@A,0x012ED5C0
?TheTeamFactory@@3PAVTeamFactory@@A,0x012ED810
?TheTerrainLogic@@3PAURva003FD060TerrainLogic@@A,0x012EF4CC
?TheTerrainLogic@@3PAVBFMETerrainLogic@@A,0x012EF4CC
?TheTerrainLogic@@3PAVBfmeMoveHintTerrainLogic@@A,0x012EF4CC
?TheTerrainLogic@@3PAVRva001A1DF0TerrainLogic@@A,0x012EF4CC
?TheTerrainLogic@@3PAVRva002113A0Terrain@@A,0x012EF4CC
?TheTerrainLogic@@3PAVRva002B7C80TerrainLogicPre@@A,0x012EF4CC
?TheTerrainLogic@@3PAVRva002C96D0TerrainLogicPre@@A,0x012EF4CC
?TheTerrainLogic@@3PAVRva003FD060TerrainLogic@@A,0x012EF4CC
?TheTerrainLogic@@3PAVRva012EF4CCTerrain@@A,0x012EF4CC
?TheTerrainLogic@@3PAVTerrain208A50@@A,0x012EF4CC
?TheTerrainLogic@@3PAVTerrainLogic@@A,0x012EF4CC
?TheTerrainLogic@@3PAVTerrainLogicByValue@@A,0x012EF4CC
?TheTerrainLogic@@3PAVTerrainLogicP48Owner@@A,0x012EF4CC
?TheTerrainLogic@@3PAVTerrainLogic_259CD0@@A,0x012EF4CC
?TheTerrainLogic@@3PAXA,0x012EF4CC
?TheTerrainRenderObject@@3PAVBaseHeightMapRenderObjClass@@A,0x012F7FE0
?TheTerrainRenderObject@@3PAVBfmeTerrainRenderObject@@A,0x012F7FE0
?TheTerrainRenderObject@@3PAVHeightMapRenderObjClass@@A,0x012F7FE0
?TheTerrainRenderObject@@3PAVRva006E8E60TerrainAbi@@A,0x012F7FE0
?TheTerrainRoads@@3PAVTerrainRoadCollection@@A,0x012F7008
?TheTerrainTracksRenderObjClassSystem@@3PAVTerrainTracksRenderObjClassSystem@@A,0x012F9D98
?TheTerrainTypes@@3PAVTerrainTypeCollection@@A,0x012ED640
?TheTerrainVisual@@3PAVRva001A8820TerrainVisual@@A,0x012F7014
?TheTerrainVisual@@3PAVTerrainVisual@@A,0x012F7014
?TheTerrainVisual@@3PAVTerrainVisualSettings@@A,0x012F7014
?TheThingFactory@@3PAUTimingLogThingFactory@@A,0x012EF1D8
?TheThingFactory@@3PAVBFMEThingFactory@@A,0x012EF1D8
?TheThingFactory@@3PAVBfmeThingFactory@@A,0x012EF1D8
?TheThingFactory@@3PAVRva002B7C80ThingFactory@@A,0x012EF1D8
?TheThingFactory@@3PAVThingFactory@@A,0x012EF1D8
?TheThingTemplateFieldParse@@3QBUFieldParse@@B,0x010910A0
?TheTransitionDamageFXPool@?1??getClassMemoryPool@TransitionDamageFX@@CAPAVMemoryPool@@XZ@4PAV3@A,0x012EFBEC
?TheTransitionHandler@@3PAURva005A00B0Transition@@A,0x012F3330
?TheTransitionHandler@@3PAVGameWindowTransitionsHandler@@A,0x012F3330
?TheTransitionHandler@@3PAVRva005A00B0Transition@@A,0x012F3330
?TheTransitionHandler@@3PAVTransitionHandler@@A,0x012F3330
?TheTransportAIUpdatePool@?1??getClassMemoryPool@TransportAIUpdate@@CAPAVMemoryPool@@XZ@4PAV3@A,0x012F0468
?TheTransportContainPool@?1??getClassMemoryPool@TransportContain@@CAPAVMemoryPool@@XZ@4PAV3@A,0x012EFAA4
?TheTunnelContainPool@?1??getClassMemoryPool@TunnelContain@@CAPAVMemoryPool@@XZ@4PAV3@A,0x012EFAAC
?TheUnitCrateCollidePool@?1??getClassMemoryPool@UnitCrateCollide@@CAPAVMemoryPool@@XZ@4PAV3@A,0x012EFA28
?TheUnpauseSpecialPowerUpgradePool@?1??getClassMemoryPool@UnpauseSpecialPowerUpgrade@@CAPAVMemoryPool@@XZ@4PAV3@A,0x012F05E0
?TheUpgradeCenter@@3PAVBfmeThingND@@A,0x012EF188
?TheUpgradeCenter@@3PAVUpgradeCenter@@A,0x012EF188
?TheUpgradeCenter@@3PAXA,0x012EF188
?TheUpgradeDiePool@?1??getClassMemoryPool@UpgradeDie@@CAPAVMemoryPool@@XZ@4PAV3@A,0x012EFC3C
?nk@?1??getModuleNameKey@UpgradeSoundSelectorClientBehavior@@UBE?AW4NameKeyType@@XZ@4W43@A,0x012EF1BC
?TheVersion@@3PAVVersion@@A,0x012ED644
?TheVeterancyCrateCollidePool@?1??getClassMemoryPool@VeterancyCrateCollide@@CAPAVMemoryPool@@XZ@4PAV3@A,0x012EFA30
?TheVeterancyNames@@3PAPBDA,0x012A9FB4
?TheVictoryConditions@@3PAVVictoryConditions@@A,0x012F079C
?TheVictoryConditions@@3PAVVictoryConditionsInterface@@A,0x012F079C
?TheVictorySystem@@3PAVVictorySystem@@A,0x012EF734
?TheVideoPlayer@@3PAVVideoPlayer@@A,0x0130B190
?TheVideoPlayer@@3PAVVideoPlayerInterface@@A,0x0130B190
?TheW3DBufferManager@@3PAVW3DBufferManager@@A,0x01306DE8
?TheW3DDebrisDrawPool@?1??getClassMemoryPool@W3DDebrisDraw@@CAPAVMemoryPool@@XZ@4PAV3@A,0x01304B44
?TheW3DFrameLengthInMsec@@3HA,0x012BB1CC
?TheW3DHordeModelDrawCount@@3HA,0x01304B60
?TheW3DLaserDrawPool@?1??getClassMemoryPool@W3DLaserDraw@@CAPAVMemoryPool@@XZ@4PAV3@A,0x01304BB0
?TheW3DModelDrawModuleDataFieldParse@@3QBUFieldParse@@B,0x01124F90
?TheW3DProjectedShadowManager@@3PAVW3DProjectedShadowManager@@A,0x01306DF0
?TheW3DPropDrawPool@?1??getClassMemoryPool@W3DPropDraw@@CAPAVMemoryPool@@XZ@4PAV3@A,0x01304BC8
?TheW3DRadarFormatCaps@@3PAVW3DRadarFormatCaps@@A,0x01340578
?TheW3DShadowHelperManager@@3PAVW3DShadowHelperManager@@A,0x01307178
?TheW3DShadowManager@@3PAVW3DShadowManager@@A,0x01306EEC
?TheW3DSupplyDrawPool@?1??getClassMemoryPool@W3DSupplyDraw@@CAPAVMemoryPool@@XZ@4PAV3@A,0x013068F4
?TheW3DTankDrawPool@?1??getClassMemoryPool@W3DTankDraw@@CAPAVMemoryPool@@XZ@4PAV3@A,0x013068FC
?TheW3DTreeDrawPool@?1??getClassMemoryPool@W3DTreeDraw@@CAPAVMemoryPool@@XZ@4PAV3@A,0x01306904
?TheW3DTruckDrawModuleDataFieldParse@@3QBUFieldParse@@B,0x01126280
?TheW3DTruckDrawPool@?1??getClassMemoryPool@W3DTruckDraw@@CAPAVMemoryPool@@XZ@4PAV3@A,0x0130690C
?TheW3DVolumetricShadowManager@@3PAVW3DVolumetricShadowManager@@A,0x01306F18
?TheWanderAIUpdatePool@?1??getClassMemoryPool@WanderAIUpdate@@CAPAVMemoryPool@@XZ@4PAV3@A,0x012F0470
?TheWaterRenderObj@@3PAVGen006C6140Water@@A,0x01306D7C
?TheWaterRenderObj@@3PAVGen006C6300Water@@A,0x01306D7C
?TheWaterRenderObj@@3PAVWaterRenderObjClass@@A,0x01306D7C
?TheWaterRenderObj@@3PAVWaterSkyBoxSettingsOwner@@A,0x01306D7C
?TheWaterTracksRenderSystem@@3PAVWaterTracksRenderSystem@@A,0x01306D94
?TheWaterTransparency@@3V?$OVERRIDE@VWaterTransparencySetting@@@@A,0x012F18F0
?TheWeaponBonusFieldNames@@3PAPBDA,0x012AD50C
?TheWeaponBonusNames@@3PAPBDA,0x012AD4B0
?TheWeaponBonusUpgradePool@?1??getClassMemoryPool@WeaponBonusUpgrade@@CAPAVMemoryPool@@XZ@4PAV3@A,0x012F05E8
?nk@?1??getModuleNameKey@WeaponModeSpecialPowerUpdate@@UBE?AW4NameKeyType@@XZ@4W43@A,0x012F0230
?TheWeaponSetUpgradePool@?1??getClassMemoryPool@WeaponSetUpgrade@@CAPAVMemoryPool@@XZ@4PAV3@A,0x012F05F0
?TheWeaponSlotTypeNames@@3QBQBDB,0x012AD678
?TheWeaponStore@@3PAVBfmeWeaponStore@@A,0x012EF738
?TheWeaponStore@@3PAVWeaponStore@@A,0x012EF738
?TheWeaponTemplateFieldParseTable@WeaponTemplate@@0QBUFieldParse@@B,0x0109FE18
?TheWeatherSetting@@3V?$OVERRIDE@VWeatherSetting@@@@A,0x012F15F8
?TheWeatherSystem@@3PAVWeatherSystem@@A,0x012F0FE0
?TheWideCall@@3PAVWideCall@@A,0x012B7D80
?TheWideRunner@@3PAVWideRunner@@A,0x012F19E8
?TheWin32Mouse@@3PAVWin32Mouse@@A,0x012ED240
?TheWindowLookupShim@@3PAVWindowLookupShim@@A,0x012ED88C
?TheWindowManager@@3PAVBfmeEstablishWindowManager@@A,0x012F1B40
?TheWindowManager@@3PAVBfmeGameWindowManager@@A,0x012F1B40
?TheWindowManager@@3PAVBfmeWindowManager@@A,0x012F1B40
?TheWindowManager@@3PAVGameWindowManager@@A,0x012F1B40
?TheWindowManager@@3PAVRva004C1040WindowManager@@A,0x012F1B40
?TheWindowManager@@3PAVRva004EC6E0WindowManager@@A,0x012F1B40
?TheWindowManager@@3PAVRva004ED400WindowManager@@A,0x012F1B40
?TheWindowManager@@3PAVRva004FC7C0WindowManager@@A,0x012F1B40
?TheWindowManager@@3PAVWindowManager@@A,0x012F1B40
?TheWorkerAIUpdatePool@?1??getClassMemoryPool@WorkerAIUpdate@@CAPAVMemoryPool@@XZ@4PAV3@A,0x012F047C
?TheWorldDict@MapObject@@2VDict@@A,0x012ED5E0
?TheWritableGlobalData@@3PADA,0x012ED5C8
?TheWritableGlobalData@@3PAUBfmeGlobalData@@A,0x012ED5C8
?TheWritableGlobalData@@3PAUBfmeGlobalDataFlags@@A,0x012ED5C8
?TheWritableGlobalData@@3PAUGlobalData@@A,0x012ED5C8
?TheWritableGlobalData@@3PAURva006C9270GlobalData1782@@A,0x012ED5C8
?TheWritableGlobalData@@3PAURva006C9270GlobalData@@A,0x012ED5C8
?TheWritableGlobalData@@3PAURva006CD990GlobalData@@A,0x012ED5C8
?TheWritableGlobalData@@3PAURva006D23C0GlobalData@@A,0x012ED5C8
?TheWritableGlobalData@@3PAUTimingLogGlobalData@@A,0x012ED5C8
?TheWritableGlobalData@@3PAVBfmeGlobalData@@A,0x012ED5C8
?TheWritableGlobalData@@3PAVBfmeGlobalState@@A,0x012ED5C8
?TheWritableGlobalData@@3PAVGlo012ED5C8Type@@A,0x012ED5C8
?TheWritableGlobalData@@3PAVGlobalData@@A,0x012ED5C8
?TheWritableGlobalData@@3PAVRva002377A0GlobalDataView@@A,0x012ED5C8
?TheWritableGlobalData@@3PAVRva0051D690GlobalData@@A,0x012ED5C8
?TheWritableGlobalData@@3PAVRva006C9270GlobalData@@A,0x012ED5C8
?TheWritableGlobalData@@3PAVRva00747670GlobalData@@A,0x012ED5C8
?TheWritableGlobalData@@3PAVSetupGameStartGlobalDataView@@A,0x012ED5C8
?TheWritableGlobalData@@3PAXA,0x012ED5C8
?TimeOfDayNames@@3PAPADA,0x012A9FE0
?TimedOperationInputLocked@@3HA,0x012ED530
?TintDrawableFXNuggetFieldParse@@3QBUFieldParse@@B,0x010F2D80
?TotalActiveCount@ParticleBufferClass@@1IA,0x0134BC70
?TotalPageMemory@CPUDetectClass@@0IA,0x0134ED88
?TotalPhysicalMemory@CPUDetectClass@@0IA,0x0134EDA8
?TotalPhysicalMemory@CPUDetectClass@@2IA,0x0134EDA8
?TotalVirtualMemory@CPUDetectClass@@0IA,0x0134ED84
?Transitions0040E3B0@@3PAVGameWindowTransitionsHandler@@A,0x012F3330
?Tris@@3PAVDX8IndexBufferClass@@A,0x01341228
?TurretAIFileName@@3PADA,0x0109BB84
?VALUE@?$DefaultModuleName@$07@FXParticleSystem@@2QBDB,0x0107388B
?VIAProcessor@CPUDetectClass@@0W4VIAProcessorType@1@A,0x0134ED5C
?Va00CA5250@@3PADA,0x00CA5250
?Va00CA52E0@@3PADA,0x00CA52E0
?Va00CA52F0@@3PADA,0x00CA52F0
?Va00CA5330@@3PADA,0x00CA5330
?Va00CA5360@@3PADA,0x00CA5360
?Va00CA5380@@3PADA,0x00CA5380
?Va00CA53D0@@3PADA,0x00CA53D0
?Va00CA6CB0@@3PADA,0x00CA6CB0
?Va01337A7C@@3PAVRva00899FC0@@A,0x01337A7C
?Va01337A80@@3PAVRva00899FC0@@A,0x01337A80
?Va01337A84@@3PAVRva00899FC0@@A,0x01337A84
?Va01337A88@@3PAVRva00899FC0@@A,0x01337A88
?Va01337A8C@@3PAVRva00899FC0@@A,0x01337A8C
?Va01337A90@@3PAVRva00899FC0@@A,0x01337A90
?Va01337A94@@3PAVRva00899FC0@@A,0x01337A94
?Va01337A98@@3PAVRva00899FC0@@A,0x01337A98
?ValidationError@CAssembler@D3DXShader@@KGJPBDIKI0PAX@Z,0x00E41C70
?ValidationError@CShaderProgram@D3DXShader@@KGJPBDIKI0PAX@Z,0x00EB7F04
?Value012B4FC8@@3ULightingCoord00747FF0@@A,0x012B4FC8
?Value012B4FD8@@3ULightingCoord00747FF0@@A,0x012B4FD8
?Value012B4FE8@@3ULightingCoord00747FF0@@A,0x012B4FE8
?VendorID@CPUDetectClass@@0PADA,0x0134EDC8
?VertexDiffuse@@3V?$VectorClass@VVector4@@@@A,0x013466B8
?VertexLoc@@3V?$VectorClass@VVector3@@@@A,0x01341264
?VertexUV@@3V?$VectorClass@VVector2@@@@A,0x01343698
?Vertex_Processing_Behavior@DX8Wrapper@@1KA,0x01340524
?Vertex_Shader_Constants@DX8Wrapper@@0PAVVector4@@A,0x01340600
?Vertex_Shader_Constants@DX8Wrapper@@1PAVVector4@@A,0x01340600
?ViewShakeFXNuggetFieldParse@@3QBUFieldParse@@B,0x010F3344
?W3DDebrisDraw_DebrisDrawInterface_vftable@@3HA,0x01121EB0
?W3DDebrisDraw_vftable@@3HA,0x01121EC0
?W3DFilters@@3PAPAVW3DFilterInterface@@A,0x012F9CC8
?WOLMapSelectLayout@@3PAVWindowLayout@@A,0x012F451C
?WW3DSyncTime@@3HA,0x0133F420
?WaitHandle@DX8Wrapper@@0PAXA,0x0133F540
?Watchdog0040F780@@3PAVWatchdog@@A,0x012EF18C
?WaterSettings@@3PAVWaterSetting@@A,0x012F1608
?WideA005E9480@@3VWideDesc@@B,0x0110F978
?WideA005E94E0@@3VWideDesc@@B,0x0110F978
?WideA005E96C0@@3VWideDesc@@B,0x01073760
?WideA005E9720@@3VWideDesc@@B,0x01073760
?WideA005E98E0@@3VWideDesc@@B,0x0110F9E4
?WideA005E9940@@3VWideDesc@@B,0x0110F9E4
?WideA005E9B30@@3VWideDesc@@B,0x0110F9E8
?WideA005E9B90@@3VWideDesc@@B,0x0110F9E8
?WideA005E9D50@@3VWideDesc@@B,0x0110FA14
?WideA005E9DB0@@3VWideDesc@@B,0x0110FA14
?WideA005E9F90@@3VWideDesc@@B,0x0107375C
?WideA005E9FF0@@3VWideDesc@@B,0x0107375C
?WideA005EA4A0@@3VWideDesc@@B,0x0110F978
?WideA005EA500@@3VWideDesc@@B,0x0110F978
?WideA005EA760@@3VWideDesc@@B,0x01073760
?WideA005EA7C0@@3VWideDesc@@B,0x01073760
?WideA005EA980@@3VWideDesc@@B,0x0110F9E4
?WideA005EAA20@@3VWideDesc@@B,0x0110F9E4
?WideA005EAC20@@3VWideDesc@@B,0x0110F9E8
?WideA005EAC80@@3VWideDesc@@B,0x0110F9E8
?WideA005EAE40@@3VWideDesc@@B,0x0110FA14
?WideA005EAEE0@@3VWideDesc@@B,0x0110FA14
?WideA005EB100@@3VWideDesc@@B,0x0107375C
?WideA005EB160@@3VWideDesc@@B,0x0107375C
?WideAllocPtr@@3P6APAXI@ZA,0x01337828
?WideB005E9480@@3VWideDesc@@B,0x01111D20
?WideB005E94E0@@3VWideDesc@@B,0x01111D20
?WideB005E96C0@@3VWideDesc@@B,0x01111D20
?WideB005E9720@@3VWideDesc@@B,0x01111D20
?WideB005E98E0@@3VWideDesc@@B,0x01111D20
?WideB005E9940@@3VWideDesc@@B,0x01111D20
?WideB005E9B30@@3VWideDesc@@B,0x01111D20
?WideB005E9B90@@3VWideDesc@@B,0x01111D20
?WideB005E9D50@@3VWideDesc@@B,0x01111D20
?WideB005E9DB0@@3VWideDesc@@B,0x01111D20
?WideB005E9F90@@3VWideDesc@@B,0x01111D20
?WideB005E9FF0@@3VWideDesc@@B,0x01111D20
?WideB005EA4A0@@3VWideDesc@@B,0x01111D90
?WideB005EA500@@3VWideDesc@@B,0x01111D90
?WideB005EA760@@3VWideDesc@@B,0x01111D90
?WideB005EA7C0@@3VWideDesc@@B,0x01111D90
?WideB005EA980@@3VWideDesc@@B,0x01111D90
?WideB005EAA20@@3VWideDesc@@B,0x01111D90
?WideB005EAC20@@3VWideDesc@@B,0x01111D90
?WideB005EAC80@@3VWideDesc@@B,0x01111D90
?WideB005EAE40@@3VWideDesc@@B,0x01111D90
?WideB005EAEE0@@3VWideDesc@@B,0x01111D90
?WideB005EB100@@3VWideDesc@@B,0x01111D90
?WideB005EB160@@3VWideDesc@@B,0x01111D90
?WideFreePtr@@3P6AXPAX@ZA,0x0133782C
?WideTbl00115A80@@3QBVWideFieldParse@@B,0x01089934
?WideTbl00116500@@3QBVWideFieldParse@@B,0x010899C8
?WideTbl00116960@@3QBVWideFieldParse@@B,0x01089AC8
?WideTbl00118640@@3QBVWideFieldParse@@B,0x01089C48
?WideTbl001187C0@@3QBVWideFieldParse@@B,0x01089D68
?WideTbl00118E80@@3QBVWideFieldParse@@B,0x01089E10
?WideTbl00118FC0@@3QBVWideFieldParse@@B,0x01089F00
?WideTbl00119100@@3QBVWideFieldParse@@B,0x01089FB0
?WideTbl00119240@@3QBVWideFieldParse@@B,0x0108A02C
?WideTbl00119380@@3QBVWideFieldParse@@B,0x0108A0D0
?WideTbl0011B900@@3QBVWideFieldParse@@B,0x0108A4E8
?WideTbl0011BE30@@3QBVWideFieldParse@@B,0x0108A630
?WideTbl0011C030@@3QBVWideFieldParse@@B,0x0108A718
?WideTbl0011C860@@3QBVWideFieldParse@@B,0x0108A868
?WideTbl0011C9B0@@3QBVWideFieldParse@@B,0x0108A8B4
?WideTbl0011CD10@@3QBVWideFieldParse@@B,0x0108A940
?WideTbl0011EED0@@3QBVWideFieldParse@@B,0x0108A9D8
?WideTbl0011F000@@3QBVWideFieldParse@@B,0x0108AA18
?WideTbl0011F0B0@@3QBVWideFieldParse@@B,0x0108AAA0
?WideTbl0011F160@@3QBVWideFieldParse@@B,0x0108AB88
?WideTbl0011F5B0@@3QBVWideFieldParse@@B,0x0108AC34
?WideTbl0011F660@@3QBVWideFieldParse@@B,0x0108AC54
?WideTbl001210A0@@3QBVWideFieldParse@@B,0x0108AC7C
?WideTbl001F6EA0@@3QBVWideFieldParse@@B,0x010A2EE8
?WideTbl001FFB10@@3QBVWideFieldParse@@B,0x010A47F0
?WideTbl002127E0@@3QBVWideFieldParse@@B,0x010A7C98
?WideTbl00213280@@3QBVWideFieldParse@@B,0x010A8340
?WideTbl00214140@@3QBVWideFieldParse@@B,0x010A8DDC
?WideTbl00214620@@3QBVWideFieldParse@@B,0x010A9094
?WideTbl0021A280@@3QBVWideFieldParse@@B,0x010AB09C
?WideTbl00220160@@3QBVWideFieldParse@@B,0x010AB954
?WideTbl0022B3B0@@3QBVWideFieldParse@@B,0x010ACCE8
?WideTbl0022DB70@@3QBVWideFieldParse@@B,0x010AD820
?WideTbl0022F8A0@@3QBVWideFieldParse@@B,0x010AE090
?WideTbl002469A0@@3QBVWideFieldParse@@B,0x010AF710
?WideTbl00248F00A@@3QBVWideFieldParse@@B,0x0108E660
?WideTbl00248F00B@@3QBVWideFieldParse@@B,0x010AFA50
?WideTbl00249D20@@3QBVWideFieldParse@@B,0x010AFEB8
?WideTbl0024E6C0@@3QBVWideFieldParse@@B,0x010B0E98
?WideTbl00258FB0@@3QBVWideFieldParse@@B,0x010B3A84
?WideTbl00258FE0@@3QBVWideFieldParse@@B,0x010B3B08
?WideTbl002596C0@@3QBVWideFieldParse@@B,0x010B3D30
?WideTbl00259B50@@3QBVWideFieldParse@@B,0x010B3F44
?WideTbl00259F20@@3QBVWideFieldParse@@B,0x010B4158
?WideTbl0025A180@@3QBVWideFieldParse@@B,0x010B4344
?WideTbl0025ACC0@@3QBVWideFieldParse@@B,0x010B48A8
?WideTbl0025CED0@@3QBVWideFieldParse@@B,0x010B4D00
?WideTbl0025D560@@3QBVWideFieldParse@@B,0x010B4F7C
?WideTbl0025D970@@3QBVWideFieldParse@@B,0x010B51F0
?WideTbl0025E7F0@@3QBVWideFieldParse@@B,0x010B54B8
?WideTbl0025F0B0@@3QBVWideFieldParse@@B,0x010B569C
?WideTbl0025FCF0@@3QBVWideFieldParse@@B,0x010B5AD0
?WideTbl00263970@@3QBVWideFieldParse@@B,0x010B6270
?WideTbl002639A0@@3QBVWideFieldParse@@B,0x010B6318
?WideTbl002643F0@@3QBVWideFieldParse@@B,0x010B671C
?WideTbl00264420@@3QBVWideFieldParse@@B,0x010B6770
?WideTbl002647C0@@3QBVWideFieldParse@@B,0x010B6988
?WideTbl00264AC0@@3QBVWideFieldParse@@B,0x010B6BB8
?WideTbl00265880@@3QBVWideFieldParse@@B,0x010B6E5C
?WideTbl00265AF0@@3QBVWideFieldParse@@B,0x010B7060
?WideTbl00266210@@3QBVWideFieldParse@@B,0x010B7350
?WideTbl0026B310@@3QBVWideFieldParse@@B,0x010B8154
?WideTbl0026B620@@3QBVWideFieldParse@@B,0x010B8380
?WideTbl0026CC50@@3QBVWideFieldParse@@B,0x010B89D8
?WideTbl0026DF80@@3QBVWideFieldParse@@B,0x010B901C
?WideTbl002B2A80@@3QBVWideFieldParse@@B,0x010C5308
?WideTbl002B65E0@@3QBVWideFieldParse@@B,0x010C6858
?WideTbl002BC1E0@@3QBVWideFieldParse@@B,0x010C7660
?WideTbl002C5300@@3QBVWideFieldParse@@B,0x010C8A84
?WideTbl00751690@@3QBVWideFieldParse@@B,0x01122168
?WideTbl00759700@@3QBVWideFieldParse@@B,0x01123260
?WideTbl0077DB40@@3QBVWideFieldParse@@B,0x011255D8
?WideTbl0077E070@@3QBVWideFieldParse@@B,0x011258D8
?WideTblA001246A0@@3QBVWideFieldParse@@B,0x010898A0
?WideTblA0013E170@@3QBVWideFieldParse@@B,0x010910A0
?WideTblA001FAB70@@3QBVWideFieldParse@@B,0x010898A0
?WideTblA00212CD0@@3QBVWideFieldParse@@B,0x010898A0
?WideTblA002800A0@@3QBVWideFieldParse@@B,0x010898A0
?WideTblA002D2E80@@3QBVWideFieldParse@@B,0x010898A0
?WideTblA002D37D0@@3QBVWideFieldParse@@B,0x010898A0
?WideTblA002D3E00@@3QBVWideFieldParse@@B,0x010898A0
?WideTblA002D4170@@3QBVWideFieldParse@@B,0x010898A0
?WideTblA002D4B00@@3QBVWideFieldParse@@B,0x010898A0
?WideTblA002D4FA0@@3QBVWideFieldParse@@B,0x010898A0
?WideTblA002D5580@@3QBVWideFieldParse@@B,0x010898A0
?WideTblA002D5EE0@@3QBVWideFieldParse@@B,0x010898A0
?WideTblA002D66A0@@3QBVWideFieldParse@@B,0x010898A0
?WideTblA002D6D60@@3QBVWideFieldParse@@B,0x010CD6C0
?WideTblA002D7740@@3QBVWideFieldParse@@B,0x010898A0
?WideTblA002D7A70@@3QBVWideFieldParse@@B,0x010898A0
?WideTblA002D9310@@3QBVWideFieldParse@@B,0x010898A0
?WideTblA002D93B0@@3QBVWideFieldParse@@B,0x010898A0
?WideTblA002D9730@@3QBVWideFieldParse@@B,0x010898A0
?WideTblA00378170@@3QBVWideFieldParse@@B,0x0108AEF4
?WideTblA00427490@@3QBVWideFieldParse@@B,0x010F2550
?WideTblA004274C0@@3QBVWideFieldParse@@B,0x010F259C
?WideTblA004274F0@@3QBVWideFieldParse@@B,0x010F25E8
?WideTblA00427520@@3QBVWideFieldParse@@B,0x010F2678
?WideTblA00427550@@3QBVWideFieldParse@@B,0x010F2798
?WideTblA00427580@@3QBVWideFieldParse@@B,0x010F2980
?WideTblA004275B0@@3QBVWideFieldParse@@B,0x010F2AB0
?WideTblA004275E0@@3QBVWideFieldParse@@B,0x010F2B28
?WideTblA00427640@@3QBVWideFieldParse@@B,0x010F2C20
?WideTblA00427780@@3QBVWideFieldParse@@B,0x010F2D80
?WideTblA004277B0@@3QBVWideFieldParse@@B,0x010F2E14
?WideTblA004277E0@@3QBVWideFieldParse@@B,0x010F2F80
?WideTblA00427810@@3QBVWideFieldParse@@B,0x010F31B0
?WideTblA00427C80@@3QBVWideFieldParse@@B,0x010F3344
?WideTblA00427CB0@@3QBVWideFieldParse@@B,0x010F336C
?WideTblA00753A80@@3QBVWideFieldParse@@B,0x0112274C
?WideTblB001246A0@@3QBVWideFieldParse@@B,0x0108D720
?WideTblB0013E170@@3QBVWideFieldParse@@B,0x01093870
?WideTblB001FAB70@@3QBVWideFieldParse@@B,0x010A3B28
?WideTblB00212CD0@@3QBVWideFieldParse@@B,0x010A7F84
?WideTblB002800A0@@3QBVWideFieldParse@@B,0x010BAE58
?WideTblB002D2E80@@3QBVWideFieldParse@@B,0x010CBB84
?WideTblB002D37D0@@3QBVWideFieldParse@@B,0x010CBF78
?WideTblB002D3E00@@3QBVWideFieldParse@@B,0x010CC174
?WideTblB002D4170@@3QBVWideFieldParse@@B,0x010CC2F4
?WideTblB002D4B00@@3QBVWideFieldParse@@B,0x010CC610
?WideTblB002D4FA0@@3QBVWideFieldParse@@B,0x010CC854
?WideTblB002D5580@@3QBVWideFieldParse@@B,0x010CCBC0
?WideTblB002D5EE0@@3QBVWideFieldParse@@B,0x010CCE00
?WideTblB002D66A0@@3QBVWideFieldParse@@B,0x010CD328
?WideTblB002D6D60@@3QBVWideFieldParse@@B,0x010898A0
?WideTblB002D7740@@3QBVWideFieldParse@@B,0x010CD7E8
?WideTblB002D7A70@@3QBVWideFieldParse@@B,0x010CDA14
?WideTblB002D9310@@3QBVWideFieldParse@@B,0x010CE0A8
?WideTblB002D93B0@@3QBVWideFieldParse@@B,0x010CE154
?WideTblB002D9730@@3QBVWideFieldParse@@B,0x010CE300
?WideTblB00378170@@3QBVWideFieldParse@@B,0x010EA0B0
?WideTblB00427490@@3QBVWideFieldParse@@B,0x010F2480
?WideTblB004274C0@@3QBVWideFieldParse@@B,0x010F2480
?WideTblB004274F0@@3QBVWideFieldParse@@B,0x010F2480
?WideTblB00427520@@3QBVWideFieldParse@@B,0x010F2480
?WideTblB00427550@@3QBVWideFieldParse@@B,0x010F2480
?WideTblB00427580@@3QBVWideFieldParse@@B,0x010F2480
?WideTblB004275B0@@3QBVWideFieldParse@@B,0x010F2480
?WideTblB004275E0@@3QBVWideFieldParse@@B,0x010F2480
?WideTblB00427640@@3QBVWideFieldParse@@B,0x010F2480
?WideTblB00427780@@3QBVWideFieldParse@@B,0x010F2480
?WideTblB004277B0@@3QBVWideFieldParse@@B,0x010F2480
?WideTblB004277E0@@3QBVWideFieldParse@@B,0x010F2480
?WideTblB00427810@@3QBVWideFieldParse@@B,0x010F2480
?WideTblB00427C80@@3QBVWideFieldParse@@B,0x010F2480
?WideTblB00427CB0@@3QBVWideFieldParse@@B,0x010F2480
?WideTblC00378170@@3QBVWideFieldParse@@B,0x010EA060
?Window0040F780@@3PAXA,0x012ED238
?WindowStatusNames@@3PAPBDA,0x012B59F0
?WindowStyleNames@@3PAPBDA,0x012B5A68
?Windows9xVersionTable@@3PAUOSInfoStruct@@A,0x012D9138
?ZBias@DX8Wrapper@@1HA,0x01340574
?ZBias@DX8Wrapper@@2MA,0x01340574
?ZFar@DX8Wrapper@@1MA,0x01340500
?ZFar@DX8Wrapper@@2MA,0x01340500
?ZNear@DX8Wrapper@@1MA,0x0133F498
?ZNear@DX8Wrapper@@2MA,0x0133F498
?ZoomCurrentFrame@@3HA,0x013071C8
?ZoomFadeDirection@@3HA,0x013071C0
?ZoomFadeFrames@@3HA,0x013071C4
?ZoomFadeValue@@3MA,0x013071BC
?ZoomGameClient@@3PAUZoomClient@@A,0x012F0898
?ZoomGlobalSettings@@3PAUZoomSettings@@A,0x012ED5C8
?ZoomLastFrame@@3HA,0x013071CC
?ZoomPulse@@3HA,0x012BC140
?ZoomPulseDown@@3_NA,0x013071D0
?ZoomTacticalView@@3PAVZoomView@@A,0x012F1600
?ZoomTerrain@@3PAVZoomEnvironment@@A,0x012F1464
?_Bfme_classic_locale@_STL@@3PAV_Locale_impl@1@A,0x0130BCA0
?_Bfme_classic_locale_refs@_STL@@3HA,0x0130BCA8
?_D3DX_D3DRM_XTEMPLATES@@3PAEA,0x012DDB58
?_DX8SingleThreaded@@3_NA,0x01340590
?_D_inf@?$_LimG@_N@_STL@@2T_D_rep@2@B,0x0112E8A0
?_DesiredBufferSize@BufferedFileClass@@0HA,0x012D9DEC
?_EnableTriangleDraw@DX8Wrapper@@0_NA,0x012D6DAD
?_EnableTriangleDraw@DX8Wrapper@@1_NA,0x012D6DAD
?_FastAcosTable@@3PAMA,0x013391A8
?_FastAsinTable@@3PAMA,0x0133A1A8
?_FastInvSinTable@@3PAMA,0x0133B1A8
?_FastSinTable@@3PAMA,0x0133C1A8
?_L_inf@?$_LimG@_N@_STL@@2T_L_rep@2@B,0x0112E880
?_M_list@?$_Stl_prime@_N@_STL@@2QBIB,0x01075870
?_M_page_size@_Filebuf_base@_STL@@0IA,0x012C7ED0
?_M_page_size@_Filebuf_base@_STL@@1IA,0x012C7ED0
?_PolygonCullMode@@3KA,0x012D6E00
?_PresentParameters@DX8Wrapper@@0UD3DPRESENT_PARAMETERS@@A,0x013400C4
?_PresetAdditiveShader@ShaderClass@@2V1@A,0x012D6E0C
?_PresetAdditiveSpriteShader@ShaderClass@@2V1@A,0x012D6E2C
?_PresetAlphaShader@ShaderClass@@2V1@A,0x012D6E14
?_PresetAlphaSolidShader@ShaderClass@@2V1@A,0x012D6E40
?_PresetAlphaSpriteShader@ShaderClass@@2V1@A,0x012D6E34
?_PresetMultiplicativeShader@ShaderClass@@2V1@A,0x012D6E18
?_PresetOpaqueShader@ShaderClass@@2V1@A,0x012D6E08
?_PresetOpaqueSolidShader@ShaderClass@@2V1@A,0x012D6E38
?_QuadVertexLocationOrientationTable@PointGroupClass@@2PAY03VVector3@@A,0x013436B8
?_QuadVertexUVFrameTable@PointGroupClass@@0PAPAVVector2@@A,0x0134124C
?_QuadVertexUVFrameTable@PointGroupClass@@2PAPAVVector2@@A,0x0134124C
?_RTC_ErrorLevels@@3PAHA,0x012DBDB4
?_RenderDeviceDescriptionTable@@3V?$DynamicVectorClass@VRenderDeviceDescClass@@@@A,0x013405E8
?_RenderDeviceNameTable@@3V?$DynamicVectorClass@VStringClass@@@@A,0x01341130
?_RenderDeviceShortNameTable@@3V?$DynamicVectorClass@VStringClass@@@@A,0x013411D0
?_S_bit_count@?$_Bs_G@_N@_STL@@2PAEA,0x012C7128
?_S_classic_table@?$ctype@D@_STL@@0QBIB,0x0112EC48
?_S_classic_table@?$ctype@D@_STL@@0QBW4mask@ctype_base@2@B,0x0112EC48
?_S_count@Init@ios_base@_STL@@0JA,0x0130BD30
?_S_count@_Loc_init@ios_base@_STL@@0JA,0x0130BCA8
?_S_free_list@?$__node_alloc@$00$0A@@_STL@@0PAPAU_Obj@12@A,0x0130B1C0
?_S_free_list@?$__node_alloc@$00$0A@@_STL@@0RCRAU_Node_alloc_obj@2@C,0x0130B1C0
?_S_free_list@?$__node_alloc@$00$0A@@_STL@@0RCRAV_Node_alloc_obj@2@C,0x0130B1C0
?_S_free_list@?$__node_alloc@$00$0A@@_STL@@2PAPAU_Obj@12@A,0x0130B1C0
?_S_free_list@?$__node_alloc@$0A@$0A@@_STL@@2RCRAV_Node_alloc_obj@2@C,0x0130B210
?_S_free_list@__new_alloc@_STL@@0PAPAU_Obj@12@A,0x0130B1C0
?_S_lock@?$_Node_Alloc_Lock@$00$0A@@_STL@@2U_STLP_mutex_base@2@A,0x0130B254
?_S_lock@?$_Node_Alloc_Lock@$00$0A@@_STL@@2VNodeAllocMutex@2@A,0x0130B254
?_S_lock@?$_Node_Alloc_Lock@$0A@$0A@@_STL@@2VNodeAllocMutex@2@A,0x0130B250
?_TheAIParseDefinitionAI@@3PAVRva00203DB0AI@@A,0x012EF214
?_TheFileFactory@@3PAVFileFactoryClass@@A,0x012D9128
?_TheWritingFileFactory@@3PAVRawFileFactoryClass@@A,0x012D9130
?_TriVertexLocationOrientationTable@PointGroupClass@@2PAY02VVector3@@A,0x01341288
?_TriVertexUVFrameTable@PointGroupClass@@0PAPAVVector2@@A,0x01341238
?_TriVertexUVFrameTable@PointGroupClass@@2PAPAVVector2@@A,0x01341238
?__digit_val_table@_STL@@3QBEB,0x0112F3B0
?__errorPfn@@3P6GXJPAUIErrorInfo@@@ZA,0x012E600C
?__hex_char_table_hi@_STL@@3QBDB,0x0112F44C
?__hex_char_table_lo@_STL@@3QBDB,0x0112F438
?__last@?$_STLP_mutex_spin@$0A@@_STL@@2IA,0x0130B258
?__max@?$_STLP_mutex_spin@$0A@@_STL@@2IA,0x012C7380
?__oom_handler@?$__malloc_alloc@$0A@@_STL@@0P6AXXZA,0x0130B1B0
?_bfme_acceptFireWallButton@BfmeAptScreenMainMenu@@QAEXXZ,0x00438B0E
?_bfme_acceptLocale@BfmeAptScreenOnlineLogin@@QAEXPBD@Z,0x0041EC77
?_bfme_battleSchool@BfmeAptScreenMainMenu@@QAEXXZ,0x0043EECD
?_bfme_cancelFireWallButton@BfmeAptScreenMainMenu@@QAEXXZ,0x00443554
?_bfme_continue@AptCampaignReview@@QAEXXZ,0x0044785C
?_bfme_continueCampaign@BfmeAptScreenMainMenu@@QAEXXZ,0x00443C9D
?_bfme_credits@BfmeAptScreenMainMenu@@QAEXXZ,0x00426FFD
?_bfme_creditsExit@BfmeAptScreenMainMenu@@QAEXXZ,0x0043E707
?_bfme_evilCampaign@BfmeAptScreenMainMenu@@QAEXXZ,0x00429F4B
?_bfme_exitGame@BfmeAptScreenMainMenu@@QAEXXZ,0x0043CC59
?_bfme_exitMission@BfmeAptScreenQuitMenu@@QAEXXZ,0x0043754C
?_bfme_getPlayerColor@BfmeAptScreenDisconnectScreen@@QAEXPBDPAX_N@Z,0x0043D7A8
?_bfme_getPlayerColor@BfmeAptScreenScoreScreen@@QAEXHPAD_N@Z,0x00405FBA
?_bfme_getPlayerFaction@BfmeAptScreenScoreScreen@@QAEXHPAD_N@Z,0x0042F806
?_bfme_goodCampaign@BfmeAptScreenMainMenu@@QAEXXZ,0x00422B33
?DisplayVictoryLevel@AptCampaignReview@@QAEXXZ,0x00435C47
?_bfme_lan@BfmeAptScreenMainMenu@@QAEXXZ,0x0043F0CB
?_bfme_levelBarProvider@BfmeOnlineProfileScreen@@AAEXIPAD_N@Z,0x004100EB
?_bfme_levelSelect@BfmeAptScreenMainMenu@@QAEXXZ,0x00436516
?_bfme_loadCampaign@BfmeAptScreenMainMenu@@QAEXXZ,0x00405150
?_bfme_loadGame@BfmeAptScreenMainMenu@@QAEXXZ,0x00419D21
?_bfme_loadMenu@BfmeAptScreenQuitMenu@@QAEXXZ,0x0041CCEC
?_bfme_loadReplay@BfmeAptScreenMainMenu@@QAEXXZ,0x0043B21E
?_bfme_login@BfmeAptScreenOnlineLogin@@QAEXPBD@Z,0x0040649C
?_bfme_multiplayerButtonPressed@BfmeAptScreenMainMenu@@QAEXXZ,0x0041C27E
?_bfme_onBttnClose@BfmeAptScreenSpellStore@@QAEXXZ,0x00417D2D
?_bfme_onBttnSpell@BfmeAptScreenSpellStore@@QAEXXZ,0x00410401
?_bfme_onChatEnterText@BfmeAptScreenDisconnectScreen@@QAEXPBD@Z,0x00441100
?_bfme_onClosed@BfmeAptScreenSpellStore@@QAEXXZ,0x00416513
?_bfme_onInitGadget@BfmeAptScreenDisconnectScreen@@QAEXPBDPAXPAVGameWindow@@@Z,0x0043EED7
?_bfme_onInitGadget@BfmeAptScreenOnlineLogin@@QAEXPBDPAXPAVGameWindow@@@Z,0x0043FA71
?_bfme_onInitGadget@BfmeAptScreenScoreScreen@@QAEXPBDPAXPAVGameWindow@@@Z,0x004016E0
?_bfme_onInitialized@BfmeAptScreenDisconnectScreen@@QAEXPBD@Z,0x0043FE95
?_bfme_onInitialized@BfmeAptScreenMainMenu@@QAEXXZ,0x00447DD9
?_bfme_onInitialized@BfmeAptScreenQuitMenu@@QAEXPBD@Z,0x0041BFA4
?_bfme_onInitialized@BfmeAptScreenSpellStore@@QAEXXZ,0x0043C597
?_bfme_onKick@BfmeAptScreenDisconnectScreen@@QAEXPBD@Z,0x004044DF
?_bfme_onQuit@BfmeAptScreenDisconnectScreen@@QAEXPBD@Z,0x004278CC
?_bfme_onRollOutBttnSpell@BfmeAptScreenSpellStore@@QAEXXZ,0x004074AF
?_bfme_onRollOverBttnSpell@BfmeAptScreenSpellStore@@QAEXXZ,0x0041692D
?_bfme_onlineButtonPressed@BfmeAptScreenMainMenu@@QAEXXZ,0x0042BC83
?_bfme_options@BfmeAptScreenMainMenu@@QAEXXZ,0x00414F7E
?_bfme_optionsScreen@BfmeAptScreenQuitMenu@@QAEXXZ,0x00407BE9
?_bfme_playerSideType@AptCampaignReview@@QAEXXZ,0x00442663
?_bfme_renameAccept@BfmeAptScreenScoreScreen@@QAEXPBD@Z,0x00403C01
?_bfme_renderCredits@BfmeAptScreenMainMenu@@QAEXXZ,0x0043CE1B
?_bfme_restartMission@BfmeAptScreenQuitMenu@@QAEXXZ,0x0040A010
?_bfme_returnToGame@BfmeAptScreenQuitMenu@@QAEXXZ,0x0040DBF2
?_bfme_saveMenu@BfmeAptScreenQuitMenu@@QAEXXZ,0x004198C1
?_bfme_skirmish@BfmeAptScreenMainMenu@@QAEXXZ,0x00422F2F
?_bfme_stopGameMovie@BfmeAptScreenMainMenu@@QAEXXZ,0x0043FF3F
?_bfme_tooltipCallback@BfmeOnlineProfileScreen@@AAEXPBD@Z,0x00415B36
?_bfme_totalCampaignScore@AptCampaignReview@@QAEXXZ,0x0041CD37
?_bfme_tutorial@BfmeAptScreenMainMenu@@QAEXXZ,0x0043D98D
?_bfme_tutorialExit@BfmeAptScreenMainMenu@@QAEXXZ,0x00404985
?_disconnectMenuLayout@@3PAVWindowLayout@@A,0x012F4960
?absolute@@3_NA,0x012F3AF7
?acceptFalseColor@@3HB,0x012BA0DC
?acceptTrueColor@@3HB,0x012BA0D8
?addGameToAvailableList@@YAXVAsciiString@@PAX@Z,0x00511C40
?alt@@3VUnicodeString@@A,0x012F3AF8
?altDown@@3_NA,0x012F3AF5
?apply0@Gen00522E00@@QAEXH@Z,0x00407F04
?apply1@Gen00522E00@@QAEXH@Z,0x00433F5F
?apply2@Gen00522E00@@QAEXH@Z,0x0041398A
?apply3@Gen00522E00@@QAEXH@Z,0x004365C5
?asyncGethostbynameThreadFunc@@YGKPAX@Z,0x00409FF7
?average_error@@3NA,0x01353308
?avg_out_error@@3PANA,0x01356260
?b_004bffe0@@YAXXZ,0x004489A0
?b_00548d90@@YAXXZ,0x00948D90
?bannerAptOnButton@@YAXXZ,0x004063FC
?bannerAptOnInitialized@@YAXXZ,0x00411B0D
?bfme5ParseProcA@@YAXAAVMultiIniFieldParse@@@Z,0x0041CCF1
?bfme5ParseProcB@@YAXAAVMultiIniFieldParse@@@Z,0x00405097
?bfmeAddPack8Mmx@@YAXPBX0PAXH@Z,0x00DC6ED0
?bfmeAddPack8MmxRow@@YAXPAX0PBX1H@Z,0x00DC6C60
?bfmeAddPack8Sse@@YAXPAX0PBX1H@Z,0x00DC7710
?bfmeAptLivingWorldOnInitialized@@YAXXZ,0x0040EA5C
?bfmeAptLivingWorldOnPressRegionBttn@@YAXXZ,0x00435085
?bfmeAptLivingWorldOnRegionConqueredNoticeClosed@@YAXXZ,0x00443B1C
?bfmeAptLivingWorldOnRegionPopupClosed@@YAXXZ,0x004146AF
?bfmeAptLivingWorldOnRegionPopupOpen@@YAXXZ,0x0042F8FB
?bfmeAptLivingWorldOnReleaseRegionBttn@@YAXXZ,0x0041B5FE
?bfmeAptLivingWorldOnRollOutRegionBttn@@YAXXZ,0x00421521
?bfmeAptLivingWorldOnRollOverRegionBttn@@YAXXZ,0x00421945
?bfmeAsyncDNSLookupInProgress@@3EA,0x012F717A
?bfmeAverageMmx@@YAXPAXHH@Z,0x00DC1D80
?bfmeAvg8to16Mmx@@YAXPBX0PAXH@Z,0x00DC6DE0
?bfmeBlurRows@@YAXPAX0IHH@Z,0x00DB6C80
?bfmeBlurRowsMmx@@YAXPAX0IHH@Z,0x00DBD660
?bfmeBlurRowsSse@@YAXPAX0IHH@Z,0x00DC0C40
?bfmeCantConnectBeforeOnline@@3EA,0x012F716D
?bfmeCb1098@@YAXXZ,0x00412D69
?bfmeCb974D@@YGXXZ,0x0064F2D0
?bfmeCbVJM@@YGXXZ,0x00BF6870
?bfmeChunkParserVE@@YAXXZ,0x0041579E
?bfmeContainedAttackVisitor@@YAXPAVObject@@PAX@Z,0x0040DE6D
?bfmeCopy@@YAXPBXIPAX@Z,0x00DA91A0
?bfmeCopyColAA90@@YAXPAEHHH0HHH@Z,0x00DA9A90
?bfmeCopyMmx@@YAXPAXHH@Z,0x00DC1DE0
?bfmeDeblockEdgeByIndexMmx@@YAXPAURva009C2170Ctx@@PAXH@Z,0x00DC2170
?bfmeElem936B@@YGXPAX@Z,0x00430652
?bfmeEmptyStr107388B@@3QBDB,0x0107388B
?bfmeExpand3to5Mmx@@YAXPBXHPAX@Z,0x00DC1690
?bfmeExpand4to5Mmx@@YAXPBXHPAX@Z,0x00DC1760
?bfmeExpandMmx@@YAXPBXHPAX@Z,0x00DC1E00
?bfmeFilterBlockByIndexMmx@@YAXHPAXH@Z,0x00DC0D50
?bfmeFilterBlockMmx@@YAXPAX0H0@Z,0x00DC2970
?bfmeFilterBlockPairByIndexMmx@@YAXHPAXH@Z,0x00DC1120
?bfmeFilterPairMmx@@YAXPAX0HPBX@Z,0x00DC2BA0
?bfmeFilterRowByIndex12Mmx@@YAXHPAXH@Z,0x00DC14A0
?bfmeFilterRowByIndex8Mmx@@YAXHPAXH@Z,0x00DC0FC0
?bfmeFlagCWB@@3IA,0x012F1034
?bfmeFlagCWC@@3IA,0x012F14A4
?bfmeFlagCWD@@3IA,0x012F3698
?bfmeFmtDYG@@3PADA,0x010F71E0
?bfmeForward_00C6FEF0@@YAXXZ,0x0106FEF0
?bfmeForward_00C70B40@@YAXXZ,0x01070B40
?bfmeFreeList@@3PAPAUBfmeFreeListNode@@A,0x0130B210
?bfmeGoBUA@@YAXPAUBfmeOwnerBUA@@PAPAX@Z,0x0040894A
?bfmeGoELB@@YGXH@Z,0x00413CD2
?bfmeGoVLF@@YAXXZ,0x0040FDDA
?bfmeHandler00VB@@YAXXZ,0x00B831E0
?bfmeHandler01VB@@YAXXZ,0x00B831F0
?bfmeHandler02VB@@YAXXZ,0x00B83200
?bfmeHandler03VB@@YAXXZ,0x00B83F90
?bfmeHandler04VB@@YAXXZ,0x00B83210
?bfmeHandler05VB@@YAXXZ,0x00B83250
?bfmeHandler06VB@@YAXXZ,0x00B83260
?bfmeHandler07VB@@YAXXZ,0x00B892F0
?bfmeHandler08VB@@YAXXZ,0x00B889D0
?bfmeHandler09VB@@YAXXZ,0x00B83270
?bfmeHandler10VB@@YAXXZ,0x00B83280
?bfmeHandler11VB@@YAXXZ,0x00B832A0
?bfmeHandler12VB@@YAXXZ,0x00B832B0
?bfmeHandler13VB@@YAXXZ,0x00B832D0
?bfmeHandler14VB@@YAXXZ,0x00B88290
?bfmeHandler15VB@@YAXXZ,0x00B832F0
?bfmeHandler16VB@@YAXXZ,0x00B86C30
?bfmeHandler17VB@@YAXXZ,0x00B83360
?bfmeHandler18VB@@YAXXZ,0x00B83370
?bfmeHandler19VB@@YAXXZ,0x00B83380
?bfmeHandler20VB@@YAXXZ,0x00B83390
?bfmeHandler21VB@@YAXXZ,0x00B86C70
?bfmeHandler22VB@@YAXXZ,0x00B833C0
?bfmeHandler23VB@@YAXXZ,0x00B88A00
?bfmeHandler24VB@@YAXXZ,0x00B86C90
?bfmeHandler25VB@@YAXXZ,0x00B833D0
?bfmeHandler26VB@@YAXXZ,0x00B833E0
?bfmeHandler27VB@@YAXXZ,0x00B84030
?bfmeHandler28VB@@YAXXZ,0x00B874F0
?bfmeHandler29VB@@YAXXZ,0x00B86060
?bfmeHandler30VB@@YAXXZ,0x00B83710
?bfmeHandler31VB@@YAXXZ,0x00B833A0
?bfmeHandler32VB@@YAXXZ,0x00B833B0
?bfmeHelper760@@YAHPAXH@Z,0x006ED760
?bfmeHttpOk@@3EA,0x012B9469
?bfmeIdCWB@@3HA,0x012F102C
?bfmeIdCWC@@3HA,0x012F14A0
?bfmeIdCWD@@3HA,0x012F3694
?bfmeInterpRows2Mmx@@YAXPAXHH@Z,0x00DC1C50
?bfmeInterpRows5Mmx@@YAXPAXHH@Z,0x00DC1850
?bfmeInterpRows6Mmx@@YAXPAXHH@Z,0x00DC1AE0
?bfmeInterpRowsMmx@@YAXPAXHH@Z,0x00DC19C0
?bfmeLadderCountCompleted@@YAHHHPAD_JPAX@Z,0x00A5BC80
?bfmeLadderRankHttpComplete@@YAHHHPAD_JPAX@Z,0x00A5BCC0
?bfmeMemCopy@@3P6APAXPAXPBXI@ZA,0x0135945C
?bfmeNextCWB@@3HA,0x012F1030
?bfmeNextCWC@@3HA,0x012F1030
?bfmeNextCWD@@3HA,0x012F1030
?bfmeOnlineHookName@@3PBDB,0x012B3DE4
?bfmeOpenHomePage@BfmeAptScreenOnlineLogin@@QAEXPBD@Z,0x00407C93
?bfmeOpenTermsPage@BfmeAptScreenOnlineLogin@@QAEXPBD@Z,0x0044A0AC
?bfmePackXor80Mmx@@YAXPAX0PBXH@Z,0x00DC6C20
?bfmePackXor80Sse@@YAXPAX0PBXH@Z,0x00DC76D0
?bfmeParseA450@@YAXXZ,0x010ACBE0
?bfmeProvide@BfmeAptScreenMainMenu@@QAEXPBDPAX_N@Z,0x0042BC2E
?bfmeProvide@BfmeAptScreenScoreScreen@@QAEXPBDPAX_N@Z,0x00423C77
?bfmeProvide@Rva0050FE50Host@@QAEXHPAD_N@Z,0x0042AD51
?bfmeProvideObjectiveChecked@BfmeAptScreenScoreScreen@@QAEXPBDPAX_N@Z,0x0043EC6B
?bfmeResolveReferenceIfEnabled@@YAHPAUBfmeReferenceOwner@@PAUBfmeReferenceResolveState@@@Z,0x007972F0
?bfmeRva012B3C84RegistrationNext@@3PAXA,0x012B3C84
?bfmeRva0130CE50RegistrationHead@@3PAXA,0x0130CE50
?bfmeString10CF498@@3QBDB,0x010CF498
?bfmeString10CF748@@3QBDB,0x010CF748
?bfmeSub8to16Mmx@@YAXPBXPAXH@Z,0x00DC6E80
?bfmeTable847EF0@@3QBUBfmeTable847EF0@@B,0x0112FADC
?bfmeTable847F90@@3QBUBfmeTable847F90@@B,0x0112FB08
?bfmeTable848030@@3QBUBfmeTable848030@@B,0x0112FB34
?bfmeTable8480D0@@3QBUBfmeTable8480D0@@B,0x0112FB60
?bfmeTeamGiveExperienceLevelVisitor@@YAXPAVObject@@PAX@Z,0x00425301
?bfmeTeamGiveExperiencePointsVisitor@@YAXPAVObject@@PAX@Z,0x0041ACB7
?bfmeTeamRefreshExperienceVisitor@@YAXPAVObject@@PAX@Z,0x004029CD
?bfmeTeamSetExperiencePointsVisitor@@YAXPAVObject@@PAX@Z,0x0040A95C
?bfmeTheBZF@@3PAVBfmeGlobalBZF@@A,0x012F1028
?bfmeTheCBC@@3HA,0x013379BC
?bfmeTheCBD@@3HA,0x013379BC
?bfmeTheCBE@@3PAVBfmeGlobalCBE@@A,0x012ED5C8
?bfmeTheCHE@@3PAUBfmeGlobalCHE@@A,0x012F0898
?bfmeTheCRA@@3PAVBfmeTableCRA@@A,0x012F0898
?bfmeTheDEE@@3PAVBfmeGlobalDEE@@A,0x012F076C
?bfmeTheDEF@@3PAVBfmeGlobalDEF@@A,0x012F076C
?bfmeTheDEG@@3PAVBfmeGlobalDEG@@A,0x012F076C
?bfmeTheDFD@@3PAVBfmeGlobalDFD@@A,0x012F1028
?bfmeTheDFE@@3PAVBfmeGlobalDFE@@A,0x012F1028
?bfmeTheDFF@@3PAVBfmeGlobalDFF@@A,0x012F1028
?bfmeTheOneCHF@@3PAVBfmeOneCHF@@A,0x012F1024
?bfmeThePoolCJD@@3VBfmePoolCJD@@A,0x0134FB38
?bfmeTheTwoCHF@@3PAVBfmeTwoCHF@@A,0x012F1028
?bfmeThingRegistry_0088B70@@3PAVRva0088B70ThingRegistry@@A,0x012EF1D8
?bfmeTryAIA@@YAHPAVBfmeThingAIA@@PAUBfmeSlotAIA@@@Z,0x004D4430
?bfmeUnpack8to16Mmx@@YAXPBXPAXH@Z,0x00DC6E40
?bfmeVisitXM@@YAHPAVBfmeProbeXM@@PAUBfmeStateXM@@@Z,0x004CBCD0
?bfmeVtable000A1B30@@3PAHA,0x01073744
?bfmeVtable0012BDD0@@3PAHA,0x01073744
?bfmeVtable007873C0@@3PAHA,0x01126A98
?bfmeVtable007883D0@@3PAHA,0x01126A98
?bfme_LaserFXNugget_vtable@@3EA,0x010F3438
?boxEmissionVolumeRegistryHead@FXParticleSystem@@3PAV?$ConcreteModuleClass@V?$ModuleTag@$04$E?BOX_EMISSION_VOLUME_MODULE_KEY@FXParticleSystem@@3QBDB$E?BOX_EMISSION_VOLUME_MODULE_NAME@2@3QBDBVBoxEmissionVolumeModule@2@VBoxEmissionVolumeModuleTemplate@2@V?$DefaultParticleModule@$04@2@V?$DefaultParticleModuleTemplate@$04@2@@FXParticleSystem@@@1@A,0x012F64FC
?boxEmissionVolumeSourceAt4@FXParticleSystem@@3PAPAXA,0x012F6D6C
?boxEmissionVolumeSourceAt8@FXParticleSystem@@3PAPAXA,0x012F6D68
?boxEmissionVolumeVtable@FXParticleSystem@@3PAPAXA,0x01110F24
?buddyControls@@3VBuddyControls@@A,0x012F4260
?buildFieldParse@AIUpdateModuleData@@SAXAAVMultiIniFieldParse@@@Z,0x004405AC
?buildFieldParse@ActiveBodyModuleData@@SAXAAVMultiIniFieldParse@@@Z,0x00412355
?buildFieldParse@AutoDepositUpdateModuleData@@SAXAAVMultiIniFieldParse@@@Z,0x00417BA2
?buildFieldParse@AutoFindHealingUpdateModuleData@@SAXAAVMultiIniFieldParse@@@Z,0x0041FAF0
?buildFieldParse@BaikonurLaunchPowerModuleData@@SAXAAVMultiIniFieldParse@@@Z,0x00402892
?buildFieldParse@BaseRegenerateUpdateModuleData@@SAXAAVMultiIniFieldParse@@@Z,0x00408DB9
?buildFieldParse@BattlePlanUpdateModuleData@@SAXAAVMultiIniFieldParse@@@Z,0x0041D2F0
?buildFieldParse@BeaconClientUpdateModuleData@@SAXAAVMultiIniFieldParse@@@Z,0x0041F73A
?buildFieldParse@BoneFXUpdateModuleData@@SAXAAVMultiIniFieldParse@@@Z,0x004452EB
?buildFieldParse@BridgeBehaviorModuleData@@SAXAAVMultiIniFieldParse@@@Z,0x00440C5A
?buildFieldParse@CashBountyPowerModuleData@@SAXAAVMultiIniFieldParse@@@Z,0x00428998
?buildFieldParse@CashHackSpecialPowerModuleData@@SAXAAVMultiIniFieldParse@@@Z,0x00438686
?buildFieldParse@CaveContainModuleData@@SAXAAVMultiIniFieldParse@@@Z,0x0041F3BB
?buildFieldParse@CommandButtonHuntUpdateModuleData@@SAXAAVMultiIniFieldParse@@@Z,0x00432358
?buildFieldParse@CommandSetUpgradeModuleData@@SAXAAVMultiIniFieldParse@@@Z,0x0043450E
?buildFieldParse@CostModifierUpgradeModuleData@@SAXAAVMultiIniFieldParse@@@Z,0x00437222
?buildFieldParse@CreateCrateDieModuleData@@SAXAAVMultiIniFieldParse@@@Z,0x00427D5E
?buildFieldParse@CreateObjectDieModuleData@@SAXAAVMultiIniFieldParse@@@Z,0x0040665E
?buildFieldParse@CrushDieModuleData@@SAXAAVMultiIniFieldParse@@@Z,0x004418DA
?buildFieldParse@DemoTrapUpdateModuleData@@SAXAAVMultiIniFieldParse@@@Z,0x0042D484
?buildFieldParse@DynamicShroudClearingRangeUpdateModuleData@@SAXAAVMultiIniFieldParse@@@Z,0x0043C24F
?buildFieldParse@ExperienceScalarUpgradeModuleData@@SAXAAVMultiIniFieldParse@@@Z,0x00449C0B
?buildFieldParse@FireSpreadUpdateModuleData@@SAXAAVMultiIniFieldParse@@@Z,0x00403215
?buildFieldParse@FireWeaponUpdateModuleData@@SAXAAVMultiIniFieldParse@@@Z,0x0041906A
?buildFieldParse@FireWeaponWhenDamagedBehaviorModuleData@@SAXAAVMultiIniFieldParse@@@Z,0x0042B1F7
?buildFieldParse@FireWeaponWhenDeadBehaviorModuleData@@SAXAAVMultiIniFieldParse@@@Z,0x0042F3B0
?buildFieldParse@FirestormDynamicGeometryInfoUpdateModuleData@@SAXAAVMultiIniFieldParse@@@Z,0x0044A5ED
?buildFieldParse@FlightDeckBehaviorModuleData@@SAXAAVMultiIniFieldParse@@@Z,0x00407E64
?buildFieldParse@FloatUpdateModuleData@@SAXAAVMultiIniFieldParse@@@Z,0x0043BEB7
?buildFieldParse@GarrisonContainModuleData@@SAXAAVMultiIniFieldParse@@@Z,0x004122FB
?buildFieldParse@Gen_001260D0@@SAXAAVMultiIniFieldParse@@@Z,0x004336BD
?buildFieldParse@GrantStealthBehaviorModuleData@@SAXAAVMultiIniFieldParse@@@Z,0x00443E32
?buildFieldParse@HeightDieUpdateModuleData@@SAXAAVMultiIniFieldParse@@@Z,0x004390AE
?buildFieldParse@HordeUpdateModuleData@@SAXAAVMultiIniFieldParse@@@Z,0x00408454
?buildFieldParse@InstantDeathBehaviorModuleData@@SAXAAVMultiIniFieldParse@@@Z,0x0042B0EE
?buildFieldParse@JetAIUpdateModuleData@@SAXAAVMultiIniFieldParse@@@Z,0x00417283
?buildFieldParse@LaserUpdateModuleData@@SAXAAVMultiIniFieldParse@@@Z,0x00413192
?buildFieldParse@LockWeaponCreateModuleData@@SAXAAVMultiIniFieldParse@@@Z,0x00411E5A
?buildFieldParse@MaxHealthUpgradeModuleData@@SAXAAVMultiIniFieldParse@@@Z,0x00414128
?buildFieldParse@MissileAIUpdateModuleData@@SAXAAVMultiIniFieldParse@@@Z,0x004392CF
?buildFieldParse@NeutronMissileUpdateModuleData@@SAXAAVMultiIniFieldParse@@@Z,0x00446E16
?buildFieldParse@OCLSpecialPowerModuleData@@SAXAAVMultiIniFieldParse@@@Z,0x004060B4
?buildFieldParse@OCLUpdateModuleData@@SAXAAVMultiIniFieldParse@@@Z,0x0041755D
?buildFieldParse@OpenContainModuleData@@SAXAAVMultiIniFieldParse@@@Z,0x00419772
?buildFieldParse@ParticleUplinkCannonUpdateModuleData@@SAXAAVMultiIniFieldParse@@@Z,0x00421652
?buildFieldParse@PhysicsBehaviorModuleData@@SAXAAVMultiIniFieldParse@@@Z,0x004025EA
?buildFieldParse@PointDefenseLaserUpdateModuleData@@SAXAAVMultiIniFieldParse@@@Z,0x0040312A
?buildFieldParse@PoisonedBehaviorModuleData@@SAXAAVMultiIniFieldParse@@@Z,0x0040E4DA
?buildFieldParse@ProductionUpdateModuleData@@SAXAAVMultiIniFieldParse@@@Z,0x00434B17
?buildFieldParse@ProneUpdateModuleData@@SAXAAVMultiIniFieldParse@@@Z,0x0042202F
?buildFieldParse@PropagandaTowerBehaviorModuleData@@SAXAAVMultiIniFieldParse@@@Z,0x004405AC
?buildFieldParse@RadarUpdateModuleData@@SAXAAVMultiIniFieldParse@@@Z,0x00433E83
?buildFieldParse@RepairDockUpdateModuleData@@SAXAAVMultiIniFieldParse@@@Z,0x00430521
?buildFieldParse@RetailCollideModuleDataBase@@SAXAAVMultiIniFieldParse@@@Z,0x0043572E
?buildFieldParse@RetailDamageModuleDataBase@@SAXAAVMultiIniFieldParse@@@Z,0x0043572E
?buildFieldParse@RetailUpdateModuleDataBase@@SAXAAVMultiIniFieldParse@@@Z,0x0043572E
?buildFieldParse@RiderChangeContainModuleData@@SAXAAVMultiIniFieldParse@@@Z,0x0042AF8B
?buildFieldParse@Rva0028BB10ModuleData@@SAXAAVMultiIniFieldParse@@@Z,0x00402D10
?buildFieldParse@S4ModuleData00116640@@SAXAAVMultiIniFieldParse@@@Z,0x00420B8F
?buildFieldParse@S4ModuleData00116D80@@SAXAAVMultiIniFieldParse@@@Z,0x0043C8B2
?buildFieldParse@S4ModuleData00116E90@@SAXAAVMultiIniFieldParse@@@Z,0x0043A404
?buildFieldParse@S4ModuleData0012A070@@SAXAAVMultiIniFieldParse@@@Z,0x00437533
?buildFieldParse@S4ModuleData006BF930@@SAXAAVMultiIniFieldParse@@@Z,0x0043B7F0
?buildFieldParse@SlowDeathBehaviorModuleData@@SAXAAVMultiIniFieldParse@@@Z,0x0043BD86
?buildFieldParse@SpecialAbilityUpdateModuleData@@SAXAAVMultiIniFieldParse@@@Z,0x0040629E
?buildFieldParse@SpectreGunshipUpdateModuleData@@SAXAAVMultiIniFieldParse@@@Z,0x004388BB
?buildFieldParse@SpyVisionSpecialPowerModuleData@@SAXAAVMultiIniFieldParse@@@Z,0x004392CF
?buildFieldParse@SpyVisionUpdateModuleData@@SAXAAVMultiIniFieldParse@@@Z,0x004318B8
?buildFieldParse@StatusBitsUpgradeModuleData@@SAXAAVMultiIniFieldParse@@@Z,0x004102C6
?buildFieldParse@StealthDetectorUpdateModuleData@@SAXAAVMultiIniFieldParse@@@Z,0x004086CA
?buildFieldParse@StructureCollapseUpdateModuleData@@SAXAAVMultiIniFieldParse@@@Z,0x00432CAE
?buildFieldParse@StructureToppleUpdateModuleData@@SAXAAVMultiIniFieldParse@@@Z,0x0042F261
?buildFieldParse@SupplyCenterDockUpdateModuleData@@SAXAAVMultiIniFieldParse@@@Z,0x0040CBFD
?buildFieldParse@SupplyTruckAIUpdateModuleData@@SAXAAVMultiIniFieldParse@@@Z,0x00407C43
?buildFieldParse@SupplyWarehouseCripplingBehaviorModuleData@@SAXAAVMultiIniFieldParse@@@Z,0x0042C2BE
?buildFieldParse@SupplyWarehouseDockUpdateModuleData@@SAXAAVMultiIniFieldParse@@@Z,0x0041AAE6
?buildFieldParse@ToppleUpdateModuleData@@SAXAAVMultiIniFieldParse@@@Z,0x00446E07
?buildFieldParse@TransitionDamageFXModuleData@@SAXAAVMultiIniFieldParse@@@Z,0x0042938E
?buildFieldParse@TransportContainModuleData@@SAXAAVMultiIniFieldParse@@@Z,0x004492E7
?buildFieldParse@TunnelContainModuleData@@SAXAAVMultiIniFieldParse@@@Z,0x00420A72
?buildFieldParse@TurretAIData@@SAXAAVMultiIniFieldParse@@@Z,0x004064BA
?buildFieldParse@UnitCrateCollideModuleData@@SAXAAVMultiIniFieldParse@@@Z,0x0043215A
?buildFieldParse@UpgradeDieModuleData@@SAXAAVMultiIniFieldParse@@@Z,0x0041F3D4
?buildFieldParse@UpgradeModuleData@@SAXAAVMultiIniFieldParse@@@Z,0x004365E8
?buildFieldParse@W3DLaserDrawModuleData@@SAXAAVMultiIniFieldParse@@@Z,0x00408454
?buildFieldParse@W3DOverlordTankDrawModuleData@@SAXAAVMultiIniFieldParse@@@Z,0x00412689
?buildFieldParse@W3DTreeDrawModuleData@@SAXAAVMultiIniFieldParse@@@Z,0x00447E5B
?buildFieldParse@WorkerAIUpdateModuleData@@SAXAAVMultiIniFieldParse@@@Z,0x0043869F
?butterflyDrawRegistryHead@FXParticleSystem@@3PAV?$ConcreteModuleClass@V?$ModuleTag@$05$E?BUTTERFLY_DRAW_MODULE_KEY@FXParticleSystem@@3QBDB$E?BUTTERFLY_DRAW_MODULE_NAME@2@3QBDBVButterflyDrawModule@2@VButterflyDrawModuleTemplate@2@V?$DefaultParticleModule@$05@2@V?$DefaultParticleModuleTemplate@$05@2@@FXParticleSystem@@@1@A,0x012F6500
?butterflyDrawSourceAt4@FXParticleSystem@@3PAPAXA,0x012F6CB4
?butterflyDrawSourceAt8@FXParticleSystem@@3PAPAXA,0x012F6CB0
?butterflyDrawVtable@FXParticleSystem@@3PAPAXA,0x01110DD0
?buttonBack@@3RAVGameWindow@@A,0x012F480C
?buttonBackID@@3W4NameKeyType@@A,0x012F3EA0
?buttonBackKey@PopupReplayState@@3W4NameKeyType@@A,0x012F404C
?buttonBuddiesID@@3W4NameKeyType@@A,0x012F3FE0
?buttonCancelID@@3W4NameKeyType@@A,0x012F3F00
?buttonCancelID@PopupJoinGameState@@3HA,0x012F3F4C
?buttonCancelID@PopupJoinGameState@@3W4NameKeyType@@A,0x012F3F4C
?buttonCloseID@@3W4NameKeyType@@A,0x012F3FDC
?buttonCreateGameID@@3W4NameKeyType@@A,0x012F3EF4
?buttonDeleteAccountID@@3W4NameKeyType@@A,0x012F3FE8
?buttonHideID@@3HA,0x012F41C0
?buttonHostID@@3W4NameKeyType@@A,0x012F3EA4
?buttonJoinID@@3W4NameKeyType@@A,0x012F3EA8
?buttonMute@@3PAPAVGameWindow@@A,0x012F3838
?buttonPushed@@3_NA,0x012F3E9D
?buttonQuitID@@3HA,0x012F39C0
?buttonSaveKey@PopupReplayState@@3W4NameKeyType@@A,0x012F4050
?buttonSelectMap@@3PAVGameWindow@@A,0x012F3C0C
?buttonSetLocaleID@@3W4NameKeyType@@A,0x012F3FE4
?buttonStart@@3PAVGameWindow@@A,0x012F3C08
?buttonUnMute@@3PAPAVGameWindow@@A,0x012F3858
?byte_134CA48@@3PADA,0x0134CA48
?byte_134CB4C@@3_NA,0x0134CB4C
?byte_134CB50@@3PADA,0x0134CB50
?c_BoxFilter2D_A8R8G8B8@D3DXTex@@YGJPAI0IIII@Z,0x00E2C431
?callback0133786C@@3P6AXPBD000H@ZA,0x0133786C
?callbackWrapper@@YAXPAPAXPAX1@Z,0x00438CD0
?cantConnectBeforeOnline@@3EA,0x012F716D
?cerr@_STL@@3V?$basic_ostream@DV?$char_traits@D@_STL@@@1@A,0x0130BF40
?chatNormalColor@@3HA,0x012B73F8
?chatSystemColor@@3HA,0x012BA0D4
?chatSystemColor@@3HB,0x012BA0D4
?checkBoxAllowObservers@@3PAVGameWindow@@A,0x012F3F1C
?checkBoxAsianFont@@3PAVGameWindow@@A,0x012F400C
?checkBoxAsianFontID@@3W4NameKeyType@@A,0x012F3FEC
?checkBoxNonAsianFont@@3PAVGameWindow@@A,0x012F4010
?checkBoxNonAsianFontID@@3W4NameKeyType@@A,0x012F3FF0
?checkingForPatchBeforeGameSpy@@3EA,0x012F7160
?checksLeftBeforeOnline@@3HA,0x012F7164
?cin@_STL@@3V?$basic_istream@DV?$char_traits@D@_STL@@@1@A,0x0130BED8
?clog@_STL@@3V?$basic_ostream@DV?$char_traits@D@_STL@@@1@A,0x0130BE08
?comboBoxLadderName@@3PAVGameWindow@@A,0x012F3F28
?comboBoxLadderNameID@@3W4NameKeyType@@A,0x012F3F08
?comboBoxPlayer@@3PAPAVGameWindow@@A,0x012F3C24
?comboboxRemoteIP@@3PAVGameWindow@@A,0x012F3EC8
?commandButtonTooltip@@YAXPAVGameWindow@@PAVWinInstanceData@@I@Z,0x0089CA90
?compare@D3DXShader@@YAHPBX0@Z,0x00E4307E
?compressed_diffuse@PointGroupClass@@0V?$VectorClass@VVector4@@@@A,0x01343688
?compressed_frame@PointGroupClass@@0V?$VectorClass@E@@A,0x012D6ED8
?compressed_loc@PointGroupClass@@0V?$VectorClass@VVector3@@@@A,0x013436A8
?compressed_orient@PointGroupClass@@0V?$VectorClass@E@@A,0x012D6EC8
?compressed_size@PointGroupClass@@0V?$VectorClass@M@@A,0x012D6EB8
?configBuffer@@3PADA,0x012F7174
?configCallback@@YA?AW4GHTTPBool@@HW4GHTTPResult@@PAD_JPAX@Z,0x00A2EEE0
?connectCallbackWrapper@@YAXPAXH0@Z,0x0040B357
?const3dn_0_1@@3T__m64@@B,0x0114F360
?const3dn_1_1@@3T__m64@@B,0x0114F380
?const3dn_1_N1@@3T__m64@@B,0x0114F370
?const3dn_2_2@@3T__m64@@B,0x0114F388
?const3dn_3_2@@3T__m64@@B,0x0114F390
?const3dn_FltMin@@3T__m64@@B,0x0114F3F0
?const3dn_SignBitHi@@3T__m64@@B,0x0114F3A0
?const3dn_SignBitLo@@3T__m64@@B,0x0114F398
?const3dn_SignBits@@3T__m64@@B,0x0114F3A8
?const3dn_SignMaskHi@@3T__m64@@B,0x0114F3B8
?const3dn_SignMaskLo@@3T__m64@@B,0x0114F3B0
?const3dn_SignMasks@@3T__m64@@B,0x0114F3C0
?const3dn_dwordLo@@3T__m64@@B,0x0114F3D0
?const3dn_epsilon@@3T__m64@@B,0x0114F3C8
?const3dn_halves@@3T__m64@@B,0x0114F3E8
?containedFXAt0025FD80@@YAXPAVObject@@PAX@Z,0x0065FD80
?copyTwelveVec3@@YAXPBURva009C6DA0Vec3@@PAU1@HH@Z,0x00DC6DA0
?cout@_STL@@3V?$basic_ostream@DV?$char_traits@D@_STL@@@1@A,0x0130BDA0
?createButtonFlashTransition@@YAPAVTransition@@XZ,0x0042820E
?createControlBarArrowTransition@@YAPAVTransition@@XZ,0x00403CD8
?createCountUpTransition@@YAPAVTransition@@XZ,0x0043B68D
?createFlashTransition@@YAPAVTransition@@XZ,0x0042342A
?createFreezePostLoadSoundsTransition@@YAPAVTransition@@XZ,0x0044AEDA
?createFullFadeTransition@@YAPAVTransition@@XZ,0x0043051C
?createImageCrossFadeTransition@@YAPAVTransition@@XZ,0x00436228
?createImageFadeTransition@@YAPAVTransition@@XZ,0x00422AD4
?createMainMenuMediumScaleUpTransition@@YAPAVTransition@@XZ,0x00423D08
?createMainMenuScaleUpTransition@@YAPAVTransition@@XZ,0x0040DF03
?createMainMenuSmallScaleDownTransition@@YAPAVTransition@@XZ,0x004413FD
?createReverseSoundTransition@@YAPAVTransition@@XZ,0x00421599
?createRoomCallback@@YAXPAXHW4PEERJoinResult@@W4RoomType@@0@Z,0x00A42CD0
?createScaleUpTransition@@YAPAVTransition@@XZ,0x004472B7
?createScoreScaleUpTransition@@YAPAVTransition@@XZ,0x0040A8BC
?createScreenFadeTransition@@YAPAVTransition@@XZ,0x0041AD7F
?createSoundFadeTransition@@YAPAVTransition@@XZ,0x0040BBDB
?createTextOnFrameTransition@@YAPAVTransition@@XZ,0x00403332
?createTextTypeTransition@@YAPAVTransition@@XZ,0x00435BDE
?createWinFadeTransition@@YAPAVTransition@@XZ,0x00445E58
?ctrl@@3VUnicodeString@@A,0x012F3AFC
?ctrlDown@@3_NA,0x012F3AF6
?customMatchGameListTooltip@@YAXPAVGameWindow@@PAVWinInstanceData@@I@Z,0x0093A280
?cylinderEmissionVolumeRegistryHead@FXParticleSystem@@3PAV?$ConcreteModuleClass@V?$ModuleTag@$04$E?CYLINDER_EMISSION_VOLUME_MODULE_KEY@FXParticleSystem@@3QBDB$E?CYLINDER_EMISSION_VOLUME_MODULE_NAME@2@3QBDBVCylinderEmissionVolumeModule@2@VCylinderEmissionVolumeModuleTemplate@2@V?$DefaultParticleModule@$04@2@V?$DefaultParticleModuleTemplate@$04@2@@FXParticleSystem@@@1@A,0x012F64FC
?cylinderEmissionVolumeSourceAt4@FXParticleSystem@@3PAPAXA,0x012F6D7C
?cylinderEmissionVolumeSourceAt8@FXParticleSystem@@3PAPAXA,0x012F6D78
?cylinderEmissionVolumeVtable@FXParticleSystem@@3PAPAXA,0x01110F3C
?cylindricalEmissionVelocityRegistryHead@FXParticleSystem@@3PAV?$ConcreteModuleClass@V?$ModuleTag@$03$E?CYLINDRICAL_EMISSION_VELOCITY_MODULE_KEY@FXParticleSystem@@3QBDB$E?CYLINDRICAL_EMISSION_VELOCITY_MODULE_NAME@2@3QBDBVCylindricalEmissionVelocityModule@2@VCylindricalEmissionVelocityModuleTemplate@2@V?$DefaultParticleModule@$03@2@V?$DefaultParticleModuleTemplate@$03@2@@FXParticleSystem@@@1@A,0x012F64F8
?cylindricalEmissionVelocitySourceAt4@FXParticleSystem@@3PAPAXA,0x012F6D4C
?cylindricalEmissionVelocitySourceAt8@FXParticleSystem@@3PAPAXA,0x012F6D48
?cylindricalEmissionVelocityVtable@FXParticleSystem@@3PAPAXA,0x01110F00
?d3dxasm_char@D3DXShader@@3HA,0x013513E8
?d3dxasm_check@D3DXShader@@3PAFA,0x012DD908
?d3dxasm_defred@D3DXShader@@3PAFA,0x012DD320
?d3dxasm_dgoto@D3DXShader@@3PAFA,0x012DD428
?d3dxasm_errflag@D3DXShader@@3HA,0x013513EC
?d3dxasm_gindex@D3DXShader@@3PAFA,0x012DD678
?d3dxasm_len@D3DXShader@@3PAFA,0x012DD2A0
?d3dxasm_lhs@D3DXShader@@3PAFA,0x012DD220
?d3dxasm_lval@D3DXShader@@3HA,0x013513D8
?d3dxasm_nerrs@D3DXShader@@3HA,0x013513F0
?d3dxasm_rindex@D3DXShader@@3PAFA,0x012DD570
?d3dxasm_sindex@D3DXShader@@3PAFA,0x012DD468
?d3dxasm_ss@D3DXShader@@3PAFA,0x01350FF0
?d3dxasm_ssp@D3DXShader@@3PAFA,0x013513E4
?d3dxasm_table@D3DXShader@@3PAFA,0x012DD6B8
?d3dxasm_val@D3DXShader@@3HA,0x013513DC
?d3dxasm_vs@D3DXShader@@3PAHA,0x01350820
?d3dxasm_vsp@D3DXShader@@3PAHA,0x013513E0
?d3dxshader_char@D3DXShader@@3HA,0x01351FD8
?d3dxshader_check@D3DXShader@@3PAFA,0x012E2598
?d3dxshader_defred@D3DXShader@@3PAFA,0x012DFD58
?d3dxshader_dgoto@D3DXShader@@3PAFA,0x012E0120
?d3dxshader_errflag@D3DXShader@@3HA,0x01351FDC
?d3dxshader_gindex@D3DXShader@@3PAFA,0x012E0998
?d3dxshader_len@D3DXShader@@3PAFA,0x012DFB08
?d3dxshader_lhs@D3DXShader@@3PAFA,0x012DF8B8
?d3dxshader_lval@D3DXShader@@3HA,0x01351FC8
?d3dxshader_nerrs@D3DXShader@@3HA,0x01351FE0
?d3dxshader_rindex@D3DXShader@@3PAFA,0x012E05D0
?d3dxshader_sindex@D3DXShader@@3PAFA,0x012E0208
?d3dxshader_ss@D3DXShader@@3PAFA,0x01351BE0
?d3dxshader_ssp@D3DXShader@@3PAFA,0x01351FD4
?d3dxshader_table@D3DXShader@@3PAFA,0x012E0A80
?d3dxshader_val@D3DXShader@@3HA,0x01351FCC
?d3dxshader_vs@D3DXShader@@3PAHA,0x01351410
?d3dxshader_vsp@D3DXShader@@3PAHA,0x01351FD0
?d3dxtok_char@D3DXShader@@3HA,0x013507E8
?d3dxtok_check@D3DXShader@@3PAFA,0x012DCF38
?d3dxtok_defred@D3DXShader@@3PAFA,0x012DCA30
?d3dxtok_dgoto@D3DXShader@@3PAFA,0x012DCAD0
?d3dxtok_errflag@D3DXShader@@3HA,0x013507EC
?d3dxtok_gindex@D3DXShader@@3PAFA,0x012DCC30
?d3dxtok_len@D3DXShader@@3PAFA,0x012DC9D0
?d3dxtok_lhs@D3DXShader@@3PAFA,0x012DC970
?d3dxtok_lval@D3DXShader@@3HA,0x013507D8
?d3dxtok_nerrs@D3DXShader@@3HA,0x013507F0
?d3dxtok_rindex@D3DXShader@@3PAFA,0x012DCB90
?d3dxtok_sindex@D3DXShader@@3PAFA,0x012DCAF0
?d3dxtok_ss@D3DXShader@@3PAFA,0x013503F0
?d3dxtok_ssp@D3DXShader@@3PAFA,0x013507E4
?d3dxtok_table@D3DXShader@@3PAFA,0x012DCC50
?d3dxtok_val@D3DXShader@@3HA,0x013507DC
?d3dxtok_vs@D3DXShader@@3PAHA,0x0134FC20
?d3dxtok_vsp@D3DXShader@@3PAHA,0x013507E0
?d_001072a0@@YAXHHH@Z,0x0043F431
?d_001072f0@@YAXXZ,0x0041D98A
?d_004ce850@@YAXXZ,0x008CE850
?d_006517e0@@YAXXZ,0x00A517E0
?d_00819920@@YAXXZ,0x00C19920
?d_0088dc30@@YAXXZ,0x00C8DC30
?d_008a1e80@@YAXXZ,0x00CA1E80
?d_009a5f50@@YAXXZ,0x00DA5F50
?d_009b8130@@YAXXZ,0x00DB8130
?d_009b9700@@YAXXZ,0x00DB9700
?d_009bebb0@@YAXXZ,0x00DBEBB0
?d_009bfa40@@YAXXZ,0x00DBFA40
?d_009c0a30@@YAXXZ,0x00DC0A30
?d_009c1ed0@@YAXXZ,0x00DC1ED0
?d_009c6cb0@@YAXXZ,0x00DC6CB0
?d_009c6d30@@YAXXZ,0x00DC6D30
?d_009c74f0@@YAXXZ,0x00DC74F0
?d_009c7760@@YAXXZ,0x00DC7760
?dataFieldParse@?1??buildFieldParse@AutoHealBehaviorModuleData@@SAXAAVMultiIniFieldParse@@@Z@4QBUFieldParse@@B,0x010A5D68
?dataFieldParse@?1??buildFieldParse@CountermeasuresBehaviorModuleData@@SAXAAVMultiIniFieldParse@@@Z@4QBUFieldParse@@B,0x0108B330
?dataFieldParse@?1??buildFieldParse@CreateCrateDieModuleData@@SAXAAVMultiIniFieldParse@@@Z@4QBUFieldParse@@B,0x0108B560
?dataFieldParse@?1??buildFieldParse@CrushDieModuleData@@SAXAAVMultiIniFieldParse@@@Z@4QBUFieldParse@@B,0x0108B5AC
?dataFieldParse@?1??buildFieldParse@DamageModuleData@@SAXAAVMultiIniFieldParse@@@Z@4QBUFieldParse@@B,0x0108AE8C
?dataFieldParse@?1??buildFieldParse@FireWeaponWhenDamagedBehaviorModuleData@@SAXAAVMultiIniFieldParse@@@Z@4QBUFieldParse@@B,0x0108EE60
?dataFieldParse@?1??buildFieldParse@SpecialPowerCompletionDieModuleData@@SAXAAVMultiIniFieldParse@@@Z@4QBUFieldParse@@B,0x0108B6D0
?dataFieldParse@?1??buildFieldParse@SpyVisionUpdateModuleData@@SAXAAVMultiIniFieldParse@@@Z@4QBUFieldParse@@B,0x0108B330
?dataFieldParse@?1??buildFieldParse@TransitionDamageFXModuleData@@SAXAAVMultiIniFieldParse@@@Z@4QBUFieldParse@@B,0x0108DBF0
?dataFieldParse@?1??buildFieldParse@UpgradeDieModuleData@@SAXAAVMultiIniFieldParse@@@Z@4QBUFieldParse@@B,0x0108B7CC
?dataFieldParse@?1??getFieldParse@UpgradeMuxData@@SAPBUFieldParse@@XZ@4QBU3@B,0x010898A0
?defaultModuleTag0CurrentInstance@FXParticleSystem@@3PAV?$ConcreteModuleClass@V?$DefaultModuleTag@$0A@@FXParticleSystem@@@1@A,0x012F64C4
?defaultModuleTag0RegistryHead@FXParticleSystem@@3PAV?$ConcreteModuleClass@V?$DefaultModuleTag@$0A@@FXParticleSystem@@@1@A,0x012F64E8
?defaultModuleTag0SourceAt4@FXParticleSystem@@3PAPAXA,0x012F6CE0
?defaultModuleTag0SourceAt8@FXParticleSystem@@3PAPAXA,0x012F6CE4
?defaultModuleTag0Vtable@FXParticleSystem@@3PAPAXA,0x011113B8
?defaultModuleTag1CurrentInstance@FXParticleSystem@@3PAV?$ConcreteModuleClass@V?$DefaultModuleTag@$00@FXParticleSystem@@@1@A,0x012F64C8
?defaultModuleTag1RegistryHead@FXParticleSystem@@3PAV?$ConcreteModuleClass@V?$DefaultModuleTag@$00@FXParticleSystem@@@1@A,0x012F64EC
?defaultModuleTag1SourceAt4@FXParticleSystem@@3PAPAXA,0x012F6CD0
?defaultModuleTag1SourceAt8@FXParticleSystem@@3PAPAXA,0x012F6CD4
?defaultModuleTag1Vtable@FXParticleSystem@@3PAPAXA,0x011113AC
?defaultModuleTag2CurrentInstance@FXParticleSystem@@3PAV?$ConcreteModuleClass@V?$DefaultModuleTag@$01@FXParticleSystem@@@1@A,0x012F64CC
?defaultModuleTag2RegistryHead@FXParticleSystem@@3PAV?$ConcreteModuleClass@V?$DefaultModuleTag@$01@FXParticleSystem@@@1@A,0x012F64F0
?defaultModuleTag2SourceAt4@FXParticleSystem@@3PAPAXA,0x012F6D00
?defaultModuleTag2SourceAt8@FXParticleSystem@@3PAPAXA,0x012F6D04
?defaultModuleTag2Vtable@FXParticleSystem@@3PAPAXA,0x011113D0
?defaultModuleTag3CurrentInstance@FXParticleSystem@@3PAV?$ConcreteModuleClass@V?$DefaultModuleTag@$02@FXParticleSystem@@@1@A,0x012F64D0
?defaultModuleTag3RegistryHead@FXParticleSystem@@3PAV?$ConcreteModuleClass@V?$DefaultModuleTag@$02@FXParticleSystem@@@1@A,0x012F64F4
?defaultModuleTag3SourceAt4@FXParticleSystem@@3PAPAXA,0x012F6CF0
?defaultModuleTag3SourceAt8@FXParticleSystem@@3PAPAXA,0x012F6CF4
?defaultModuleTag3Vtable@FXParticleSystem@@3PAPAXA,0x011113C4
?defaultModuleTag6CurrentInstance@FXParticleSystem@@3PAV?$ConcreteModuleClass@V?$DefaultModuleTag@$05@FXParticleSystem@@@1@A,0x012F64DC
?defaultModuleTag6RegistryHead@FXParticleSystem@@3PAV?$ConcreteModuleClass@V?$DefaultModuleTag@$05@FXParticleSystem@@@1@A,0x012F6500
?defaultModuleTag6SourceAt4@FXParticleSystem@@3PAPAXA,0x012F6C98
?defaultModuleTag6SourceAt8@FXParticleSystem@@3PAPAXA,0x012F6C9C
?defaultModuleTag6Vtable@FXParticleSystem@@3PAPAXA,0x01111338
?defaultModuleTag7CurrentInstance@FXParticleSystem@@3PAV?$ConcreteModuleClass@V?$DefaultModuleTag@$06@FXParticleSystem@@@1@A,0x012F64E0
?defaultModuleTag7RegistryHead@FXParticleSystem@@3PAV?$ConcreteModuleClass@V?$DefaultModuleTag@$06@FXParticleSystem@@@1@A,0x012F6504
?defaultModuleTag7SourceAt4@FXParticleSystem@@3PAPAXA,0x012F6D10
?defaultModuleTag7SourceAt8@FXParticleSystem@@3PAPAXA,0x012F6D14
?defaultModuleTag7Vtable@FXParticleSystem@@3PAPAXA,0x011113DC
?deleteTeamCallback@@YAXPAVTeam@@@Z,0x004F6E10
?detailAlphaShader@@3VShaderClass@@A,0x012BA78C
?device01340534@@3PAXA,0x01340534
?disabledDownButtonDrawData@@3PAUWinDrawData@@A,0x012F1ED8
?disabledDropDownButtonDrawData@@3PAUWinDrawData@@A,0x012F2418
?disabledEditBoxDrawData@@3PAUWinDrawData@@A,0x012F22C8
?disabledListBoxDrawData@@3PAUWinDrawData@@A,0x012F2178
?disabledSliderDrawData@@3PAUWinDrawData@@A,0x012F1D88
?disabledSliderThumbDrawData@@3PAUWinDrawData@@A,0x012F1C38
?disabledUpButtonDrawData@@3PAUWinDrawData@@A,0x012F2028
?disconnectedCallback@@YAXPAXPBD0@Z,0x00A46F50
?dlink_next_TeamBuildQueue@TeamInQueue@@QBEPAV1@XZ,0x0042FEE6
?dlink_next_TeamMemberList@BfmeObjectDlinkBase@@QBEPAVBfmeObjectDlinkObject@@XZ,0x00401140
?dlink_next_TeamMemberList@BfmeObjectDlinkBase@@QBEPAVBfmePlayerObjectDlinkObject@@XZ,0x00401140
?dlink_next_TeamMemberList@BfmeObjectDlinkBase@@QBEPAVObject@@XZ,0x00401140
?dlink_next_TeamMemberList@BfmePlayerObjectDlinkBase@@QBEPAVBfmePlayerObjectDlinkObject@@XZ,0x00401140
?dlink_next_TeamMemberList@BfmeTeamControlObjectDlinkBase@@QBEPAVBfmeTeamControlObject@@XZ,0x00401140
?dlink_next_TeamReadyQueue@TeamInQueue@@QBEPAV1@XZ,0x00408224
?drawFunc@@3P6AXPAVGameWindow@@PAVWinInstanceData@@@ZA,0x012F2560
?draw_calls@DX8Wrapper@@0IA,0x0134056C
?draw_calls@DX8Wrapper@@1IA,0x0134056C
?dup_0088dfe0@@YAXXZ,0x00C8DFE0
?dx8_polygons@Debug_Statistics@@3HA,0x01346E64
?dx8_renders@Debug_Statistics@@3HA,0x01346E68
?dx8_skin_polygons@Debug_Statistics@@3HA,0x01346E0C
?dx8_skin_renders@Debug_Statistics@@3HA,0x01346E60
?dx8_skin_vertices@Debug_Statistics@@3HA,0x01346E14
?dx8_vertices@Debug_Statistics@@3HA,0x01346DF0
?editPlayerName@@3PAVGameWindow@@A,0x012F3EC4
?empty@?1??str@AsciiString@@QBEPBDXZ@4DB,0x0107388B
?empty@?1??str@UnicodeString@@QBEPBGXZ@4QBGB,0x0107388C
?emptyString2E1F80@@3VAsciiString@@A,0x01336E50
?enabledDownButtonDrawData@@3PAUWinDrawData@@A,0x012F1F48
?enabledDropDownButtonDrawData@@3PAUWinDrawData@@A,0x012F2488
?enabledEditBoxDrawData@@3PAUWinDrawData@@A,0x012F2338
?enabledListBoxDrawData@@3PAUWinDrawData@@A,0x012F21E8
?enabledSliderDrawData@@3PAUWinDrawData@@A,0x012F1DF8
?enabledSliderThumbDrawData@@3PAUWinDrawData@@A,0x012F1CA8
?enabledUpButtonDrawData@@3PAUWinDrawData@@A,0x012F2098
?enterTime@@3IA,0x012F4530
?fade00565170@@YAIM_N@Z,0x00437498
?fade005651F0@@YAIM_N@Z,0x00435D6E
?fade0060F010@@YAIM_N@Z,0x0042824F
?fadeQueueKey@@3IA,0x012ED588
?findClosestOrphan@@YAHPAVObject@@PAX@Z,0x0060ABA0
?findDrone@@YAXPAVObject@@PAX@Z,0x0054FC10
?flag0133781C@@3EA,0x0133781C
?flag0133781D@@3EA,0x0133781D
?flatTerrainShader2Stage@@3VFlatTerrainShader2Stage@@A,0x012BBFCC
?flatTerrainShaderPixelShader@@3VFlatTerrainShaderPixelShader@@A,0x012BC000
?forcedCRCFrame@@3HA,0x012A6F38
?funcpointer@@3PAP6AXXZA,0x012D4BC0
?g0023C310Va012F0898@@3PAULogic0023C310@@A,0x012F0898
?g0023FA80Va012EF214@@3PAURefresh0023FA80GlobalAI@@A,0x012EF214
?g0023FA80Va012F0898@@3PAURefresh0023FA80GameLogic@@A,0x012F0898
?g0023FDB0Va012EF214@@3PAUAIHub0023FDB0@@A,0x012EF214
?g00240F10Va012EF1D8@@3PAUFactory00240F10@@A,0x012EF1D8
?g00242270Va012EF214@@3PAVRoute00242270@@A,0x012EF214
?g00243070Va012EF214@@3PAVRoute00243070@@A,0x012EF214
?g00243070Va012F0898@@3PAULogic00243070@@A,0x012F0898
?g002432C0Va012EF214@@3PAUHub002432C0@@A,0x012EF214
?g002432C0Va012F0898@@3PAVRoute002432C0@@A,0x012F0898
?g002705D0Va012ED4FC@@3PAXA,0x012ED4FC
?g002705D0Va012EF214@@3PAUMelee002705D0GlobalAI@@A,0x012EF214
?g002705D0Va012EF4CC@@3PAVMelee002705D0Terrain@@A,0x012EF4CC
?g002705D0Va012F0239@@3_NA,0x012F0239
?g002705D0Va012F0898@@3PAUMelee002705D0GameLogic@@A,0x012F0898
?g00897FD0lookup@@3QBCB,0x012D5270
?g00897FD0words@@3QBUR4Word@@B,0x012D5148
?g008A3DC0lookup@@3QBCB,0x012D5458
?g008A3DC0words@@3QBUR4Word@@B,0x012D53C8
?g008A44A0@@3QBUR4Word@@B,0x012D5490
?g008A9710@@3QBUR4Word@@B,0x012D5518
?g008A9710lookup@@3QBCB,0x012D5580
?g008ABF40@@3QBUR4Word@@B,0x012D55E0
?g008B5610@@3QBUR4Word@@B,0x012D56D0
?g008B60B0lookup@@3QBCB,0x012D5858
?g008B60B0words@@3QBUR4Word@@B,0x012D5730
?g008B8AD0@@3QBUR4Word@@B,0x012D5898
?g008D48F0@@3QBUR4Word@@B,0x012D5E18
?g008D4F80@@3QBUR4Word@@B,0x012D64B8
?g008D5DC0@@3QBUR4Word@@B,0x012D65E0
?g012A6F38@@3IA,0x012A6F38
?g012A75B8@@3VStaticNameKey@@A,0x012A75B8
?g012A75C0@@3VStaticNameKey@@A,0x012A75C0
?g012A75C8@@3VStaticNameKey@@A,0x012A75C8
?g012A7918@@3VStaticNameKey@@A,0x012A7918
?g012A7920@@3VStaticNameKey@@A,0x012A7920
?g012A7930@@3VStaticNameKey@@A,0x012A7930
?g012A7938@@3VStaticNameKey@@A,0x012A7938
?g012A7940@@3VStaticNameKey@@A,0x012A7940
?g012A7948@@3VStaticNameKey@@A,0x012A7948
?g012A7988@@3VStaticNameKey@@A,0x012A7988
?g012ED4E5@@3_NA,0x012ED4E5
?g012ED4E6@@3_NA,0x012ED4E6
?g012ED4FC@@3PAURva00065A40@@A,0x012ED4FC
?g012ED5B8@@3PAURva0038DA10System@@A,0x012ED5B8
?g012ED5BC@@3PAURva0038DA10System@@A,0x012ED5BC
?g012ED5C0@@3PAURva0038DA10System@@A,0x012ED5C0
?g012ED5C4@@3PAURva0038DA10System@@A,0x012ED5C4
?g012ED5C8@@3PAURva0038DA10GlobalData@@A,0x012ED5C8
?g012ED5EC@@3PAURva0038DA10CommandList@@A,0x012ED5EC
?g012ED5F0@@3PAURva0038DA10CommandList@@A,0x012ED5F0
?g012ED62C@@3PAURva0038DA10Recorder@@A,0x012ED62C
?g012ED63C@@3PAURva000A2E60@@A,0x012ED63C
?g012ED748@@3PAURva0038DA10PlayerList@@A,0x012ED748
?g012ED750@@3PAURva000E0F30@@A,0x012ED750
?g012ED83C@@3PAURva0038DA10System@@A,0x012ED83C
?g012EF214@@3PAURva0038DA10AI@@A,0x012EF214
?g012EF4CC@@3PAURva0038DA10Terrain@@A,0x012EF4CC
?g012EF504@@3PAURva0038DA10System@@A,0x012EF504
?g012EF734@@3PAURva0038DA10System@@A,0x012EF734
?g012EF738@@3PAURva0038DA10System@@A,0x012EF738
?g012F060C@@3PAURva0038DA10System@@A,0x012F060C
?g012F076C@@3PAURva0038DA10Script@@A,0x012F076C
?g012F079C@@3PAURva0038DA10System@@A,0x012F079C
?g012F0888@@3PAURva0038DA10System@@A,0x012F0888
?g012F0898@@3PAVRva0038DA10GameLogic@@A,0x012F0898
?g012F08A0@@3URva0038C1E0@@A,0x012F08A0
?g012F1044@@3PAURva0038DA10System@@A,0x012F1044
?g012F1464@@3PAURva0038DA10Client@@A,0x012F1464
?g012F1600@@3PAURva0038DA10View@@A,0x012F1600
?g012F706C@@3PAURva0060D3D0@@A,0x012F706C
?g012F708C@@3PAURva001A0390GameInfo@@A,0x012F708C
?g012F708C@@3PAURva0038DA10GameInfo@@A,0x012F708C
?g012F7714@@3PAURva0038DA10Network@@A,0x012F7714
?gFollowPathEntry00178EA0Debug@@3_NA,0x012F0239
?gFollowPathEntry00178EA0Logger@@3PAXA,0x012ED4FC
?g_006eab10@@3HA,0x012F804C
?g_006f9fd0@@3EA,0x012D6D75
?g_006fb9c0@@3HA,0x012BB1CC
?g_006fc8d0@@3EA,0x0133F42F
?g_006fd030@@3MA,0x012F8238
?g_00710e10@@3EA,0x01341220
?g_00710e20@@3EA,0x012D6E04
?g_00710e30@@3EA,0x0133F42C
?g_00716500_count@@3HA,0x01340594
?g_00716500_obj@@3PAUGen_00716500_Obj@@A,0x01340534
?g_0071be90_count@@3HA,0x01340594
?g_0071be90_obj@@3PAUGen_0071be90_Obj@@A,0x01340534
?g_007207e0@@3DA,0x01120FA8
?g_00722110@@3EA,0x012F9D00
?g_01075954@@3MA,0x01075954
?g_01075954@@3MB,0x01075954
?g_01075954@@3MC,0x01075954
?g_01076C24@@3MA,0x01076C24
?g_01076C24@@3MB,0x01076C24
?g_0107C64C@@3MA,0x0107C64C
?g_0107C64C@@3MB,0x0107C64C
?g_01098AD4@@3MA,0x01098AD4
?g_010F0ADC@@3MA,0x010F0ADC
?g_010FA1F8@@3MA,0x010FA1F8
?g_010FA1FC@@3MA,0x010FA1FC
?g_012ED4FC@@3PAXA,0x012ED4FC
?g_012ED5C0@@3PAVGen_012ED5C0@@A,0x012ED5C0
?g_012EF4F0@@3PAVManager012EF4F0@@A,0x012EF4F0
?g_012EF4FC@@3PAVRva006BDB00@@A,0x012EF4FC
?g_012F0239@@3EA,0x012F0239
?g_012F10D0@@3PAVGen_00409040Registry@@A,0x012F10D0
?g_012F11CC@@3MA,0x012F11CC
?g_012F801C@@3HA,0x012F801C
?g_012F8228@@3PAHA,0x012F8228
?g_01306DF0@@3PAVGen_01306DF0@@A,0x01306DF0
?g_01306F18@@3PAVGen_01306F18@@A,0x01306F18
?g_01307178@@3PAVGen_01307178@@A,0x01307178
?g_AIAttackFireDuringApproachStateVTable@@3HA,0x0109A640
?g_AIAttackFollowWaypointPathStateVTable@@3HA,0x0109B220
?g_AIAttackMeleeApproachStateVTable@@3HA,0x0109A6C0
?g_AIAttackMeleeEngageStateVTable@@3HA,0x01099848
?g_AIAttackMeleeSquishStateVTable@@3HA,0x0109A738
?g_AIBackAwayStateVTable@@3HA,0x0109AE00
?g_AICowerStateVTable@@3HA,0x01098408
?g_AIEnterStateVTable@@3HA,0x0109ABD0
?g_AIFaceStateVTable@@3HA,0x0109AD20
?g_AIFollowPathAsTeamStateVTable@@3HA,0x01099C08
?g_AIFollowWaypointPathStateVTable@@3HA,0x0109A7B0
?g_AIIdleStateVTable@@3HA,0x010985B0
?g_AIMoveToStateVTable@@3HA,0x01098F08
?g_AIPanicStateVTable@@3HA,0x0109A988
?g_AIPickUpCrateStateVTable@@3HA,0x010960D0
?g_AITNGuardAttackAggressorStateVTable@@3HA,0x0109B7A0
?g_AITNGuardIdleStateVTable@@3HA,0x0109B5E0
?g_AITNGuardInnerStateVTable@@3HA,0x0109B560
?g_AITNGuardOuterStateVTable@@3HA,0x0109B650
?g_AITNGuardPickUpCrateStateVTable@@3HA,0x0109B748
?g_AITNGuardReturnStateVTable@@3HA,0x0109B6D0
?g_AIWanderStateVTable@@3HA,0x0109A8A8
?g_BFMEFontCharsList@@3VBFMEFontCharsList@@A,0x01306C6C
?g_BFMEIndexBufferDebug@@3PAVBFMEDebugClass008FC660@@A,0x01336E5C
?g_BFMEIndexBufferDebug@@3PAVBFMEDebugClass008FC710@@A,0x01336E5C
?g_BFMEIndexBufferDebug@@3PAVBFMEDebugClass008FCF40@@A,0x01336E5C
?g_BFMEIndexBufferDebug@@3PAVBFMEIndexBufferDebugClass@@A,0x01336E5C
?g_BFMEIndexBufferDebug@@3PAVBfmeLogIBD@@A,0x01336E5C
?g_BFMEIndexBufferDebug@@3PAVRva00904BE0Debug@@A,0x01336E5C
?g_BFMEIndexBufferDebug@@3PAVTruckBoneDebugManager@@A,0x01336E5C
?g_BfmeD3DDevice@@3PAVBfmeD3DDevice@@A,0x01340534
?g_CpuOptimization@@3W4_D3DX_CPU_OPTIMIZATION@@A,0x012DC04C
?g_CriticalSection@D3DXShader@@3U_RTL_CRITICAL_SECTION@@A,0x013507F8
?g_D3DXFastTable@@3UD3DXFASTTABLE@@A,0x012DBDF8
?g_D3DXFastTableC@@3UD3DXFASTTABLE@@A,0x012DBF20
?g_D3DXMatrixInverseImport@@3P6GPAXPAXPAMPBX@ZA,0x012DBE40
?g_Gen003bcb40@@3PAVGen_003bcb40@@A,0x012F1028
?g_Gen0060D600@@3PAVGen_0060D600@@A,0x012F706C
?g_GiantBirdGuardOuterStateVTable@@3HA,0x010C7CB8
?g_Glo00EED810@@3PAVGlo00EED810@@A,0x012ED810
?g_Glo00EF19E8@@3PAVGlo00EF19E8@@A,0x012F19E8
?g_Glo00EF3330@@3PAVGlo00EF3330@@A,0x012F3330
?g_Glo00EF3350@@3PAVRva00490280@@A,0x012F3350
?g_Glo00EF4988@@3PAVGlo00EF4988@@A,0x012F4988
?g_Glo00EF4B70@@3PAVGen005847F0@@A,0x012F4B70
?g_Glo00EF7048@@3PAVGlo00EF7048@@A,0x012F7048
?g_Glo00EF9D98@@3PAVGen0072F080@@A,0x012F9D98
?g_Glo00F04B64@@3PAVGen00754850@@A,0x01304B64
?g_Glo00F5280C@@3HA,0x0135280C
?g_Glo00F52810@@3HA,0x01352810
?g_INIExceptionThrowInfo@@3HA,0x011DFC30
?g_LegacySwizzle@D3DXShader@@3PAIA,0x012E40F8
?g_NAMEKEY_empty_string@@3DB,0x0107388B
?g_NumContenders@D3DXShader@@3JC,0x01350810
?g_ObfRecord012A6FF4@@3UBigObfSelectorRecord@@A,0x012A6FF4
?g_ObfRecord012A72DC@@3UBigObfSelectorRecord@@A,0x012A72DC
?g_ObfRecord012A7304@@3UBigObfSelectorRecord@@A,0x012A7304
?g_ObfRecord012A732C@@3UBigObfSelectorRecord@@A,0x012A732C
?g_ObfRecord012A7354@@3UBigObfSelectorRecord@@A,0x012A7354
?g_ObfRecord012A7D38@@3UBigObfSelectorRecord@@A,0x012A7D38
?g_ObfRecord012B446C@@3UBigObfSelectorRecord@@A,0x012B446C
?g_ObfRecord012B4494@@3UBigObfSelectorRecord@@A,0x012B4494
?g_ObfRecord012B4864@@3UBigObfSelectorRecord@@A,0x012B4864
?g_ObfRecord012B488C@@3UBigObfSelectorRecord@@A,0x012B488C
?g_ObfRecord012B7710@@3UBigObfSelectorRecord@@A,0x012B7710
?g_ObfRecord012B7738@@3UBigObfSelectorRecord@@A,0x012B7738
?g_ObfRecord012B7760@@3UBigObfSelectorRecord@@A,0x012B7760
?g_ObfRecord012B7788@@3UBigObfSelectorRecord@@A,0x012B7788
?g_ObfRecord012B79A4@@3UBigObfSelectorRecord@@A,0x012B79A4
?g_ObfRecord012B79CC@@3UBigObfSelectorRecord@@A,0x012B79CC
?g_ObfRecord012B79F4@@3UBigObfSelectorRecord@@A,0x012B79F4
?g_ObfRecord012B7A1C@@3UBigObfSelectorRecord@@A,0x012B7A1C
?g_ObfRecord012B7A44@@3UBigObfSelectorRecord@@A,0x012B7A44
?g_ObfRecord012B7A6C@@3UBigObfSelectorRecord@@A,0x012B7A6C
?g_ObfRecord012B7A94@@3UBigObfSelectorRecord@@A,0x012B7A94
?g_ObfRecord012B7ABC@@3UBigObfSelectorRecord@@A,0x012B7ABC
?g_ObfRecord012B7E70@@3UBigObfSelectorRecord@@A,0x012B7E70
?g_ObfRecord012B7E98@@3UBigObfSelectorRecord@@A,0x012B7E98
?g_ObfRecord012B7EC0@@3UBigObfSelectorRecord@@A,0x012B7EC0
?g_ObfRecord012B7EE8@@3UBigObfSelectorRecord@@A,0x012B7EE8
?g_ObfRecord012B829C@@3UBigObfSelectorRecord@@A,0x012B829C
?g_ObfRecord012B82C4@@3UBigObfSelectorRecord@@A,0x012B82C4
?g_ObfRecord012B82EC@@3UBigObfSelectorRecord@@A,0x012B82EC
?g_ObfRecord012B90B8@@3UBigObfSelectorRecord@@A,0x012B90B8
?g_Q2PairDispatch@@3P6AXPAD0@ZA,0x01337830
?g_Q2ScriptOwner@@3PAXA,0x012B7D80
?g_Q2ScriptTarget@@3PAVGen004675F0@@A,0x012F19E8
?g_Rva000E6090Handlers@@3QBQ6AXXZB,0x01084C40
?g_Rva001B4980Global@@3PAVRva001B4980Global@@A,0x012F0898
?g_Rva002C03F0StateVTable@@3HA,0x010C7B28
?g_Rva002C04D0StateVTable@@3HA,0x010C7C28
?g_Rva002C11E0VTableA@@3HA,0x010C7D88
?g_Rva002C11E0VTableB@@3HA,0x010C74D4
?g_Rva002E2B50Global@@3PAVRva002E2B50Global@@A,0x012F060C
?g_Rva002EFEGlobal@@3PAVRva002EFEGlobal@@A,0x012ED668
?g_Rva002F0898@@3PAVRva002BBC40FrameSource@@A,0x012F0898
?g_Rva002F0DF0Global@@3PAVRva002F0DF0Global@@A,0x012F1464
?g_Rva00462DE0_table@@3VRva00462DE0Table@@A,0x012F19B8
?g_Rva005127A0InGameChat@@3PAVRva005127A0InGameChat@@A,0x012F4988
?g_Rva0060BEB0VTable@@3HA,0x01115E90
?g_Rva0060D5E0@@3PAVRva0060D5E0@@A,0x012F706C
?g_Rva0060D620@@3PAVRva0060D620@@A,0x012F706C
?g_Rva00740BC0BaseVft@@3PAPAXA,0x010C7450
?g_Rva00789720Table@@3PAPAXA,0x01126CB0
?g_Rva00789900Table@@3PAPAXA,0x01126CCC
?g_Rva00803890Vt2@@3PAPAXA,0x0112C728
?g_Rva0081C5C0Begin@@3PAURva0081C5C0Element@@A,0x0130B19C
?g_Rva0081C5C0End@@3PAURva0081C5C0Element@@A,0x0130B1A0
?g_Rva009B3E40Arr0@@3PAHA,0x012D8358
?g_Rva009B3E40Arr1@@3PAHA,0x012D835C
?g_Rva009B3E40Arr2@@3PAHA,0x012D8360
?g_Rva009B3E40Arr3@@3PAHA,0x012D8364
?g_Rva009B3E40Blocks@@3PAPAXA,0x012D8458
?g_Rva009B3EC0Blocks@@3PAPAXA,0x012D8558
?g_Rva00C71270Vec@@3VRva00C71270Vec@@A,0x01343698
?g_Rva00F06914Transform@@3URva007845D0Transform@@A,0x01306914
?g_Rva00F0692CTransform@@3URva007845D0Transform@@A,0x0130692C
?g_Rva0107301CEmptyString@@3QBDB,0x0107301C
?g_Rva0107531CBackslash@@3QBDB,0x0107531C
?g_Rva01081D4CPeriod@@3QBDB,0x01081D4C
?g_Rva01088AF4EmptyWideString@@3QBGB,0x01088AF4
?g_Rva01095F98@@3MA,0x01095F98
?g_Rva01098188StateVTable@@3HA,0x01098188
?g_Rva0109B558StateSecondaryVTable@@3HA,0x0109B558
?g_Rva010C74D4@@3HA,0x010C74D4
?g_Rva010C7D30StateVTable@@3HA,0x010C7D30
?g_Rva011293A0HexFirst@@3PADA,0x011293A0
?g_Rva011294A8HexSecond@@3PADA,0x011294A8
?g_Rva01129E10HexFirst@@3PADA,0x01129E10
?g_Rva01129F10HexSecond@@3PADA,0x01129F10
?g_Rva0112A210Lower@@3QBEB,0x0112A210
?g_Rva0112A310Class@@3PAEA,0x0112A310
?g_Rva0112A410FlagLetters@@3PADA,0x0112A410
?g_Rva0112B918HexDigits@@3QBDB,0x0112B918
?g_Rva011370DCInstanceFormat@@3QBDB,0x011370DC
?g_Rva01141708@@3PAIA,0x01141708
?g_Rva01141808@@3PAIA,0x01141808
?g_Rva01141908@@3PAHA,0x01141908
?g_Rva01141A08@@3PAHA,0x01141A08
?g_Rva01141B08@@3PAHA,0x01141B08
?g_Rva01141C08@@3PAHA,0x01141C08
?g_Rva01141D08@@3PAFA,0x01141D08
?g_Rva01141D88@@3PAFA,0x01141D88
?g_Rva01141E08@@3PAHA,0x01141E08
?g_Rva01141F08@@3PAHA,0x01141F08
?g_Rva01142008@@3PAHA,0x01142008
?g_Rva01142108@@3PAHA,0x01142108
?g_Rva01142208@@3PAHA,0x01142208
?g_Rva01142608@@3PAEA,0x01142608
?g_Rva01142610@@3NA,0x01142610
?g_Rva01142620@@3PAHA,0x01142620
?g_Rva01142B20@@3PAEA,0x01142B20
?g_Rva01142B60@@3PAEA,0x01142B60
?g_Rva0114336C@@3PAEA,0x0114336C
?g_Rva0114337C@@3PAEA,0x0114337C
?g_Rva0114338C@@3PAEA,0x0114338C
?g_Rva01143390@@3PAEA,0x01143390
?g_Rva01143758@@3PAEA,0x01143758
?g_Rva012C391CFlag@@3DA,0x012C391C
?g_Rva012C391CSeparator@@3DA,0x012C391C
?g_Rva012C3934DefaultKey@@3PAEA,0x012C3934
?g_Rva012C3938Format@@3PADA,0x012C3938
?g_Rva012C3A18@@3PADA,0x012C3A18
?g_Rva012C839C@@3PBDB,0x012C839C
?g_Rva012C83A0@@3PBDB,0x012C83A0
?g_Rva012C83A4@@3PBDB,0x012C83A4
?g_Rva012C83A8@@3PBDB,0x012C83A8
?g_Rva012C83AC@@3PBDB,0x012C83AC
?g_Rva012D4D98ExceptionDialog@@3PAEA,0x012D4D98
?g_Rva012DAC04@@3QBDB,0x0112AC04
?g_Rva012DAC20@@3QBDB,0x0112AC20
?g_Rva012DAC30@@3QBDB,0x0112AC30
?g_Rva012F0898@@3PAVRva0020D830Nested@@A,0x012F0898
?g_Rva012F340C@@3PCVDrawable@@C,0x012F340C
?g_Rva012F6464Target@@3PAVRva006FA040Target@@A,0x012F64BC
?g_Rva012F71B8@@3EA,0x012F71B8
?g_Rva012F71B9@@3EA,0x012F71B9
?g_Rva012F71BC@@3PAVRva007E9D70@@A,0x012F71BC
?g_Rva012F73D0@@3HA,0x012F73D0
?g_Rva012F73D4@@3HA,0x012F73D4
?g_Rva012F9D04@@3HC,0x012F9D04
?g_Rva012F9D0C@@3HC,0x012F9D0C
?g_Rva0130A4F4Txn@@3PBDB,0x0130A4F4
?g_Rva0130A50CTxn@@3PBDB,0x0130A50C
?g_Rva0130A590State@@3HA,0x0130A590
?g_Rva0130A594Conn@@3HA,0x0130A594
?g_Rva0130A598Online@@3HA,0x0130A598
?g_Rva0130A59CDefault@@3PADA,0x0130A59C
?g_Rva0130A5A4Names@@3PADA,0x0130A5A4
?g_Rva0130A5B0@@3PAURva007F0060Allocator@@A,0x0130A5B0
?g_Rva0130A5B0@@3PAURva007F00B0Allocator@@A,0x0130A5B0
?g_Rva0130A63C@@3QBDB,0x0130A63C
?g_Rva0130A678@@3QBDB,0x0130A678
?g_Rva0130A684@@3QBDB,0x0130A684
?g_Rva0130A6CC@@3QBDB,0x0130A6CC
?g_Rva0130A6D8@@3QBDB,0x0130A6D8
?g_Rva0130A6E4@@3QBDB,0x0130A6E4
?g_Rva0130A708@@3QBDB,0x0130A708
?g_Rva0130A720@@3QBDB,0x0130A720
?g_Rva0130A72C@@3QBDB,0x0130A72C
?g_Rva0130A738@@3QBDB,0x0130A738
?g_Rva0130A744@@3QBDB,0x0130A744
?g_Rva0130A750@@3QBDB,0x0130A750
?g_Rva0130A75C@@3QBDB,0x0130A75C
?g_Rva0130A768@@3QBDB,0x0130A768
?g_Rva0130A774@@3QBDB,0x0130A774
?g_Rva0130A78C@@3QBDB,0x0130A78C
?g_Rva0130A798@@3QBDB,0x0130A798
?g_Rva0130A7A4@@3QBDB,0x0130A7A4
?g_Rva0130A7B0Idle@@3PAUIdleHandlerSlot@@A,0x0130A7B0
?g_Rva0130A830Mac@@3PAEA,0x0130A830
?g_Rva0130A840Text@@3PADA,0x0130A840
?g_Rva0130A850Next@@3IA,0x0130A850
?g_Rva0130ACDCEpoch@@3IA,0x0130ACDC
?g_Rva0130ACE0Empty@@3PADA,0x0130ACE0
?g_Rva0130AD08Count@@3HA,0x0130AD08
?g_Rva0130AF38Lock@@3PADA,0x0130AF38
?g_Rva013379BC@@3PAVRva00898D60Target@@A,0x013379BC
?g_Rva01337A20@@3PAVRva00898D60Target@@A,0x01337A20
?g_Rva01337A28Index@@3PAXA,0x01337A28
?g_Rva13595EC@@3P6GXXZA,0x013595EC
?g_Rva1359614@@3P6GXH@ZA,0x01359614
?g_Rva13596A8@@3P6GXXZA,0x013596A8
?g_Rva13596C0@@3P6GXPAX@ZA,0x013596C0
?g_Slot012BC544@@3UBigObfSlot@@A,0x012BC544
?g_Slot012BC6C8@@3UBigObfSlot@@A,0x012BC6C8
?g_Slot012BC84C@@3UBigObfSlot@@A,0x012BC84C
?g_Slot012BCB54@@3UBigObfSlot@@A,0x012BCB54
?g_Slot012BCFE0@@3UBigObfSlot@@A,0x012BCFE0
?g_Slot012BD774@@3UBigObfSlot@@A,0x012BD774
?g_Slot012BE394@@3UBigObfSlot@@A,0x012BE394
?g_Slot012BEE30@@3UBigObfSlot@@A,0x012BEE30
?g_Slot012BF440@@3UBigObfSlot@@A,0x012BF440
?g_Slot012C233C@@3UBigObfSlot@@A,0x012C233C
?g_SpinLock@D3DXShader@@3JC,0x01350814
?g_String012D5140@@3VBfmeStrVKI@@A,0x012D5140
?g_Swizzle@D3DXShader@@3PAIA,0x012E41C8
?g_SwizzleL@D3DXShader@@3PAIA,0x012E4148
?g_Va0109B558@@3HA,0x0109B558
?g_Va011098B0@@3PAHA,0x011098B0
?g_Va0111015C@@3IA,0x0111015C
?g_Va0112B954@@3IA,0x0112B954
?g_Va0112BEB0@@3IA,0x0112BEB0
?g_Va0112C148@@3IA,0x0112C148
?g_Va0113BD7C@@3MA,0x0113BD7C
?g_Va0113BD80@@3MA,0x0113BD80
?g_Va0113CBAC@@3IA,0x0113CBAC
?g_Va012ACC30@@3HA,0x012ACC30
?g_Va012B49FC@@3PAHA,0x012B49FC
?g_Va012B7D84@@3EA,0x012B7D84
?g_Va012B8B2C@@3IA,0x012B8B2C
?g_Va012BA938@@3HA,0x012BA938
?g_Va012BBD98@@3PAHA,0x012BBD98
?g_Va012C3B34@@3IA,0x012C3B34
?g_Va012C3BBC@@3IA,0x012C3BBC
?g_Va012C3C5C@@3IA,0x012C3C5C
?g_Va012D6D84@@3EA,0x012D6D84
?g_Va012D6DA8@@3EA,0x012D6DA8
?g_Va012D6DB0@@3HA,0x012D6DB0
?g_Va012D6DB4@@3HA,0x012D6DB4
?g_Va012D6DB8@@3HA,0x012D6DB8
?g_Va012D6DFC@@3EA,0x012D6DFC
?g_Va012D7198@@3HA,0x012D7198
?g_Va012D71B0@@3IA,0x012D71B0
?g_Va012D71BC@@3IA,0x012D71BC
?g_Va012ED544@@3IA,0x012ED544
?g_Va012ED558@@3IA,0x012ED558
?g_Va012ED56C@@3IA,0x012ED56C
?g_Va012ED580@@3IA,0x012ED580
?g_Va012ED611@@3EA,0x012ED611
?g_Va012ED614@@3HA,0x012ED614
?g_Va012ED668@@3PAVBfmeAudioClientUpdate_001FE050@@A,0x012ED668
?g_Va012ED668@@3PAVBfmeAudioClientUpdate_NT@@A,0x012ED668
?g_Va012ED668@@3PAVVDispatch1@@A,0x012ED668
?g_Va012ED71C@@3IA,0x012ED71C
?g_Va012ED724@@3IA,0x012ED724
?g_Va012ED72C@@3IA,0x012ED72C
?g_Va012ED738@@3IA,0x012ED738
?g_Va012ED79C@@3IA,0x012ED79C
?g_Va012ED7A4@@3IA,0x012ED7A4
?g_Va012ED818@@3IA,0x012ED818
?g_Va012ED820@@3IA,0x012ED820
?g_Va012ED830@@3IA,0x012ED830
?g_Va012ED838@@3IA,0x012ED838
?g_Va012ED85C@@3IA,0x012ED85C
?g_Va012EF170@@3IA,0x012EF170
?g_Va012EF178@@3IA,0x012EF178
?g_Va012EF184@@3IA,0x012EF184
?g_Va012EF1B8@@3IA,0x012EF1B8
?g_Va012EF1CC@@3IA,0x012EF1CC
?g_Va012EF1D4@@3IA,0x012EF1D4
?g_Va012EF1DC@@3EA,0x012EF1DC
?g_Va012EF1E8@@3IA,0x012EF1E8
?g_Va012EF1F4@@3IA,0x012EF1F4
?g_Va012EF21C@@3IA,0x012EF21C
?g_Va012EF224@@3IA,0x012EF224
?g_Va012EF24C@@3IA,0x012EF24C
?g_Va012EF254@@3IA,0x012EF254
?g_Va012EF25C@@3IA,0x012EF25C
?g_Va012EF284@@3IA,0x012EF284
?g_Va012EF2B4@@3IA,0x012EF2B4
?g_Va012EF2BC@@3IA,0x012EF2BC
?g_Va012EF2F4@@3IA,0x012EF2F4
?g_Va012EF2FC@@3IA,0x012EF2FC
?g_Va012EF304@@3IA,0x012EF304
?g_Va012EF4D0@@3HA,0x012EF4D0
?g_Va012EF4D0@@3PAVHeapNode@@A,0x012EF4D0
?g_Va012EF4E0@@3IA,0x012EF4E0
?g_Va012EF528@@3IA,0x012EF528
?g_Va012EF530@@3IA,0x012EF530
?g_Va012EF538@@3IA,0x012EF538
?g_Va012EF540@@3IA,0x012EF540
?g_Va012EF548@@3IA,0x012EF548
?g_Va012EF550@@3IA,0x012EF550
?g_Va012EF558@@3IA,0x012EF558
?g_Va012EF560@@3IA,0x012EF560
?g_Va012EF568@@3IA,0x012EF568
?g_Va012EF570@@3IA,0x012EF570
?g_Va012EF578@@3IA,0x012EF578
?g_Va012EF580@@3IA,0x012EF580
?g_Va012EF588@@3IA,0x012EF588
?g_Va012EF594@@3IA,0x012EF594
?g_Va012EF59C@@3IA,0x012EF59C
?g_Va012EF5A4@@3IA,0x012EF5A4
?g_Va012EF5AC@@3IA,0x012EF5AC
?g_Va012EF5C0@@3IA,0x012EF5C0
?g_Va012EF640@@3IA,0x012EF640
?g_Va012EF718@@3IA,0x012EF718
?g_Va012EF720@@3IA,0x012EF720
?g_Va012EF730@@3IA,0x012EF730
?g_Va012EF740@@3IA,0x012EF740
?g_Va012EF748@@3IA,0x012EF748
?g_Va012EF750@@3IA,0x012EF750
?g_Va012EF758@@3IA,0x012EF758
?g_Va012EF760@@3IA,0x012EF760
?g_Va012EF770@@3IA,0x012EF770
?g_Va012EF790@@3IA,0x012EF790
?g_Va012EF798@@3IA,0x012EF798
?g_Va012EF7A0@@3IA,0x012EF7A0
?g_Va012EF7A8@@3IA,0x012EF7A8
?g_Va012EF7B0@@3IA,0x012EF7B0
?g_Va012EF7B8@@3IA,0x012EF7B8
?g_Va012EF7C0@@3IA,0x012EF7C0
?g_Va012EF7D8@@3IA,0x012EF7D8
?g_Va012EF7E0@@3IA,0x012EF7E0
?g_Va012EF7E8@@3IA,0x012EF7E8
?g_Va012EF7F0@@3IA,0x012EF7F0
?g_Va012EF810@@3IA,0x012EF810
?g_Va012EF820@@3IA,0x012EF820
?g_Va012EF828@@3IA,0x012EF828
?g_Va012EF840@@3IA,0x012EF840
?g_Va012EF848@@3IA,0x012EF848
?g_Va012EF850@@3IA,0x012EF850
?g_Va012EF858@@3IA,0x012EF858
?g_Va012EF860@@3IA,0x012EF860
?g_Va012EF868@@3IA,0x012EF868
?g_Va012EF870@@3IA,0x012EF870
?g_Va012EF878@@3IA,0x012EF878
?g_Va012EF90C@@3IA,0x012EF90C
?g_Va012EF914@@3IA,0x012EF914
?g_Va012EF924@@3IA,0x012EF924
?g_Va012EF954@@3IA,0x012EF954
?g_Va012EF95C@@3IA,0x012EF95C
?g_Va012EF964@@3IA,0x012EF964
?g_Va012EF96C@@3IA,0x012EF96C
?g_Va012EF974@@3IA,0x012EF974
?g_Va012EF994@@3IA,0x012EF994
?g_Va012EF99C@@3IA,0x012EF99C
?g_Va012EF9A4@@3IA,0x012EF9A4
?g_Va012EF9AC@@3IA,0x012EF9AC
?g_Va012EF9BC@@3IA,0x012EF9BC
?g_Va012EF9C4@@3IA,0x012EF9C4
?g_Va012EF9D4@@3IA,0x012EF9D4
?g_Va012EF9E4@@3IA,0x012EF9E4
?g_Va012EFA04@@3IA,0x012EFA04
?g_Va012EFA44@@3IA,0x012EFA44
?g_Va012EFA4C@@3IA,0x012EFA4C
?g_Va012EFA6C@@3IA,0x012EFA6C
?g_Va012EFA74@@3IA,0x012EFA74
?g_Va012EFA7C@@3IA,0x012EFA7C
?g_Va012EFA90@@3IA,0x012EFA90
?g_Va012EFA98@@3IA,0x012EFA98
?g_Va012EFAA0@@3IA,0x012EFAA0
?g_Va012EFAB8@@3IA,0x012EFAB8
?g_Va012EFAC0@@3IA,0x012EFAC0
?g_Va012EFAC8@@3IA,0x012EFAC8
?g_Va012EFAD0@@3IA,0x012EFAD0
?g_Va012EFAD8@@3IA,0x012EFAD8
?g_Va012EFB14@@3IA,0x012EFB14
?g_Va012EFB58@@3IA,0x012EFB58
?g_Va012EFB60@@3IA,0x012EFB60
?g_Va012EFB68@@3IA,0x012EFB68
?g_Va012EFB70@@3IA,0x012EFB70
?g_Va012EFB78@@3IA,0x012EFB78
?g_Va012EFB80@@3IA,0x012EFB80
?g_Va012EFB88@@3IA,0x012EFB88
?g_Va012EFBD8@@3IA,0x012EFBD8
?g_Va012EFBE0@@3IA,0x012EFBE0
?g_Va012EFBE8@@3IA,0x012EFBE8
?g_Va012EFC20@@3IA,0x012EFC20
?g_Va012EFC30@@3IA,0x012EFC30
?g_Va012EFC48@@3IA,0x012EFC48
?g_Va012EFC50@@3IA,0x012EFC50
?g_Va012EFC60@@3IA,0x012EFC60
?g_Va012EFC68@@3IA,0x012EFC68
?g_Va012EFC70@@3IA,0x012EFC70
?g_Va012EFC80@@3IA,0x012EFC80
?g_Va012EFC88@@3IA,0x012EFC88
?g_Va012EFC90@@3IA,0x012EFC90
?g_Va012EFC98@@3IA,0x012EFC98
?g_Va012EFCA0@@3IA,0x012EFCA0
?g_Va012EFCA8@@3IA,0x012EFCA8
?g_Va012EFCB0@@3IA,0x012EFCB0
?g_Va012EFCB8@@3IA,0x012EFCB8
?g_Va012EFCC0@@3IA,0x012EFCC0
?g_Va012EFCC8@@3IA,0x012EFCC8
?g_Va012EFCD0@@3IA,0x012EFCD0
?g_Va012EFCD8@@3IA,0x012EFCD8
?g_Va012EFCE0@@3IA,0x012EFCE0
?g_Va012EFCF0@@3IA,0x012EFCF0
?g_Va012EFCF8@@3IA,0x012EFCF8
?g_Va012EFD00@@3IA,0x012EFD00
?g_Va012EFD08@@3IA,0x012EFD08
?g_Va012EFD10@@3IA,0x012EFD10
?g_Va012EFD18@@3IA,0x012EFD18
?g_Va012EFD20@@3IA,0x012EFD20
?g_Va012EFD28@@3IA,0x012EFD28
?g_Va012EFD30@@3IA,0x012EFD30
?g_Va012EFD38@@3IA,0x012EFD38
?g_Va012EFD40@@3IA,0x012EFD40
?g_Va012EFD48@@3IA,0x012EFD48
?g_Va012EFD64@@3IA,0x012EFD64
?g_Va012EFD6C@@3IA,0x012EFD6C
?g_Va012EFD74@@3IA,0x012EFD74
?g_Va012EFD7C@@3IA,0x012EFD7C
?g_Va012EFD84@@3IA,0x012EFD84
?g_Va012EFD8C@@3IA,0x012EFD8C
?g_Va012EFD94@@3IA,0x012EFD94
?g_Va012EFD9C@@3IA,0x012EFD9C
?g_Va012EFDA4@@3IA,0x012EFDA4
?g_Va012EFDE0@@3IA,0x012EFDE0
?g_Va012EFDE8@@3IA,0x012EFDE8
?g_Va012EFDF0@@3IA,0x012EFDF0
?g_Va012EFDF8@@3IA,0x012EFDF8
?g_Va012EFE44@@3IA,0x012EFE44
?g_Va012EFE4C@@3IA,0x012EFE4C
?g_Va012EFE64@@3IA,0x012EFE64
?g_Va012EFE6C@@3IA,0x012EFE6C
?g_Va012EFEB4@@3IA,0x012EFEB4
?g_Va012EFEBC@@3IA,0x012EFEBC
?g_Va012EFEC4@@3IA,0x012EFEC4
?g_Va012EFED4@@3IA,0x012EFED4
?g_Va012EFEDC@@3IA,0x012EFEDC
?g_Va012EFEEC@@3IA,0x012EFEEC
?g_Va012EFEF4@@3IA,0x012EFEF4
?g_Va012EFEFC@@3IA,0x012EFEFC
?g_Va012EFF14@@3IA,0x012EFF14
?g_Va012EFF1C@@3IA,0x012EFF1C
?g_Va012EFF2C@@3IA,0x012EFF2C
?g_Va012EFF34@@3IA,0x012EFF34
?g_Va012EFF3C@@3IA,0x012EFF3C
?g_Va012EFF74@@3IA,0x012EFF74
?g_Va012EFF7C@@3IA,0x012EFF7C
?g_Va012EFF9C@@3IA,0x012EFF9C
?g_Va012EFFB4@@3IA,0x012EFFB4
?g_Va012EFFC4@@3IA,0x012EFFC4
?g_Va012EFFD4@@3IA,0x012EFFD4
?g_Va012EFFDC@@3IA,0x012EFFDC
?g_Va012EFFE4@@3IA,0x012EFFE4
?g_Va012EFFEC@@3IA,0x012EFFEC
?g_Va012F0004@@3IA,0x012F0004
?g_Va012F000C@@3IA,0x012F000C
?g_Va012F002C@@3IA,0x012F002C
?g_Va012F0034@@3IA,0x012F0034
?g_Va012F003C@@3IA,0x012F003C
?g_Va012F005C@@3IA,0x012F005C
?g_Va012F0064@@3IA,0x012F0064
?g_Va012F006C@@3IA,0x012F006C
?g_Va012F0074@@3IA,0x012F0074
?g_Va012F007C@@3IA,0x012F007C
?g_Va012F0090@@3IA,0x012F0090
?g_Va012F0098@@3IA,0x012F0098
?g_Va012F01BC@@3IA,0x012F01BC
?g_Va012F01C4@@3IA,0x012F01C4
?g_Va012F01D4@@3IA,0x012F01D4
?g_Va012F01DC@@3IA,0x012F01DC
?g_Va012F01E4@@3IA,0x012F01E4
?g_Va012F01F4@@3IA,0x012F01F4
?g_Va012F020C@@3IA,0x012F020C
?g_Va012F021C@@3IA,0x012F021C
?g_Va012F0224@@3IA,0x012F0224
?g_Va012F022C@@3IA,0x012F022C
?g_Va012F0240@@3IA,0x012F0240
?g_Va012F02A0@@3IA,0x012F02A0
?g_Va012F02B0@@3IA,0x012F02B0
?g_Va012F02C0@@3IA,0x012F02C0
?g_Va012F02C8@@3IA,0x012F02C8
?g_Va012F02D0@@3IA,0x012F02D0
?g_Va012F02F0@@3IA,0x012F02F0
?g_Va012F02F8@@3IA,0x012F02F8
?g_Va012F0300@@3IA,0x012F0300
?g_Va012F0314@@3IA,0x012F0314
?g_Va012F048C@@3IA,0x012F048C
?g_Va012F04D0@@3IA,0x012F04D0
?g_Va012F0520@@3IA,0x012F0520
?g_Va012F0528@@3IA,0x012F0528
?g_Va012F0530@@3IA,0x012F0530
?g_Va012F0538@@3IA,0x012F0538
?g_Va012F0544@@3IA,0x012F0544
?g_Va012F055C@@3IA,0x012F055C
?g_Va012F056C@@3IA,0x012F056C
?g_Va012F0574@@3IA,0x012F0574
?g_Va012F057C@@3IA,0x012F057C
?g_Va012F05A4@@3IA,0x012F05A4
?g_Va012F05AC@@3IA,0x012F05AC
?g_Va012F05B4@@3IA,0x012F05B4
?g_Va012F05DC@@3IA,0x012F05DC
?g_Va012F0600@@3IA,0x012F0600
?g_Va012F0608@@3IA,0x012F0608
?g_Va012F0628@@3IA,0x012F0628
?g_Va012F0630@@3IA,0x012F0630
?g_Va012F0638@@3IA,0x012F0638
?g_Va012F0640@@3IA,0x012F0640
?g_Va012F0648@@3IA,0x012F0648
?g_Va012F0650@@3IA,0x012F0650
?g_Va012F0658@@3IA,0x012F0658
?g_Va012F0660@@3IA,0x012F0660
?g_Va012F0668@@3IA,0x012F0668
?g_Va012F0670@@3IA,0x012F0670
?g_Va012F0678@@3IA,0x012F0678
?g_Va012F0680@@3IA,0x012F0680
?g_Va012F0688@@3IA,0x012F0688
?g_Va012F0690@@3IA,0x012F0690
?g_Va012F0698@@3IA,0x012F0698
?g_Va012F06A0@@3IA,0x012F06A0
?g_Va012F06A8@@3IA,0x012F06A8
?g_Va012F06BC@@3IA,0x012F06BC
?g_Va012F06C4@@3IA,0x012F06C4
?g_Va012F06CC@@3IA,0x012F06CC
?g_Va012F06D4@@3IA,0x012F06D4
?g_Va012F06DC@@3IA,0x012F06DC
?g_Va012F06E4@@3IA,0x012F06E4
?g_Va012F06F0@@3IA,0x012F06F0
?g_Va012F06F8@@3IA,0x012F06F8
?g_Va012F0740@@3IA,0x012F0740
?g_Va012F076C@@3PAVVDispatch@@A,0x012F076C
?g_Va012F079C@@3PAVVDispatch@@A,0x012F079C
?g_Va012F07DC@@3IA,0x012F07DC
?g_Va012F07F0@@3IA,0x012F07F0
?g_Va012F07F8@@3IA,0x012F07F8
?g_Va012F0800@@3IA,0x012F0800
?g_Va012F0808@@3IA,0x012F0808
?g_Va012F0810@@3IA,0x012F0810
?g_Va012F0818@@3IA,0x012F0818
?g_Va012F0820@@3IA,0x012F0820
?g_Va012F0828@@3IA,0x012F0828
?g_Va012F0834@@3IA,0x012F0834
?g_Va012F083C@@3IA,0x012F083C
?g_Va012F0844@@3IA,0x012F0844
?g_Va012F084C@@3IA,0x012F084C
?g_Va012F0854@@3IA,0x012F0854
?g_Va012F085C@@3IA,0x012F085C
?g_Va012F0868@@3IA,0x012F0868
?g_Va012F0894@@3IA,0x012F0894
?g_Va012F0A90@@3IA,0x012F0A90
?g_Va012F0CF8@@3IA,0x012F0CF8
?g_Va012F0D88@@3IA,0x012F0D88
?g_Va012F0FD8@@3IA,0x012F0FD8
?g_Va012F1088@@3IA,0x012F1088
?g_Va012F1090@@3IA,0x012F1090
?g_Va012F1270@@3PAVVDispatch@@A,0x012F1270
?g_Va012F13EC@@3IA,0x012F13EC
?g_Va012F13F4@@3IA,0x012F13F4
?g_Va012F13FC@@3EA,0x012F13FC
?g_Va012F1458@@3IA,0x012F1458
?g_Va012F1460@@3IA,0x012F1460
?g_Va012F148C@@3PAVVDispatch@@A,0x012F148C
?g_Va012F149C@@3IA,0x012F149C
?g_Va012F1530@@3IA,0x012F1530
?g_Va012F1544@@3IA,0x012F1544
?g_Va012F1550@@3IA,0x012F1550
?g_Va012F1558@@3IA,0x012F1558
?g_Va012F156C@@3IA,0x012F156C
?g_Va012F15E4@@3IA,0x012F15E4
?g_Va012F1600@@3PAVVDispatch@@A,0x012F1600
?g_Va012F1B23@@3EA,0x012F1B23
?g_Va012F1B2C@@3IA,0x012F1B2C
?g_Va012F1BC0@@3IA,0x012F1BC0
?g_Va012F341C@@3IA,0x012F341C
?g_Va012F3444@@3IA,0x012F3444
?g_Va012F3530@@3IA,0x012F3530
?g_Va012F3538@@3IA,0x012F3538
?g_Va012F3548@@3IA,0x012F3548
?g_Va012F3620@@3IA,0x012F3620
?g_Va012F3628@@3IA,0x012F3628
?g_Va012F3634@@3IA,0x012F3634
?g_Va012F367C@@3IA,0x012F367C
?g_Va012F36AC@@3IA,0x012F36AC
?g_Va012F38EC@@3IA,0x012F38EC
?g_Va012F392C@@3IA,0x012F392C
?g_Va012F3AA8@@3IA,0x012F3AA8
?g_Va012F3E80@@3IA,0x012F3E80
?g_Va012F4020@@3IA,0x012F4020
?g_Va012F4125@@3EA,0x012F4125
?g_Va012F4126@@3EA,0x012F4126
?g_Va012F423C@@3IA,0x012F423C
?g_Va012F4240@@3EA,0x012F4240
?g_Va012F4244@@3HA,0x012F4244
?g_Va012F4248@@3EA,0x012F4248
?g_Va012F45B8@@3IA,0x012F45B8
?g_Va012F4964@@3HA,0x012F4964
?g_Va012F496C@@3HA,0x012F496C
?g_Va012F4970@@3EA,0x012F4970
?g_Va012F4988@@3HA,0x012F4988
?g_Va012F4998@@3HA,0x012F4998
?g_Va012F4998@@3PAXA,0x012F4998
?g_Va012F499C@@3EA,0x012F499C
?g_Va012F499D@@3EA,0x012F499D
?g_Va012F49B0@@3HA,0x012F49B0
?g_Va012F49B4@@3HA,0x012F49B4
?g_Va012F49CC@@3IA,0x012F49CC
?g_Va012F49D0@@3HA,0x012F49D0
?g_Va012F49D4@@3HA,0x012F49D4
?g_Va012F49E0@@3IA,0x012F49E0
?g_Va012F49E4@@3HA,0x012F49E4
?g_Va012F49FC@@3HA,0x012F49FC
?g_Va012F4AAC@@3HA,0x012F4AAC
?g_Va012F4ABC@@3HA,0x012F4ABC
?g_Va012F4AC8@@3IA,0x012F4AC8
?g_Va012F4ACC@@3HA,0x012F4ACC
?g_Va012F4AD4@@3HA,0x012F4AD4
?g_Va012F4B0C@@3IA,0x012F4B0C
?g_Va012F4B18@@3IA,0x012F4B18
?g_Va012F4B20@@3IA,0x012F4B20
?g_Va012F4B28@@3IA,0x012F4B28
?g_Va012F4B30@@3IA,0x012F4B30
?g_Va012F4B38@@3IA,0x012F4B38
?g_Va012F4B40@@3HA,0x012F4B40
?g_Va012F4B44@@3HA,0x012F4B44
?g_Va012F4B54@@3HA,0x012F4B54
?g_Va012F4B94@@3IA,0x012F4B94
?g_Va012F4BA8@@3IA,0x012F4BA8
?g_Va012F4BB0@@3IA,0x012F4BB0
?g_Va012F4BB8@@3IA,0x012F4BB8
?g_Va012F4BC4@@3IA,0x012F4BC4
?g_Va012F4BD0@@3IA,0x012F4BD0
?g_Va012F4BDC@@3IA,0x012F4BDC
?g_Va012F4BE8@@3IA,0x012F4BE8
?g_Va012F4BFC@@3IA,0x012F4BFC
?g_Va012F4C08@@3IA,0x012F4C08
?g_Va012F4C14@@3IA,0x012F4C14
?g_Va012F4C2C@@3IA,0x012F4C2C
?g_Va012F4C34@@3IA,0x012F4C34
?g_Va012F4C38@@3HA,0x012F4C38
?g_Va012F4C4C@@3IA,0x012F4C4C
?g_Va012F4C64@@3HA,0x012F4C64
?g_Va012F4C70@@3IA,0x012F4C70
?g_Va012F684C@@3IA,0x012F684C
?g_Va012F6930@@3IA,0x012F6930
?g_Va012F6938@@3IA,0x012F6938
?g_Va012F6940@@3IA,0x012F6940
?g_Va012F6948@@3IA,0x012F6948
?g_Va012F6950@@3IA,0x012F6950
?g_Va012F6958@@3IA,0x012F6958
?g_Va012F6970@@3IA,0x012F6970
?g_Va012F6A18@@3IA,0x012F6A18
?g_Va012F6A48@@3IA,0x012F6A48
?g_Va012F6A78@@3IA,0x012F6A78
?g_Va012F6AA8@@3IA,0x012F6AA8
?g_Va012F6AD8@@3IA,0x012F6AD8
?g_Va012F6DDC@@3IA,0x012F6DDC
?g_Va012F7000@@3IA,0x012F7000
?g_Va012F7014@@3PAVVDispatch3@@A,0x012F7014
?g_Va012F7014@@3PAVVDispatch4@@A,0x012F7014
?g_Va012F7014@@3PAVVDispatch@@A,0x012F7014
?g_Va012F703C@@3IA,0x012F703C
?g_Va012F7044@@3IA,0x012F7044
?g_Va012F70B0@@3EA,0x012F70B0
?g_Va012F7730@@3PAVGen00024B7C@@A,0x012F7730
?g_Va012F7760@@3IA,0x012F7760
?g_Va012F7778@@3IA,0x012F7778
?g_Va012F7780@@3IA,0x012F7780
?g_Va012F7794@@3IA,0x012F7794
?g_Va012F779C@@3IA,0x012F779C
?g_Va012F7FD8@@3IA,0x012F7FD8
?g_Va012F8058@@3PAVSceneClass@@A,0x012F8058
?g_Va012F8064@@3HA,0x012F8064
?g_Va012F8528@@3IA,0x012F8528
?g_Va012F9C40@@3PAHA,0x012F9C40
?g_Va012F9CF4@@3HA,0x012F9CF4
?g_Va01304B40@@3IA,0x01304B40
?g_Va01304B58@@3IA,0x01304B58
?g_Va01304B5C@@3HA,0x01304B5C
?g_Va01304B60@@3HA,0x01304B60
?g_Va01304B64@@3PAVGen01304B64@@A,0x01304B64
?g_Va01304B70@@3IA,0x01304B70
?g_Va01304BA4@@3IA,0x01304BA4
?g_Va01304BAC@@3IA,0x01304BAC
?g_Va01304BBC@@3IA,0x01304BBC
?g_Va01304BC4@@3IA,0x01304BC4
?g_Va01304BCC@@3IA,0x01304BCC
?g_Va01304BD4@@3IA,0x01304BD4
?g_Va01305A48@@3IA,0x01305A48
?g_Va01305A54@@3IA,0x01305A54
?g_Va01305A78@@3IA,0x01305A78
?g_Va013068E8@@3IA,0x013068E8
?g_Va013068F0@@3IA,0x013068F0
?g_Va01306C68@@3IA,0x01306C68
?g_Va01306CE4@@3IA,0x01306CE4
?g_Va01306CFC@@3IA,0x01306CFC
?g_Va01306D4C@@3IA,0x01306D4C
?g_Va01306D60@@3IA,0x01306D60
?g_Va01306D74@@3IA,0x01306D74
?g_Va01307200@@3MA,0x01307200
?g_Va013073B4@@3IA,0x013073B4
?g_Va0130A588@@3HA,0x0130A588
?g_Va0130A588@@3PAVServiceHubImpl@@A,0x0130A588
?g_Va0130A588@@3PAVT_007ea120@@A,0x0130A588
?g_Va0130A588@@3URva0130A588State@@A,0x0130A588
?g_Va0130A58C@@3EA,0x0130A58C
?g_Va0130A58D@@3EA,0x0130A58D
?g_Va0130A5A0@@3HA,0x0130A5A0
?g_Va0130A5A0@@3PAURva007EB810Diag@@A,0x0130A5A0
?g_Va0130A5A0@@3PAVRva007EB830Target@@A,0x0130A5A0
?g_Va0130A5A0@@3PAXA,0x0130A5A0
?g_Va0130B198@@3HA,0x0130B198
?g_Va0130E9F8@@3EA,0x0130E9F8
?g_Va01336E50@@3V?$StringBase@D@@A,0x01336E50
?g_Va01336E5C@@3PAVVDispatch@@A,0x01336E5C
?g_Va01336E7C@@3EA,0x01336E7C
?g_Va01336E80@@3HA,0x01336E80
?g_Va01337824@@3HA,0x01337824
?g_Va01337830@@3P6AXPAXI@ZA,0x01337830
?g_Va013385F8@@3EA,0x013385F8
?g_Va01338710String@@3VBfmeStrVKI@@A,0x01338710
?g_Va013387D8@@3PAURva00899C20Registry@@A,0x013387D8
?g_Va0133F420@@3HA,0x0133F420
?g_Va0133F428@@3EA,0x0133F428
?g_Va0133F42B@@3EA,0x0133F42B
?g_Va0133F42C@@3EA,0x0133F42C
?g_Va0133F42D@@3EA,0x0133F42D
?g_Va0133F42F@@3EA,0x0133F42F
?g_Va0133F451@@3EA,0x0133F451
?g_Va0133F460@@3HA,0x0133F460
?g_Va013400CC@@3HA,0x013400CC
?g_Va013400F8@@3HA,0x013400F8
?g_Va01340100@@3PAHA,0x01340100
?g_Va0134052C@@3HA,0x0134052C
?g_Va01340534@@3HA,0x01340534
?g_Va01340574@@3MA,0x01340574
?g_Va01340578@@3HA,0x01340578
?g_Va01341140@@3HA,0x01341140
?g_Va01341210@@3IA,0x01341210
?g_Va01346DFC@@3HA,0x01346DFC
?g_Va01346E00@@3HA,0x01346E00
?g_Va01346E04@@3HA,0x01346E04
?g_Va01346E08@@3HA,0x01346E08
?g_Va01346E2C@@3HA,0x01346E2C
?g_Va01346E40@@3HA,0x01346E40
?g_Va01346E48@@3HA,0x01346E48
?g_Va01346E50@@3HA,0x01346E50
?g_Va01346E5C@@3HA,0x01346E5C
?g_Va0134B0E0@@3IA,0x0134B0E0
?g_Va0134B124@@3IA,0x0134B124
?g_Va0134B20C@@3HA,0x0134B20C
?g_Va0134B278@@3IA,0x0134B278
?g_Va0134C66C@@3IA,0x0134C66C
?g_Va0134C6B8@@3IA,0x0134C6B8
?g_Va0134CB4C@@3EA,0x0134CB4C
?g_Va0134CB4D@@3EA,0x0134CB4D
?g_Va0134FB14@@3IA,0x0134FB14
?g_Va0134FBB0@@3HA,0x0134FBB0
?g_Va0135280C@@3HA,0x0135280C
?g_Va01352810@@3HA,0x01352810
?g_Va0135282C@@3PAUGen_uwt_0002aaa9@@A,0x0135282C
?g_WW3D_DefaultStaticSortList@@3PAVDefaultStaticSortListClass@@A,0x0133F430
?g_WW3D_Hwnd@@3PAXA,0x0133F45C
?g_WW3D_IsInitted@@3EA,0x0133F428
?g_WW3D_Lite@@3EA,0x0133F465
?g_WW3D_SecondaryResource@@3PAVDefaultStaticSortListClass@@A,0x0133F444
?g_WW3D_ShutdownTextures@@3P6GXH@ZA,0x01359540
?g_WW3D_SkipDeviceShutdown@@3EA,0x0133F465
?g_WW3D_StaticSortGlobals@@3UWW3DStaticSortGlobals@@A,0x0133F444
?g_activeObj12F0610@@3PAXA,0x012F0610
?g_aiTargetDispatchSuppressed@@3_NA,0x012F08A0
?g_animationSoundClientBehaviorGlobal@@3PAVAnimationSoundClientBehaviorGlobal@@A,0x012F10D0
?g_animationSoundClientBehaviorGlobal@@3PAVBfmeResetSubsystem@@A,0x012F10D0
?g_aptAllocate@@3P6APAXI@ZA,0x01337828
?g_aptLivingWorldCachedName@@3VBFMERetailAsciiString@@A,0x012F49A0
?g_aptLivingWorldClosing@@3_NA,0x012F499D
?g_aptLivingWorldGuardA@@3_NA,0x012F499D
?g_aptLivingWorldGuardB@@3_NA,0x012F499C
?g_aptLivingWorldVisible@@3_NA,0x012F499C
?g_aptLivingWorldWindowIndex@@3HA,0x012F49A8
?g_aptLivingWorldWindowIndex@@3PAXA,0x012F49A8
?g_aptPalantirBrightJewel@@3PADA,0x01080FC0
?g_aptPalantirHeroOne@@3PADA,0x01109E68
?g_aptPalantirHeroPrefix@@3PADA,0x011096F4
?g_aptPalantirHideAlert@@3PADA,0x011096FC
?g_aptPalantirInitialized@@3EA,0x012B7D84
?g_aptPalantirJewelBrightened@@3EA,0x012F4AFD
?g_aptPalantirJewelName@@3PADA,0x01109BC4
?g_aptPalantirNormalJewel@@3PADA,0x01081238
?g_aptPalantirNumberFormat@@3PADA,0x0107C7B4
?g_aptPalantirOne@@3PADA,0x01109E6C
?g_aptPalantirRadarBottom@@3HA,0x012F4AF8
?g_aptPalantirRadarLeft@@3HA,0x012F4AEC
?g_aptPalantirRadarRight@@3HA,0x012F4AF4
?g_aptPalantirRadarTop@@3HA,0x012F4AF0
?g_aptPalantirSpellPrefix@@3PADA,0x011096E0
?g_aptPalantirUIState@@3PAVPalantirUIState@@A,0x012F7048
?g_aptPalantirWindow@@3HA,0x012B7D80
?g_aptStringFreeList@@3PAVRva008A9B00@@A,0x01338478
?g_armorTemplateSetFieldParse@@3QBEB,0x010941A0
?g_audio00294410@@3PAVAudio00294410@@A,0x012ED668
?g_audio00299250@@3PAVAudioDispatch00299250@@A,0x012ED668
?g_audio012ED668@@3PAVRva00411C30Audio@@A,0x012ED668
?g_b4C@@3DA,0x012F11D4
?g_b80@@3DA,0x012F11D5
?g_b81@@3DA,0x012F11D6
?g_bannerAptCallbacksRegistered@@3_NA,0x012F495A
?g_bfme0130A6A8@@3PAXA,0x0130A6A8
?g_bfme0130b250@@3UGen_0082ad50@@A,0x0130B250
?g_bfme0130b254@@3UGen_0082ad50@@A,0x0130B254
?g_bfme1017G@@3DA,0x0133781C
?g_bfme1017H@@3HA,0x01337800
?g_bfme1017I@@3HA,0x013377DC
?g_bfme1211@@3PAVBfmeG1211@@A,0x01337810
?g_bfme1212@@3PAVBfmeG1212@@A,0x01337810
?g_bfme1213@@3PAVBfmeG1213@@A,0x01337810
?g_bfme1214@@3PAVBfmeG1214@@A,0x01337810
?g_bfme1215@@3PAVBfmeG1215@@A,0x01337810
?g_bfme1216@@3PAVBfmeG1216@@A,0x01337810
?g_bfme1217@@3PAVBfmeG1217@@A,0x01337810
?g_bfme1218@@3PAVBfmeG1218@@A,0x01337810
?g_bfme1219@@3PAVBfmeG1219@@A,0x01337810
?g_bfme1253@@3PAVBfmeR1253@@A,0x012F1600
?g_bfme1254@@3PAVBfmeR1254@@A,0x012F148C
?g_bfme1256@@3PAVBfmeR1256@@A,0x012F148C
?g_bfme1257@@3PAVBfmeR1257@@A,0x012F1600
?g_bfme1263@@3PAVBfmeR1263@@A,0x012EF4CC
?g_bfme1264@@3PAVBfmeR1264@@A,0x012F4974
?g_bfme1267@@3PAVBfmeG1267@@A,0x012F0898
?g_bfme1268@@3PAVBfmeR1268@@A,0x012EF4CC
?g_bfme1269@@3PAVBfmeG1269@@A,0x012ED5C8
?g_bfme5AttachListA@@3PAVBfme5AttachNodeA@@A,0x01338478
?g_bfme5AttachListB@@3PAVBfme5AttachNodeB@@A,0x01338478
?g_bfme5DetachVtable@@3PAXA,0x010F77AC
?g_bfme5EmptyUnicode@@3VUnicodeString@@B,0x01336E50
?g_bfme5EmptyWide@@3GB,0x0107388C
?g_bfme5FieldsA@@3QBUFieldParse@@B,0x010898A0
?g_bfme5FieldsB@@3QBUFieldParse@@B,0x0108B0D0
?g_bfme5FieldsC@@3QBUFieldParse@@B,0x010898A0
?g_bfme5FieldsD@@3QBUFieldParse@@B,0x010CBE88
?g_bfme5FreeTable@@3PAUBfme5FreeTable@@A,0x01337A30
?g_bfme5MatPassCount@@3HA,0x0130717C
?g_bfme5RefVtable@@3PAXA,0x010EAE94
?g_bfme5RefVtableC@@3PAXA,0x010FE040
?g_bfme5SharedEmpty@@3GA,0x012D5298
?g_bfme5TextureSlots@@3PAPAVTextureClass@@A,0x012F9D28
?g_bfme5VtD@@3PAXA,0x0112B2B4
?g_bfme5VtE@@3PAXA,0x0112B2B0
?g_bfme911Busy@@3DA,0x0134B208
?g_bfme911Flag@@3DA,0x012D7188
?g_bfme911Ptr@@3PAVBfmeObj911C@@A,0x0134B210
?g_bfme911Val@@3HA,0x012D7184
?g_bfme911Vft@@3PADA,0x01137578
?g_bfme912A@@3PAXA,0x0130A584
?g_bfme912B@@3VGen_007f0300@@A,0x0130A580
?g_bfme912Str@@3PADA,0x01129A9C
?g_bfme913Glob@@3PAVBfmeGlob913E@@A,0x012F0898
?g_bfme914A@@3PAXA,0x012F9D04
?g_bfme914B@@3PAXA,0x012F9D0C
?g_bfme914Count@@3HA,0x013071B4
?g_bfme914Obj@@3PADA,0x012BC108
?g_bfme914Ptr@@3PAXA,0x012F9CD0
?g_bfme918C@@3PADA,0x0130BF40
?g_bfme918D@@3PADA,0x0130BE08
?g_bfme918E@@3PADA,0x0130C010
?g_bfme918F@@3PADA,0x0130BD38
?g_bfme918G@@3PADA,0x0130BDA0
?g_bfme918H@@3PADA,0x0130BFA8
?g_bfme918I@@3PADA,0x0130BE70
?g_bfme918VftA@@3PADA,0x0112F304
?g_bfme918VftB@@3PADA,0x0112F30C
?g_bfme918VftC@@3PADA,0x0112F2FC
?g_bfme921GlobE@@3PAVBfmeGlob921E@@A,0x012F7014
?g_bfme922GlobD@@3PAVBfmeGlob922D@@A,0x012F076C
?g_bfme922State@@3PAUBfmeState922A@@A,0x012F0898
?g_bfme922Tail@@3PAVBfmeTail922A@@A,0x012F1028
?g_bfme923GlobA@@3PAVBfmeGlob923A@@A,0x012F64BC
?g_bfme924OneG@@3PAVBfmeOne924G@@A,0x012F49D0
?g_bfme924TwoG@@3PAVBfmeTwo924G@@A,0x012F4988
?g_bfme927Vft@@3PADA,0x0113A56C
?g_bfme928Handler@@3PADA,0x0044975B
?g_bfme928Vft@@3PADA,0x0111C9A8
?g_bfme929Glob@@3PAUBfmeGlob929E@@A,0x013377D8
?g_bfme929Ptr@@3PAXA,0x0130A5B0
?g_bfme929Str@@3PADA,0x0112A5A8
?g_bfme929Tab@@3PADA,0x00C728D0
?g_bfme930Glob@@3PAVBfmeGlob930C@@A,0x0134C7DC
?g_bfme932GlobD@@3PAVBfmeGlob932D@@A,0x012F0888
?g_bfme933GlobC@@3PAUBfmeGlob933C@@A,0x012F0898
?g_bfme935GlobA@@3PAVBfmeGlob935A@@A,0x012ED668
?g_bfme935GlobC@@3PAUBfmeObj935C@@A,0x012F4998
?g_bfme935GlobC@@3PAVBfmeObj935C@@A,0x012F4998
?g_bfme936Count@@3HA,0x01340594
?g_bfme936GlobG@@3PAXA,0x0130BD30
?g_bfme936Ptr@@3PAUBfmeDevBQ@@A,0x01340534
?g_bfme936Ptr@@3PAUBfmeObj936C@@A,0x01340534
?g_bfme937Obj@@3PADA,0x00DF8AA0
?g_bfme938FnD@@3PADA,0x00434E6E
?g_bfme938GlobA@@3PAVBfmeGlob938A@@A,0x012ED748
?g_bfme938StrD@@3PADA,0x0110F57C
?g_bfme939GlobA@@3PAVBfmeGlob939A@@A,0x012F64BC
?g_bfme939GlobC@@3PAVBfmeGlob939C@@A,0x012ED668
?g_bfme939GlobD@@3PAVBfmeGlob939D@@A,0x012F0898
?g_bfme939Str@@3PADA,0x012B49B4
?g_bfme940GlobE@@3PAVBfmeGlob940E@@A,0x012F0898
?g_bfme943VftE1@@3PADA,0x0113C5A4
?g_bfme943VftE2@@3PADA,0x0113C598
?g_bfme943VftF1@@3PADA,0x0113D010
?g_bfme943VftF2@@3PADA,0x0113D004
?g_bfme943VftG1@@3PADA,0x0113F604
?g_bfme943VftG2@@3PADA,0x0113F5F8
?g_bfme944Glob@@3PAUBfmeGlob944A@@A,0x012F0898
?g_bfme947A1@@3PADA,0x0110F9E4
?g_bfme947A2@@3PADA,0x01112968
?g_bfme947A3@@3PADA,0x01112BAC
?g_bfme947A4@@3PADA,0x01112BA8
?g_bfme947A5@@3PADA,0x01112BC0
?g_bfme947AuxC@@3PAUBfmeAux947C@@A,0x012F4B58
?g_bfme947B1@@3PADA,0x0110FA14
?g_bfme947B2@@3PADA,0x01112A00
?g_bfme947B3@@3PADA,0x01112CA4
?g_bfme947B4@@3PADA,0x01112CA0
?g_bfme947B5@@3PADA,0x01112CB8
?g_bfme947GlobC@@3PAVBfmeGlob947C@@A,0x012F19E8
?g_bfme947ObjC@@3PAUBfmeObj947C@@A,0x012F4B40
?g_bfme967A0@@3PADA,0x010B0D50
?g_bfme967A10@@3PADA,0x010B07E0
?g_bfme967A1@@3PADA,0x010B0C88
?g_bfme967A2@@3PADA,0x010B0C78
?g_bfme967A3@@3PADA,0x010B0AD0
?g_bfme967A4@@3PADA,0x010B0AB0
?g_bfme967A5@@3PADA,0x010B0AAC
?g_bfme967A6@@3PADA,0x010B0A9C
?g_bfme967A7@@3PADA,0x010B0A60
?g_bfme967A8@@3PADA,0x010B0A50
?g_bfme967A9@@3PADA,0x010B0A4C
?g_bfmeA1019@@3PAVBfmeA1019@@A,0x012F1270
?g_bfmeA1020@@3PAVBfmeA1020@@A,0x012F1270
?g_bfmeA1023@@3PAXA,0x012F3C1C
?g_bfmeA1038@@3PAVBfmeAObj1038@@A,0x013377D8
?g_bfmeA1057@@3HA,0x01340594
?g_bfmeA1062@@3PAVBfmeA1062@@A,0x01306F18
?g_bfmeA1082@@3PAVBfmeA1082@@A,0x012ED668
?g_bfmeA1086@@3PAVBfmeA1086@@A,0x012ED5B8
?g_bfmeA1087@@3PAVBfmeA1087@@A,0x012F7FE0
?g_bfmeA1095@@3PAVBfmeA1095@@A,0x012F148C
?g_bfmeA1100@@3PAUBfmeA1100@@A,0x012F7048
?g_bfmeA1104@@3HA,0x01340568
?g_bfmeA986B@@3PAHA,0x012F9D04
?g_bfmeADL@@3MA,0x0107533C
?g_bfmeAEAX@@3PAVBfmeRefEAX@@A,0x01307180
?g_bfmeAEUA@@3PAVBfmeGlobAEUA@@A,0x012F076C
?g_bfmeAFAE@@3PAUBfmeHoldFAE@@A,0x012ACB50
?g_bfmeAMG@@3HA,0x012B9664
?g_bfmeAVIW@@3PAXA,0x0130A5E8
?g_bfmeAccDYB@@3HA,0x012ED8A4
?g_bfmeActA979@@3PAVBfmeActA979@@A,0x012F19E8
?g_bfmeActionsESE@@3PAVBfmeActionsESE@@A,0x012ED700
?g_bfmeActiveLiteral@@3QBDB,0x010F9410
?g_bfmeAlloc1034@@3PAUBfmeAlloc1034@@A,0x01337A30
?g_bfmeAlloc1041@@3PAUBfmeAlloc1041@@A,0x01337A30
?g_bfmeAlloc1045@@3PAUBfmeAlloc1045@@A,0x01337A30
?g_bfmeAlloc1233@@3PAUBfmeAlloc1233@@A,0x01337A30
?g_bfmeAllocGlobal@@3PAVBfmeAllocGlobal@@A,0x0134C7DC
?g_bfmeAllocVKI@@3PAP6APAXI@ZA,0x01337A30
?g_bfmeAllocVKJ@@3PAUBfmeAllocVKJ@@A,0x01337A30
?g_bfmeAlphaScale1293@@3MA,0x01084068
?g_bfmeAltFE@@3PAHA,0x012BC0B4
?g_bfmeAmmoGameLogic@@3PAVGameLogic@@A,0x012F0898
?g_bfmeAngleTwoPi@@3MA,0x01087B10
?g_bfmeAngleTwoPiDouble@@3NA,0x01127A28
?g_bfmeAngleZero@@3MA,0x01075350
?g_bfmeApplyTableC@@3QBGB,0x01141D08
?g_bfmeApplyTableD@@3QBGB,0x01141D88
?g_bfmeArenaCursor@@3PADA,0x013378D4
?g_bfmeArenaCursor@@3PAUBfmeTransform1236@@A,0x013378D4
?g_bfmeArenaEnd@@3PADA,0x013378D8
?g_bfmeArenaStart@@3PADA,0x013378D0
?g_bfmeArg1051@@3PADA,0x011090E8
?g_bfmeArg1057@@3PADA,0x01107374
?g_bfmeArgAAV@@3HA,0x012B6BB4
?g_bfmeArgBase@@3PAPAVAptValue@@A,0x01338750
?g_bfmeArgCount@@3HA,0x01338748
?g_bfmeArgDXE@@3PAEA,0x012E6010
?g_bfmeArgDZE@@3PAXA,0x012B7D80
?g_bfmeArgDZF@@3PAXA,0x012B7D80
?g_bfmeArgEAA@@3PAXA,0x012B7D80
?g_bfmeArgEAC@@3PAXA,0x012B7D80
?g_bfmeArr1233@@3PAPAURva8CD130Value@@A,0x01338750
?g_bfmeArr1233@@3PAPAUValue008AEAC0@@A,0x01338750
?g_bfmeArr1233@@3PAPAUValue008B02A0@@A,0x01338750
?g_bfmeArr1233@@3PAPAUValue008B09A0@@A,0x01338750
?g_bfmeArr1233@@3PAPAUValue008B4480@@A,0x01338750
?g_bfmeArr1233@@3PAPAVAptValue@@A,0x01338750
?g_bfmeArr1233@@3PAPAVBfmeE1233@@A,0x01338750
?g_bfmeArr1233@@3PAPAVRva8CD130Value@@A,0x01338750
?g_bfmeArr1242@@3PAPAVBfmeE1242@@A,0x01338750
?g_bfmeArr1243@@3PAPAVAptValue@@A,0x01338750
?g_bfmeArr1243@@3PAPAVBfmeE1243@@A,0x01338750
?g_bfmeAsciiStringFormat@@3QBDB,0x0114450C
?g_bfmeAskB993@@3PAVBfmeAskB993@@A,0x012F4B98
?g_bfmeAttackMoveThreshold001885B0@@3MB,0x0109B3FC
?g_bfmeAttrPoolERT@@3UBfmeAttrPoolERT@@A,0x012F1000
?g_bfmeAudioERR@@3PAVBfmeAudioERR@@A,0x012ED668
?g_bfmeAudioFU@@3PAVBfmeAudioFU@@A,0x012ED668
?g_bfmeAudioGG@@3PAVBfmeAudioGG@@A,0x012ED668
?g_bfmeAux1006@@3PAUBfmeAux1006@@A,0x012F4B58
?g_bfmeAux985@@3PAUBfmeAux985@@A,0x012F4B58
?g_bfmeB1019@@3PAVBfmeB1019@@A,0x012ED668
?g_bfmeB1025@@3PAVBfmeB1025@@A,0x012F7194
?g_bfmeB1038@@3HA,0x01337A04
?g_bfmeB1057@@3HA,0x01340568
?g_bfmeB1058@@3PAVBfmeB1058@@A,0x012ED668
?g_bfmeB1062@@3PAVBfmeB1062@@A,0x01306DF0
?g_bfmeB1082@@3PAUBfmeB1082@@A,0x012F0898
?g_bfmeB1083@@3PAVBfmeB1083@@A,0x012F0898
?g_bfmeB1086@@3PAVBfmeB1086@@A,0x012ED5C4
?g_bfmeB1087@@3PAUBfmeB1087@@A,0x012F0898
?g_bfmeB1091@@3PAUBfmeB1091@@A,0x012F0898
?g_bfmeB1094@@3PAVBfmeB1094@@A,0x012F0898
?g_bfmeB1100@@3PAVBfmeB1100@@A,0x012F1028
?g_bfmeB1104@@3HA,0x01340594
?g_bfmeB1113@@3PAVBfmeB1113@@A,0x012F0898
?g_bfmeB1114@@3PAVBfmeB1114@@A,0x012F0898
?g_bfmeB986B@@3PAHA,0x012F9D0C
?g_bfmeB991@@3PAVBfmeB991@@A,0x012F9D88
?g_bfmeBEAX@@3PAVBfmeRefEAX@@A,0x01307184
?g_bfmeBEUA@@3PAVBfmeGlobBEUA@@A,0x012ED748
?g_bfmeBFAE@@3HA,0x012ACB4C
?g_bfmeBMG@@3HA,0x012B9660
?g_bfmeBVIW@@3PAXA,0x0130A600
?g_bfmeBadE15@@3UBfmeShapeE15@@A,0x012D4CE8
?g_bfmeBase1285Vtable@@3DA,0x01136854
?g_bfmeBaseDR@@3PAVBfmeBaseDR@@A,0x012ED5C8
?g_bfmeBaseDS003BCBB0@@3PAVBfmeBaseDS003BCBB0@@A,0x012ED5C8
?g_bfmeBaseDS@@3PAVBfmeBaseDS@@A,0x012ED5C8
?g_bfmeBaseTableABF@@3QBUFieldParse@@B,0x010898A0
?g_bfmeBaseYH@@3PAVBfmeBaseYH@@A,0x012ED5C8
?g_bfmeBegKA@@3PAPAVBfmeItemKA@@A,0x012F146C
?g_bfmeBeginJD@@3PAVBfmeRecJD@@A,0x0130B19C
?g_bfmeBiasMC@@3MA,0x01098AD4
?g_bfmeBinkRound@@3QBGB,0x012D8C00
?g_bfmeBlendDst@@3HA,0x012D7184
?g_bfmeBlendSrc@@3HA,0x012D7180
?g_bfmeBlocksEA@@3HA,0x01346E6C
?g_bfmeBoxYP@@3VBfmeBoxYP@@A,0x012F7078
?g_bfmeBuf1023@@3PADA,0x012F3CC4
?g_bfmeBufDWG@@3PAXA,0x013378D0
?g_bfmeBufferAN@@3PADA,0x012F19F0
?g_bfmeBufferEQH@@3PAEA,0x012F4CB8
?g_bfmeByteFormat@@3QBDB,0x01144298
?g_bfmeBytesEA@@3HA,0x01346E58
?g_bfmeC1020@@3DA,0x012B7D84
?g_bfmeC1023@@3PAVBfmeC1023@@A,0x012F7714
?g_bfmeC1038@@3HA,0x013378D4
?g_bfmeC1059@@3PAVBfmeC1059@@A,0x012F1600
?g_bfmeC1062@@3PAVBfmeC1062@@A,0x01337A9C
?g_bfmeC1082@@3PAVBfmeC1082@@A,0x012F1270
?g_bfmeC1086@@3PAVBfmeC1086@@A,0x012F060C
?g_bfmeC1087@@3PAVBfmeC1087@@A,0x012ED7AC
?g_bfmeC1091@@3PAVBfmeC1091@@A,0x012ED7AC
?g_bfmeC1104@@3PAUBfmeC1104@@A,0x01340534
?g_bfmeCFAE@@3HA,0x012EF418
?g_bfmeCRCForceAll@@3_NA,0x012ED4E6
?g_bfmeCRCSkipAI@@3_NA,0x012ED4E3
?g_bfmeCRCSkipCollision@@3_NA,0x012ED4DE
?g_bfmeCRCSkipObjects@@3_NA,0x012ED4DC
?g_bfmeCRCSkipPartition@@3_NA,0x012ED4DD
?g_bfmeCRCSkipPlayers@@3_NA,0x012ED4E2
?g_bfmeCRCSkipShroud@@3_NA,0x012ED4DF
?g_bfmeCRCSkipTaint@@3_NA,0x012ED4E0
?g_bfmeCVIW@@3PAXA,0x0130A624
?g_bfmeCaps1340578@@3PAVBfmeSnowDeviceCaps@@A,0x01340578
?g_bfmeCarry790B0@@3HA,0x012D4CBC
?g_bfmeCarryJC@@3HA,0x012D4CBC
?g_bfmeCfgUKD@@3PAUBfmeCfgUKD@@A,0x012ED524
?g_bfmeCh1035@@3DA,0x0134ECC8
?g_bfmeChatColor@@3HA,0x012B73F8
?g_bfmeClampTable@@3PAEA,0x01356EE0
?g_bfmeClientETE@@3PAVBfmeClientETE@@A,0x012F1464
?g_bfmeClock977@@3PAVBfmeClock977@@A,0x012F1B40
?g_bfmeClock983@@3PAVBfmeClock983@@A,0x012F1B40
?g_bfmeClock997@@3PAVBfmeClock997@@A,0x012F1464
?g_bfmeClockAZA@@3PAUBfmeClockAZA@@A,0x012F0898
?g_bfmeClockBK@@3PAVBfmeClockBK@@A,0x012F0898
?g_bfmeClockBL@@3PAVBfmeClockBL@@A,0x012F0898
?g_bfmeClockBN@@3PAURva0016D560GameLogic@@A,0x012F0898
?g_bfmeClockBN@@3PAVBfmeClockBN@@A,0x012F0898
?g_bfmeClockBP@@3PAVBfmeClockBP@@A,0x012F0898
?g_bfmeClockYD@@3PAUBfmeClockYD@@A,0x012F0898
?g_bfmeColorAdjust_00783070@@3UBfmeColorAdjust_00783070@@A,0x01306978
?g_bfmeColorBias_00783070@@3MA,0x0107C64C
?g_bfmeColorScale_00783070@@3MA,0x01084068
?g_bfmeCompareEAW@@3P6AXPBD0@ZA,0x01337864
?g_bfmeCoord2DFormat@@3QBDB,0x011443F8
?g_bfmeCoord3DFormat@@3QBDB,0x01144348
?g_bfmeCount1054@@3HA,0x0134054C
?g_bfmeCount1233@@3HA,0x01338748
?g_bfmeCount1242@@3HA,0x01338748
?g_bfmeCount1243@@3HA,0x01338748
?g_bfmeCountBBD@@3HA,0x0130BD30
?g_bfmeCountDU@@3HA,0x013379A4
?g_bfmeCountEA@@3HA,0x01346E68
?g_bfmeCountEAX@@3HA,0x0130717C
?g_bfmeCountELH@@3HA,0x01340594
?g_bfmeCountQB@@3HA,0x01304B60
?g_bfmeCountSI@@3HA,0x012ED240
?g_bfmeCountTB@@3HA,0x0130BCA8
?g_bfmeCountTDB@@3HA,0x01340594
?g_bfmeCountWE@@3HA,0x0130BCA8
?g_bfmeCounter4120@@3HA,0x012F12F0
?g_bfmeCsDWC@@3UBfmeCsDWA@@A,0x01336E60
?g_bfmeCsVHM@@3UBfmeCsVHM@@A,0x0133F4E8
?g_bfmeCurEYE@@3PAXA,0x012ED5D8
?g_bfmeCurrentCB@@3PAVBfmeGameInfo@@A,0x012F7094
?g_bfmeCurrentCB@@3PAVGameInfo@@A,0x012F7094
?g_bfmeCurrentCB@@3PAVSkirmishGameInfo@@A,0x012F7094
?g_bfmeCurrentCB@@3PAXA,0x012F7094
?g_bfmeCurrentCU@@3VBfmeBlockCU@@A,0x012B501C
?g_bfmeCurrentCZ@@3VBfmeHandleCX@@A,0x01307214
?g_bfmeCurrentCZ@@3VGen_0044f3c0@@A,0x01307214
?g_bfmeCurrentCZ@@3VShroudTexture@@A,0x01307214
?g_bfmeCurrentCZ@@3VTextureBaseClass@@A,0x01307214
?g_bfmeCurrentFA@@3HA,0x012F1400
?g_bfmeCurrentYS@@3PAVBfmeHelperYS@@A,0x01304B64
?g_bfmeCx1264@@3HA,0x012F497C
?g_bfmeCy1264@@3HA,0x012F4980
?g_bfmeD1020@@3DA,0x012F4AFE
?g_bfmeD1025@@3PAVBfmeD1025@@A,0x012ED748
?g_bfmeD1062@@3PAVBfmeC1062@@A,0x01337AA0
?g_bfmeD1072@@3DA,0x012F4AD1
?g_bfmeD1083@@3PAVBfmeD1083@@A,0x012F1600
?g_bfmeD1087@@3PAVBfmeD1087@@A,0x012ED748
?g_bfmeD1088@@3PAVBfmeD1088@@A,0x012ED748
?g_bfmeD1089@@3PAVBfmeD1089@@A,0x012ED748
?g_bfmeD1090@@3PAVBfmeD1090@@A,0x012ED748
?g_bfmeD1091@@3PAVBfmeD1091@@A,0x012ED748
?g_bfmeD1092@@3PAVBfmeD1092@@A,0x012ED748
?g_bfmeD1093@@3PAVBfmeD1093@@A,0x012ED748
?g_bfmeD1094@@3PAVBfmeD1094@@A,0x012ED748
?g_bfmeD1095@@3PAVBfmeD1095A@@A,0x012ED748
?g_bfmeD1096@@3PAVBfmeD1096@@A,0x012ED748
?g_bfmeD1097@@3PAVBfmeD1097@@A,0x012ED748
?g_bfmeD1098@@3PAVBfmeD1098@@A,0x012ED748
?g_bfmeD1100@@3PAVBfmeD1100@@A,0x012F1600
?g_bfmeD3DCallCount@@3IA,0x01340594
?g_bfmeD3DDevice@@3PAVBfmeD3DDevice@@A,0x01340534
?g_bfmeDSV@@3PAVBfmeGlobDSV@@A,0x012ED748
?g_bfmeDUI@@3PAUBfmeOtherDUI@@A,0x012F0898
?g_bfmeDVIW@@3PAXA,0x0130A5C4
?g_bfmeDeadlineClock@@3PAUBfmeDeadlineClock@@A,0x012F0898
?g_bfmeDefHD@@3PADA,0x01336E50
?g_bfmeDefVNJ@@3DA,0x01336E50
?g_bfmeDefault1032@@3PADA,0x01336E50
?g_bfmeDefault996@@3PADA,0x0112233C
?g_bfmeDefaultBG@@3HA,0x01336E50
?g_bfmeDefaultBG@@3PAHA,0x01336E50
?g_bfmeDefaultBI@@3VAsciiStringBI@@A,0x01336E50
?g_bfmeDefaultBP@@3PAHA,0x01336E50
?g_bfmeDefaultBR@@3MA,0x01075350
?g_bfmeDefaultBU@@3MA,0x01075334
?g_bfmeDefaultBU@@3MB,0x01075334
?g_bfmeDefaultCJ@@3MA,0x01075334
?g_bfmeDefaultCU@@3VBfmeBlockCU@@A,0x012B4FF8
?g_bfmeDefaultCW@@3UBfmeTextCW@@A,0x01336E50
?g_bfmeDefaultEG@@3MA,0x01097114
?g_bfmeDefaultEG@@3MB,0x01097114
?g_bfmeDefaultESA@@3VBfmeStrESA@@A,0x01336E50
?g_bfmeDefaultESE@@3MA,0x01075334
?g_bfmeDefaultFE@@3PAHA,0x012BC0C8
?g_bfmeDefaultQA@@3HA,0x0112E8AC
?g_bfmeDefaultRateCX@@3MA,0x012F8234
?g_bfmeDefaultString1284@@3UAptStringBlock@@A,0x012D5298
?g_bfmeDefaultString1284@@3UBfmeHdrVKI@@A,0x012D5298
?g_bfmeDefaultString1284@@3UBfmeStringBlock1226@@A,0x012D5298
?g_bfmeDefaultString1284@@3UBfmeStringData1284@@A,0x012D5298
?g_bfmeDefaultString1284@@3UBfmeStringData3AF0@@A,0x012D5298
?g_bfmeDefaultString1284@@3UBfmeStringData3AF0@@B,0x012D5298
?g_bfmeDefaultString1284@@3URva0089DC40StringData@@A,0x012D5298
?g_bfmeDefaultString1284@@3URva008AE600StringData@@A,0x012D5298
?g_bfmeDefaultString1284@@3URva008AF210StringData@@A,0x012D5298
?g_bfmeDefaultString1284@@3URva8CB820StringData@@A,0x012D5298
?g_bfmeDefaultString1284@@3URva8CBB80StringData@@A,0x012D5298
?g_bfmeDefaultString1284@@3URva8CC570StringBlock@@A,0x012D5298
?g_bfmeDefaultString1284@@3URva8CD130StringBlock@@A,0x012D5298
?g_bfmeDefaultString1284@@3URva8D0D80StringBlock@@A,0x012D5298
?g_bfmeDefaultUDD@@3PADA,0x01336E50
?g_bfmeDefaultVTM@@3VBfmeStrVTM@@A,0x01336E50
?g_bfmeDefaultYC@@3VBfmeRoomYC@@A,0x01336E50
?g_bfmeDefaultYF@@3VBfmeRoomYF@@A,0x01336E50
?g_bfmeDeltaAAW@@3MB,0x012F8230
?g_bfmeDepthVHM@@3HC,0x01340588
?g_bfmeDescABB@@3QAXA,0x011E0004
?g_bfmeDescriptor3C0600@@3HA,0x012BA450
?g_bfmeDescriptor5C0600@@3HA,0x012F7F34
?g_bfmeDescriptor8C0600@@3HA,0x012F7F28
?g_bfmeDevice1340534@@3PAVBfmeSnowDevice@@A,0x01340534
?g_bfmeDirectionWeight1285@@3MA,0x01075C74
?g_bfmeDirectionWeight1285@@3MB,0x01075C74
?g_bfmeDirtyAE@@3PAVBfmeDirtyAE@@A,0x012F33F8
?g_bfmeDirtyBG@@3HA,0x012EF418
?g_bfmeDirtyBG@@3IA,0x012EF418
?g_bfmeDirtyBH@@3HA,0x012EF418
?g_bfmeDirtyCN@@3HA,0x012EF418
?g_bfmeDirtyCU@@3EA,0x012F13FC
?g_bfmeDirtyCU@@3_NA,0x012F13FC
?g_bfmeDirtyYH@@3EA,0x012F3E6D
?g_bfmeDirtyYH@@3_NA,0x012F3E6D
?g_bfmeDisconnectPingResult@@3HA,0x012B9810
?g_bfmeDispatchESQ@@3UBfmePtrESQ@@A,0x0134B280
?g_bfmeDispatchEnabled1281@@3EA,0x0133781C
?g_bfmeDisplayTwoPi@@3MB,0x0111E36C
?g_bfmeDivGT@@3HA,0x012BB1CC
?g_bfmeDockingDesyncLog@@3_NA,0x012B290C
?g_bfmeDockingTraceActive@@3_NA,0x012F0478
?g_bfmeDoneAAV@@3EA,0x012F3E6C
?g_bfmeDoneAPB@@3_NA,0x012ED4E6
?g_bfmeDoneSJA@@3DA,0x012F4CA4
?g_bfmeDoneTDB@@3DA,0x012D6DFC
?g_bfmeDrawVHP@@3PAVAptPalantirGlobeRenderer@@A,0x012F4B98
?g_bfmeDrawableEventManager@@3PAVBfmeDrawableEventManager@@A,0x012F7FE0
?g_bfmeDrop995@@3PAVBfmeDrop995@@A,0x012F12CC
?g_bfmeDropDXH@@3P6AXPAVBfmeSubDXH@@@ZA,0x013378A0
?g_bfmeDstCF@@3PAHA,0x012B5158
?g_bfmeE1014@@3PAVBfmeE1014@@A,0x012F3A90
?g_bfmeE1021@@3PAVBfmeE1021@@A,0x012F1464
?g_bfmeE1022@@3PAVBfmeE1022@@A,0x012F33F8
?g_bfmeE1054@@3PAUBfmeE1054@@A,0x01340534
?g_bfmeE1056@@3PAUBfmeE1056@@A,0x01340534
?g_bfmeE1057@@3PAUBfmeE1057@@A,0x01340534
?g_bfmeE1095@@3PAVBfmeE1095@@A,0x012F1600
?g_bfmeEVIW@@3PAXA,0x0130A4E8
?g_bfmeElapsedDYB@@3_KA,0x012ED8A8
?g_bfmeElapsedScale@@3MA,0x0111BB98
?g_bfmeEmpty1233@@3UBfmeBuf1233@@A,0x012D5298
?g_bfmeEmptyAA@@3QBDB,0x0107388C
?g_bfmeEmptyAE@@3QBDB,0x0107388B
?g_bfmeEmptyAscii@@3PADA,0x0107388B
?g_bfmeEmptyAscii@@3QBDB,0x0107388B
?g_bfmeEmptyEE@@3VBfmeStrEE@@A,0x01336E50
?g_bfmeEmptyEHR@@3PADA,0x0107388B
?g_bfmeEmptyERA@@3PADA,0x0107388B
?g_bfmeEmptyERC@@3PADA,0x0107388B
?g_bfmeEmptyERJ@@3PADA,0x0107388B
?g_bfmeEmptyESP@@3QBDB,0x0107301C
?g_bfmeEmptyETA@@3PADA,0x0107388B
?g_bfmeEmptyF9@@3PADA,0x0107388B
?g_bfmeEmptyString1285@@3UBfmeStringData1285@@A,0x012D5298
?g_bfmeEmptyUND@@3PADA,0x01336E50
?g_bfmeEmptyUPA@@3PADA,0x01336E50
?g_bfmeEmptyUVA@@3PADA,0x0107301C
?g_bfmeEmptyUnicode@@3QBDB,0x0107388C
?g_bfmeEmptyVFD@@3PADA,0x0107301C
?g_bfmeEmptyVKI@@3UBfmeHdrVKI@@A,0x012D5298
?g_bfmeEmptyVLU@@3UBfmeHdrVLU@@A,0x012D5298
?g_bfmeEndC976@@3PAVBfmeEndC976@@A,0x012F64BC
?g_bfmeEndJD@@3PAVBfmeRecJD@@A,0x0130B1A0
?g_bfmeEndKA@@3PAPAVBfmeItemKA@@A,0x012F1470
?g_bfmeEngineETE@@3PAVBfmeEngineETE@@A,0x012ED524
?g_bfmeEntityTableEAN@@3PAUBfmeEntityEAN@@A,0x012B3ED0
?g_bfmeEntriesDU@@3PAVBfmeTripleDU@@A,0x013378E0
?g_bfmeEscAI@@3PADA,0x011063E4
?g_bfmeEventVHM@@3PAXA,0x0133F540
?g_bfmeExtra1282@@3PAXA,0x01337804
?g_bfmeExtra1282Flags@@3EA,0x01337818
?g_bfmeF1071@@3DA,0x012B7D84
?g_bfmeF1085@@3DA,0x012B7D84
?g_bfmeFVIX@@3PAXA,0x0130A4AC
?g_bfmeFactorBW@@3NA,0x01075D80
?g_bfmeFactorDC@@3MA,0x01096490
?g_bfmeFallbackDB@@3HA,0x013379BC
?g_bfmeFallbackDB@@3PAURva8CD130Value@@A,0x013379BC
?g_bfmeFallbackDB@@3PAVAptValue@@A,0x013379BC
?g_bfmeFallbackDB@@3PAVRva00899F00Base@@A,0x013379BC
?g_bfmeFallbackDB@@3PAVRva008A9B00@@A,0x013379BC
?g_bfmeFallbackDB@@3PAVRva8CD130Value@@A,0x013379BC
?g_bfmeFallbackDB@@3PAVRva8CF1B0Value@@A,0x013379BC
?g_bfmeFallbackDB@@3PAVRva8D0D80Value@@A,0x013379BC
?g_bfmeFallbackDB@@3PAVValue008C7950@@A,0x013379BC
?g_bfmeFallbackDB@@3PAXA,0x013379BC
?g_bfmeFallbackET@@3MB,0x0109CECC
?g_bfmeFifthEB@@3HA,0x012D7194
?g_bfmeFileAO@@3PADA,0x010AA908
?g_bfmeFileUUA@@3PADA,0x0112C6A8
?g_bfmeFileUVB@@3QBDB,0x0112C24C
?g_bfmeFilterLimit@@3PAHA,0x01356A7C
?g_bfmeFind975D@@3PAVBfmeFind975D@@A,0x012EF1D8
?g_bfmeFindA980@@3PAVBfmeFindA980@@A,0x012EF1D8
?g_bfmeFindB980@@3PAVBfmeFindB980@@A,0x012EF1D8
?g_bfmeFirstCF@@3MA,0x010F6394
?g_bfmeFirstEB@@3HA,0x01346DDC
?g_bfmeFirstEG@@3HA,0x012B87AC
?g_bfmeFirstUA@@3VBfmeTableUA@@A,0x01085DE4
?g_bfmeFlag1006@@3DA,0x012F3D4A
?g_bfmeFlag1056@@3DA,0x012D6DFC
?g_bfmeFlag1281@@3EA,0x0133781D
?g_bfmeFlag961@@3PAUBfmeFlag961@@A,0x012F7048
?g_bfmeFlagAAV@@3EA,0x012B6BB0
?g_bfmeFlagAGA@@3EA,0x012F71B8
?g_bfmeFlagBGA@@3EA,0x012F71B9
?g_bfmeFlagBRA@@3HA,0x012F7094
?g_bfmeFlagDMa@@3_NA,0x012B7D84
?g_bfmeFlagDMb@@3_NA,0x012F4AFD
?g_bfmeFlagDMc@@3_NA,0x012F4AFE
?g_bfmeFlagEC@@3_NA,0x012F9DB8
?g_bfmeFlagESP@@3EA,0x013377FC
?g_bfmeFlagMD@@3DA,0x012F4AFC
?g_bfmeFlagMG@@3HA,0x012F4ACC
?g_bfmeFlagSGA@@3DA,0x0133F42F
?g_bfmeFlagsAPB@@3IA,0x012A6FA0
?g_bfmeFlagsFE@@3PAHA,0x012F9C5C
?g_bfmeFmt1013@@3PADA,0x01105BEC
?g_bfmeFmt1021B@@3PADA,0x01108ED8
?g_bfmeFmt1021G@@3PADA,0x01109CD4
?g_bfmeFmt1025@@3PADA,0x0107C7B4
?g_bfmeFmt1029@@3PADA,0x010BF820
?g_bfmeFmt1041@@3PADA,0x010A1378
?g_bfmeFmt1051@@3PADA,0x011090D8
?g_bfmeFmt1051B@@3PADA,0x010C03A8
?g_bfmeFmt1057@@3PADA,0x011053D4
?g_bfmeFmt1069@@3PADA,0x011053D4
?g_bfmeFmt1076@@3PADA,0x0110AE60
?g_bfmeFmt1078@@3PADA,0x011056EC
?g_bfmeFmt1079@@3PADA,0x011053D4
?g_bfmeFmt993B@@3PADA,0x01109B3C
?g_bfmeFmt995B@@3PADA,0x01105184
?g_bfmeFmtA1064@@3PADA,0x01105BE0
?g_bfmeFmtA1066@@3PADA,0x01109E28
?g_bfmeFmtA1067@@3PADA,0x01109F64
?g_bfmeFmtA1068@@3PADA,0x01109A60
?g_bfmeFmtA1070@@3PADA,0x01105740
?g_bfmeFmtA1072@@3PADA,0x0107C7B4
?g_bfmeFmtA1073@@3PADA,0x01105728
?g_bfmeFmtA995C@@3PADA,0x011053D4
?g_bfmeFmtAJ@@3PADA,0x011090FC
?g_bfmeFmtB1064@@3PADA,0x0110523C
?g_bfmeFmtB1066@@3PADA,0x011061A0
?g_bfmeFmtB1067@@3PADA,0x01105EC8
?g_bfmeFmtB1068@@3PADA,0x01109A84
?g_bfmeFmtB1070@@3PADA,0x011097A4
?g_bfmeFmtB1072@@3PADA,0x01104FFC
?g_bfmeFmtB1073@@3PADA,0x01105714
?g_bfmeFmtB995C@@3PADA,0x01107374
?g_bfmeFmtC1063@@3PADA,0x011056EC
?g_bfmeFmtC1064@@3PADA,0x01105224
?g_bfmeFmtC1072@@3PADA,0x011090D8
?g_bfmeFmtD1064@@3PADA,0x0107C7B4
?g_bfmeFmtD1065@@3PADA,0x0107C7B4
?g_bfmeFmtD1067@@3PADA,0x0107C7B4
?g_bfmeFmtD1068@@3PADA,0x0107C7B4
?g_bfmeFmtD1070@@3PADA,0x0107C7B4
?g_bfmeFmtD1071@@3PADA,0x0107C7B4
?g_bfmeFmtD1072@@3PADA,0x01105700
?g_bfmeFmtD1074@@3PADA,0x0107C7B4
?g_bfmeFmtD1077@@3PADA,0x0107C7B4
?g_bfmeFmtE1064@@3PADA,0x01105E7C
?g_bfmeFmtE1072@@3PADA,0x011056EC
?g_bfmeFmtESP@@3PADA,0x010F71E0
?g_bfmeFmtF1065@@3PADA,0x01109950
?g_bfmeFmtF1073@@3PADA,0x01080F24
?g_bfmeFmtF1074@@3PADA,0x01080F24
?g_bfmeFmtF1077@@3PADA,0x01080F24
?g_bfmeFmtG1065@@3PADA,0x01080F24
?g_bfmeFmtG1073@@3PADA,0x01109FBC
?g_bfmeFmtH1065@@3PADA,0x01109C58
?g_bfmeFmtH1074@@3PADA,0x01105194
?g_bfmeFmtJ1074@@3PADA,0x01105E2C
?g_bfmeFmtK1074@@3PADA,0x01105E14
?g_bfmeFmtL1077@@3PADA,0x01109D20
?g_bfmeFmtM1077@@3PADA,0x01105EB4
?g_bfmeFmtN1077@@3PADA,0x01105F70
?g_bfmeFmtP1071@@3PADA,0x01109708
?g_bfmeFmtQ1071@@3PADA,0x011096FC
?g_bfmeFmtR1071@@3PADA,0x01109E28
?g_bfmeFmtUPB@@3PADA,0x0107301C
?g_bfmeFormatBuffer@@3PADA,0x0130C650
?g_bfmeFourthEB@@3HA,0x012D7190
?g_bfmeFree1040@@3P6AXPAXH@ZA,0x01337830
?g_bfmeFree1046@@3P6AXPAXH@ZA,0x01337830
?g_bfmeFreeDWF@@3P6AXPAX@ZA,0x0133782C
?g_bfmeFreeDXG@@3P6AXPAX@ZA,0x0133782C
?g_bfmeFreeList1149@@3PAPADA,0x0130B210
?g_bfmeFreePair1286@@3P6AXPAXH@ZA,0x01337874
?g_bfmeFreeSingle1286@@3P6AXPAX@ZA,0x0133782C
?g_bfmeFreeVMU@@3P6AXPAX@ZA,0x0133782C
?g_bfmeFreeVOA@@3P6GXPAX@ZA,0x01359610
?g_bfmeFreeVOB@@3P6GXPAX@ZA,0x0135960C
?g_bfmeFreeVOH@@3P6AXPAX@ZA,0x0133782C
?g_bfmeFullBX@@3IA,0x012D71AC
?g_bfmeG1022@@3PAVBfmeG1022@@A,0x012ED668
?g_bfmeG1023@@3PAVBfmeG1023@@A,0x012ED668
?g_bfmeG1024@@3PAVBfmeG1024@@A,0x012ED668
?g_bfmeG1059@@3PAVBfmeG1059@@A,0x012F7FE0
?g_bfmeG1061@@3PAVBfmeG1061@@A,0x012F7730
?g_bfmeG1070@@3PAVBfmeG1070@@A,0x012F7730
?g_bfmeG1078@@3PAUBfmeG1078@@A,0x012F7730
?g_bfmeG1085@@3DA,0x012F4AFD
?g_bfmeG1102@@3PAVBfmeG1102@@A,0x012F7730
?g_bfmeGVIY@@3PAXA,0x0130A60C
?g_bfmeGameCW@@3PAVBfmeB1083@@A,0x012F706C
?g_bfmeGameCW@@3PAVBfmeGameCW@@A,0x012F706C
?g_bfmeGameCW@@3PAVGlo012F706CType@@A,0x012F706C
?g_bfmeGameCW@@3PAVRva003C83E0Gate@@A,0x012F706C
?g_bfmeGameLogic1294@@3PAVBfmeGameLogic1294@@A,0x012F0898
?g_bfmeGameLogic1294@@3PAVBfmeGlobFGE@@A,0x012F0898
?g_bfmeGameLogicFV@@3PAVBfmeLogicFV@@A,0x012F0898
?g_bfmeGate961@@3PAVBfmeGate961@@A,0x012F706C
?g_bfmeGateBT@@3HA,0x012F9D04
?g_bfmeGateGN@@3HA,0x012F7714
?g_bfmeGlo012F0FE0@@3PAVBFMEFrameState@@A,0x012F0FE0
?g_bfmeGlo012F0FE0@@3PAVBfmeFrameTBA@@A,0x012F0FE0
?g_bfmeGlo012F15F8@@3PAVBFMEWeatherOverride@@A,0x012F15F8
?g_bfmeGlo012F15F8@@3PAVBfmeOverride1137@@A,0x012F15F8
?g_bfmeGlo012F15F8@@3PAVBfmeOverrideTBA@@A,0x012F15F8
?g_bfmeGlo012F15F8@@3PAVBfmeSnowOverride@@A,0x012F15F8
?g_bfmeGlo012F15F8@@3PAVRva00725710Weather@@A,0x012F15F8
?g_bfmeGlob956@@3PAUBfmeGlob956@@A,0x012EF214
?g_bfmeGlob9A@@3HA,0x012F10D8
?g_bfmeGlobCC0@@3PAVBfmeGlobCC0@@A,0x012F1104
?g_bfmeGlobGI@@3PAVBfmeGlobGI@@A,0x012F076C
?g_bfmeGlobJB@@3PAVBfmeGlobJB@@A,0x012F148C
?g_bfmeGlobLE@@3PAVBfmeGlobLE@@A,0x012F7730
?g_bfmeGlobLF@@3PAVBfmeGlobLF@@A,0x012F387C
?g_bfmeGlobMB@@3PAVBfmeGlobMB@@A,0x012F33F8
?g_bfmeGlobMC@@3PAVBfmeGlobMC@@A,0x012ED668
?g_bfmeGlobNC@@3PAVBfmeGlobNC@@A,0x012F1028
?g_bfmeGlobNF@@3PAVBfmeGlobNF@@A,0x012F0898
?g_bfmeGlobPB@@3PAVBfmeGlobPB@@A,0x012F8058
?g_bfmeGlobPB@@3PAVBfmeScene@@A,0x012F8058
?g_bfmeGlobQC@@3PAVBfmeGlobQC@@A,0x012F8058
?g_bfmeGlobQE@@3PAVBfmeGlobQE@@A,0x01306EEC
?g_bfmeGlobRB@@3PAUBfmeObjRB@@A,0x012F7FDC
?g_bfmeGlobal012F18F0@@3PAVBfmeGlobal012F18F0@@A,0x012F18F0
?g_bfmeGlobalDataOriginal@@3PAVGlobalData@@A,0x012ED5CC
?g_bfmeGlobalERL@@3PAVBfmeGlobalERL@@A,0x012F076C
?g_bfmeGlobalERM@@3PAVBfmeGlobalERM@@A,0x012F076C
?g_bfmeGlobalWR@@3PAUBFMEGlobalLanguage@@A,0x012F1484
?g_bfmeGlobalWR@@3PAUBfmeGlobalWR@@A,0x012F1484
?g_bfmeGlobalWR@@3PAVBfmeGlobalWR@@A,0x012F1484
?g_bfmeGlobalWR@@3PAVGlobalLanguageAI@@A,0x012F1484
?g_bfmeGlobalWS@@3PAVBfmeGlobalWS@@A,0x012F1484
?g_bfmeGlobalWT@@3PAVBfmeGlobalWT@@A,0x012F1484
?g_bfmeGlobalWU@@3PAVBfmeGlobalWU@@A,0x012F1484
?g_bfmeGlobal_012f1024@@3PAVBfmeGlobal_012f1024@@A,0x012F1024
?g_bfmeGlobal_012f706c@@3PAVBfmeGlobal_012f706c@@A,0x012F706C
?g_bfmeGuardByteABF@@3EA,0x012EF1C4
?g_bfmeGuardDwordABF@@3IA,0x012EF1C4
?g_bfmeH1025@@3PAVBfmeH1025@@A,0x012F1028
?g_bfmeH1059@@3PAVBfmeH1059@@A,0x012F7014
?g_bfmeH1071@@3DA,0x012F4AFE
?g_bfmeH1085@@3DA,0x012F4AFE
?g_bfmeHDWI@@3PAXA,0x0134DCC0
?g_bfmeHalfBX@@3IA,0x012D71A8
?g_bfmeHandleSRA@@3PAXA,0x012ED238
?g_bfmeHashArr3AF0@@3PAPAVBfmeNode3AF0@@A,0x01338470
?g_bfmeHashCount3AF0@@3HA,0x01338474
?g_bfmeHashMasks008AD350@@3PAIA,0x011364E8
?g_bfmeHeadCA@@3PAVGen_004902A0@@A,0x012F3350
?g_bfmeHeadDX@@3PAVBfmeItemDX@@A,0x013379A0
?g_bfmeHeld995B@@3PAXA,0x012F4974
?g_bfmeHits1054@@3HA,0x01340594
?g_bfmeHoldCW@@3PAVBfmeHoldCW@@A,0x012F706C
?g_bfmeHolderBP@@3PAVBfmeHolderBP@@A,0x012F1464
?g_bfmeHolderBS@@3PAVBfmeHolderBS@@A,0x012EF4CC
?g_bfmeHolderBU@@3PADA,0x013377D8
?g_bfmeHolderBU@@3PAUBfmeManager1282@@A,0x013377D8
?g_bfmeHolderBU@@3PAUBfmePickWorld1284@@A,0x013377D8
?g_bfmeHolderBU@@3PAURva00892A00Holder@@A,0x013377D8
?g_bfmeHolderBU@@3PAURva008930C0Holder@@A,0x013377D8
?g_bfmeHolderBU@@3PAURva008A1940Holder@@A,0x013377D8
?g_bfmeHolderBU@@3PAURva008AED50Holder@@A,0x013377D8
?g_bfmeHolderBU@@3PAVBfmeHolder4310@@A,0x013377D8
?g_bfmeHolderBU@@3PAVBfmeHolderBU@@A,0x013377D8
?g_bfmeHolderBU@@3PAVGen_008A0C30@@A,0x013377D8
?g_bfmeHolderBU@@3PAVRva008A18C0Holder@@A,0x013377D8
?g_bfmeHolderBU@@3PAVRva008AD350Holder@@A,0x013377D8
?g_bfmeHolderBU@@3PAXA,0x013377D8
?g_bfmeHook1040@@3P6AXPAUBfmeS1040@@@ZA,0x01356DA0
?g_bfmeHub1006@@3PAVBfmeHub1006@@A,0x012F19E8
?g_bfmeHub1013@@3PAVBfmeHub1013@@A,0x012F3330
?g_bfmeHub982@@3PAVBfmeHub982@@A,0x01306954
?g_bfmeHub985@@3PAVBfmeHub985@@A,0x012F19E8
?g_bfmeHub993@@3PAVBfmeHub993@@A,0x012F148C
?g_bfmeICoord2DFormat@@3QBDB,0x01144414
?g_bfmeICoord3DFormat@@3QBDB,0x0114436C
?g_bfmeIRegion2DFormat@@3QBDB,0x0114445C
?g_bfmeIRegion3DFormat@@3QBDB,0x011443C8
?g_bfmeIidTSA@@3UBfmeGuidTSA@@A,0x0113DF00
?g_bfmeIidTSA@@3U_GUID@@A,0x0113DF00
?g_bfmeIidUKA@@3UBfmeGuidUKA@@A,0x0113DF00
?g_bfmeIidULA@@3UBfmeGuidULA@@A,0x0113DF00
?g_bfmeIndexFA@@3HA,0x012D5DC8
?g_bfmeInfoETA@@3PAVBfmeInfoETA@@A,0x012F7194
?g_bfmeInfoTKB@@3PADA,0x0111E05C
?g_bfmeInitDYB@@3DA,0x012ED8B0
?g_bfmeInstanceXE@@3PAVGen_005B42F0@@A,0x012F4C80
?g_bfmeInt64Format@@3QBDB,0x011442EC
?g_bfmeIntegerFormat@@3QBDB,0x011442DC
?g_bfmeInvalidScore1285@@3MA,0x0109BF3C
?g_bfmeJ1017@@3PAVBfmeJ1017@@A,0x013377D8
?g_bfmeJ1017Cb@@3PAXA,0x01337808
?g_bfmeJ1017Flag@@3EA,0x0133781C
?g_bfmeJ1017Fn@@3P6AXPAXH@ZA,0x01337840
?g_bfmeJ1017Other@@3PAXA,0x013377F4
?g_bfmeJ1020@@3PAVBfmeJ1020@@A,0x012F0888
?g_bfmeJ1023@@3PAVBfmeJ1023@@A,0x012F1044
?g_bfmeJ1058@@3PAVBfmeJ1058@@A,0x012F0888
?g_bfmeJ1081@@3PAVExperienceLevelSystem@@A,0x012F0888
?g_bfmeJ1101@@3PAVBfmeJ1101@@A,0x012F086C
?g_bfmeJpegExtendedMessage@@3DA,0x01081238
?g_bfmeJpegSingleMessage@@3DA,0x01080FC0
?g_bfmeJpegState@@3PAUBfmeJpegState@@A,0x012ED5AC
?g_bfmeK1022@@3PAVBfmeK1022@@A,0x012F7198
?g_bfmeK1023@@3PAVBfmeK1023@@A,0x012F7730
?g_bfmeK1058@@3PAVBfmeK1058@@A,0x012F70E8
?g_bfmeK1239@@3MB,0x01075334
?g_bfmeK1240@@3MB,0x01075334
?g_bfmeK1253@@3MB,0x0107533C
?g_bfmeK1254@@3MB,0x01075C74
?g_bfmeK1256@@3MB,0x01075C74
?g_bfmeK1257@@3MB,0x0107533C
?g_bfmeK1258A@@3MB,0x0107533C
?g_bfmeK1258B@@3MB,0x01075350
?g_bfmeK1258C@@3MB,0x010F6938
?g_bfmeK1258D@@3MB,0x010F693C
?g_bfmeK1260@@3MB,0x0107533C
?g_bfmeK1261@@3MB,0x0107533C
?g_bfmeK1263@@3MB,0x0107533C
?g_bfmeK1264@@3MB,0x0107533C
?g_bfmeK1266A@@3MB,0x01075338
?g_bfmeK1266B@@3MB,0x01075340
?g_bfmeK1266C@@3MA,0x01075344
?g_bfmeK1266C@@3MB,0x01075344
?g_bfmeK1266D@@3MB,0x0107533C
?g_bfmeK1267A@@3MB,0x0107533C
?g_bfmeK1267B@@3MB,0x0107533C
?g_bfmeK1268@@3MB,0x0107533C
?g_bfmeK1269A@@3MB,0x01075334
?g_bfmeK1269B@@3MB,0x0107533C
?g_bfmeK1270@@3MB,0x0107533C
?g_bfmeK1SMA@@3MA,0x010F692C
?g_bfmeK2SMA@@3MA,0x0109D11C
?g_bfmeK3SMA@@3MA,0x01075334
?g_bfmeKRW@@3MA,0x01090DDC
?g_bfmeKTHE@@3MA,0x0109ECC0
?g_bfmeKUDB@@3MA,0x01075350
?g_bfmeKUKC@@3MA,0x010E8F14
?g_bfmeKeb@@3MA,0x01132A80
?g_bfmeKey1026@@3PADA,0x011096E8
?g_bfmeKey1027@@3PADA,0x011096F4
?g_bfmeKey803A00A@@3PADA,0x0112C00C
?g_bfmeKey803A00B@@3PADA,0x0112C74C
?g_bfmeKeyAVHC@@3HA,0x0112B580
?g_bfmeKeyBVHC@@3HA,0x0112B578
?g_bfmeKeyCVHD@@3HA,0x0112B490
?g_bfmeKeyDVHD@@3HA,0x0112B588
?g_bfmeKeyGenEQW@@3PAVNameKeyGenerator@@A,0x012ED600
?g_bfmeKeyGenERA@@3PAVBfmeKeyGenERA@@A,0x012ED600
?g_bfmeKeyGenERH@@3PAVBfmeKeyGenERH@@A,0x012ED600
?g_bfmeKeyGenERI@@3PAVBfmeKeyGenERI@@A,0x012ED600
?g_bfmeKeyGenERJ@@3PAVBfmeKeyGenERJ@@A,0x012ED600
?g_bfmeKeyGenERK@@3PAVBfmeKeyGenERK@@A,0x012ED600
?g_bfmeKeyGenERL@@3PAVBfmeKeyGenERL@@A,0x012ED600
?g_bfmeKeyGenERM@@3PAVBfmeKeyGenERM@@A,0x012ED600
?g_bfmeKeyGenERO@@3PAVBfmeKeyGenERO@@A,0x012ED600
?g_bfmeKeyGenERP@@3PAVBfmeKeyGenERP@@A,0x012ED600
?g_bfmeKeyVHE@@3HA,0x0112C144
?g_bfmeKeyboardScrollSpeed012B54B8@@3MA,0x012B54B8
?g_bfmeKindABD@@3QBDB,0x0112BC80
?g_bfmeLeft1221@@3HA,0x012D5DC8
?g_bfmeLens1228@@3PAEA,0x012D5DFC
?g_bfmeLens1229@@3PAEA,0x012D5378
?g_bfmeLevelEUH@@3EA,0x012ED249
?g_bfmeLidKey@@3PADA,0x0112B52C
?g_bfmeLimit952@@3MA,0x010977E8
?g_bfmeLimitEK@@3MB,0x0108885C
?g_bfmeLimitsDF@@3PAHA,0x012F401C
?g_bfmeLimitsDF@@3PAURankPoints@@A,0x012F401C
?g_bfmeList1016@@3V?$map@IV?$basic_string@DV?$char_traits@D@_STL@@V?$allocator@D@2@@_STL@@U?$less@I@2@V?$allocator@U?$pair@$$CBIV?$basic_string@DV?$char_traits@D@_STL@@V?$allocator@D@2@@_STL@@@_STL@@@2@@_STL@@A,0x0133F468
?g_bfmeList1016@@3VBfmeList1016@@A,0x0133F468
?g_bfmeListCK@@3PAVBfmeEntryCK@@A,0x012ED584
?g_bfmeListDQ@@3PAVBfmeBaseDQ@@A,0x012F3350
?g_bfmeListEYE@@3PAUBfmeListEYE@@A,0x012ED5DC
?g_bfmeListVW@@3PAVBfmeBaseVW@@A,0x012F3350
?g_bfmeListVX@@3PAVRva00490350Base@@A,0x012F3350
?g_bfmeLit1025@@3PADA,0x0107388B
?g_bfmeLit1035@@3PADA,0x0113A5CC
?g_bfmeLit1042@@3PADA,0x0107388C
?g_bfmeLit1058@@3PADA,0x0107301C
?g_bfmeLit1061@@3PADA,0x0107388B
?g_bfmeLit1067@@3PADA,0x0107388B
?g_bfmeLit1073@@3PADA,0x0107388B
?g_bfmeLit1_1062@@3PADA,0x01105E6C
?g_bfmeLit2_1062@@3PADA,0x01109BB8
?g_bfmeLit3_1062@@3PADA,0x01104B88
?g_bfmeLitA1060@@3PADA,0x01081238
?g_bfmeLitA1066@@3PADA,0x01080FC0
?g_bfmeLitA1067@@3PADA,0x01105F0C
?g_bfmeLitA1069@@3PADA,0x011073A0
?g_bfmeLitA1072@@3PADA,0x011090F4
?g_bfmeLitA1079@@3PADA,0x011073A0
?g_bfmeLitB1060@@3PADA,0x01080FC0
?g_bfmeLitB1066@@3PADA,0x01081238
?g_bfmeLitB1067@@3PADA,0x01105EEC
?g_bfmeLitB1069@@3PADA,0x01107384
?g_bfmeLitB1072@@3PADA,0x010F7734
?g_bfmeLitB1079@@3PADA,0x01107384
?g_bfmeLitC1060@@3PADA,0x01109BC4
?g_bfmeLitC1062@@3PADA,0x01109B98
?g_bfmeLiveGU@@3HA,0x012F1098
?g_bfmeLockZS@@3PAVBfmeLockVHX@@A,0x012F9858
?g_bfmeLog1013@@3PAVBfmeLog1013@@A,0x012F19E8
?g_bfmeLog1020@@3PAVPalantirAptWindow@@A,0x012F19E8
?g_bfmeLog1021@@3PAVBfmeLog1021@@A,0x012F19E8
?g_bfmeLog1051@@3PAVBfmeLog1051@@A,0x012F19E8
?g_bfmeLog1057@@3PAVBfmeLog1057@@A,0x012F19E8
?g_bfmeLog993@@3PAVBfmeLog993@@A,0x012F19E8
?g_bfmeLog995@@3PAVBfmeLog995@@A,0x012F19E8
?g_bfmeLogVHJ@@3PAVBfmeLogVHJ@@A,0x01336E5C
?g_bfmeLogicERO@@3PAVBfmeLogicERO@@A,0x012F0898
?g_bfmeLogicERP@@3PAVBfmeLogicERP@@A,0x012F0898
?g_bfmeLogicESK@@3PAVBfmeLogicESK@@A,0x012F0898
?g_bfmeLogicESN@@3PAVBfmeLogicESN@@A,0x012F0898
?g_bfmeLook1001@@3PAVBfmeLook1001@@A,0x012F0898
?g_bfmeLook1011@@3PAVBfmeLook1011@@A,0x012F0898
?g_bfmeLook978@@3PAVBfmeLook978@@A,0x012F0898
?g_bfmeLook979@@3PAVBfmeLook979@@A,0x012F0898
?g_bfmeLook987@@3PAVBfmeLook987@@A,0x012F0898
?g_bfmeLookAKC@@3PAVBfmeLookAKC@@A,0x012F076C
?g_bfmeLookAKD@@3PAVBfmeLookAKD@@A,0x012F076C
?g_bfmeLookC980@@3PAVBfmeLookC980@@A,0x012F0898
?g_bfmeLookRP@@3PAVBfmeLookRP@@A,0x012F076C
?g_bfmeLookRQ@@3PAVBfmeLookRQ@@A,0x012F076C
?g_bfmeLookup1228@@3PACA,0x012D5E04
?g_bfmeLookup1229@@3PACA,0x012D5394
?g_bfmeLookupYY@@3P6GPAXHPAX@ZA,0x01358DDC
?g_bfmeM1024@@3PAVBfmeM1024@@A,0x012F6924
?g_bfmeM1066@@3PAUBfmeM1066@@A,0x012ED5C8
?g_bfmeM1087@@3PAUBfmeM1087@@A,0x012ED5C8
?g_bfmeM1091@@3PAUBfmeM1091@@A,0x012ED5C8
?g_bfmeM1096@@3PAVBfmeM1096@@A,0x012EF1D8
?g_bfmeMake1010@@3PAVBfmeMake1010@@A,0x012EF738
?g_bfmeMakerAWB@@3PAVBfmeMakerAWB@@A,0x012F12CC
?g_bfmeManagerP@@3PAVBfmeManagerP@@A,0x012F0898
?g_bfmeMap1024@@3PAUBfmeMap1024@@A,0x0133846C
?g_bfmeMap996@@3PAVBfmeMap996@@A,0x012ED600
?g_bfmeMaterialXP@@3PAVVertexMaterialClass@@A,0x0134B210
?g_bfmeMgr12F0898@@3PAUBfmeGlobalMgr12F0898@@A,0x012F0898
?g_bfmeMgr12F0898@@3PAVBfmeMgrEB2@@A,0x012F0898
?g_bfmeMgr12F0898@@3PAVBfmeMgrF5F@@A,0x012F0898
?g_bfmeMgr12F0898@@3PAVBfmeMgrF62@@A,0x012F0898
?g_bfmeMgr977@@3PAVBfmeMgr977@@A,0x012F33F8
?g_bfmeMgrEHR@@3PAVBfmeMgrEHR@@A,0x012F19E8
?g_bfmeMgrERD@@3PAVBfmeMgrERD@@A,0x012F64BC
?g_bfmeMgrERU@@3PAVBfmeMgrERU@@A,0x012F64BC
?g_bfmeMgrGK@@3PAVBfmeMgrGK@@A,0x012F101C
?g_bfmeMgrTJA@@3PAVBfmeMgrTJA@@A,0x012F086C
?g_bfmeMgrUDD@@3PAVBfmeMgrUDD@@A,0x012F1028
?g_bfmeMgrUDE@@3PAVBfmeMgrUDE@@A,0x012F0898
?g_bfmeMgrVOJ@@3PAVBfmeMgrVOJ@@A,0x012F076C
?g_bfmeMinimumScore1285@@3MA,0x01075350
?g_bfmeMissingFloat@@3MA,0x01075350
?g_bfmeModeAAA@@3PAUBfmeModeAAA@@A,0x012F19E8
?g_bfmeModeAAB@@3PAUBfmeModeAAB@@A,0x012F19E8
?g_bfmeModeAZC@@3PAUBfmeModeAZC@@A,0x012F0FE0
?g_bfmeModeBQ@@3HA,0x0134110C
?g_bfmeModeGF@@3PAVBfmeModeGF@@A,0x012F0FE0
?g_bfmeMsg1020@@3HA,0x012B7D80
?g_bfmeMsg1021@@3HA,0x012B7D80
?g_bfmeMsg1037@@3PADA,0x01129AB0
?g_bfmeMsg1038@@3PADA,0x01129AD4
?g_bfmeMsg1042@@3PADA,0x011E1CE4
?g_bfmeMsg1043@@3PADA,0x011E1CE4
?g_bfmeMsg2_1043@@3PADA,0x01207858
?g_bfmeMsgAUUA@@3PADA,0x0112C690
?g_bfmeMsgBUUA@@3PADA,0x0112C67C
?g_bfmeMsgCUUA@@3PADA,0x0112C660
?g_bfmeMsgUVB@@3PADA,0x0111C2A0
?g_bfmeMulB3@@3NA,0x0107F948
?g_bfmeN1020@@3PAVBfmeN1020@@A,0x012F1B40
?g_bfmeN1021@@3PAVBfmeN1021@@A,0x012F1B40
?g_bfmeN1022@@3PAVBfmeN1022@@A,0x012F1B40
?g_bfmeN1024@@3PAVBfmeN1024@@A,0x012F64BC
?g_bfmeN1052@@3PAVBfmeN1052@@A,0x012F4B98
?g_bfmeN1087@@3PAVBfmeN1087@@A,0x012ED5AC
?g_bfmeName1019@@3PADA,0x0112A5A8
?g_bfmeName1052@@3PADA,0x0112C144
?g_bfmeName1053@@3PADA,0x010892DC
?g_bfmeNameABD@@3QBDB,0x0112BC58
?g_bfmeNameURC@@3PADA,0x0112ACA4
?g_bfmeNames012A68B0@@3QBQBDB,0x012A68B0
?g_bfmeNext1221@@3PAIA,0x013391A4
?g_bfmeNowVNH@@3P6AHXZA,0x01359544
?g_bfmeNumGamesKey@@3PADA,0x0112B4D0
?g_bfmeNumLobbies803BF0@@3PADA,0x0112B4E8
?g_bfmeNumRegions803B60@@3PADA,0x0112B4B8
?g_bfmeObj006e1be0@@3PAVBfmeRef006e2480@@A,0x012F8048
?g_bfmeObj1006@@3PAUBfmeObj1006@@A,0x012F4C38
?g_bfmeObj2EGE@@3PAVBfmeObj2EGE@@A,0x012F148C
?g_bfmeObj985@@3PAUBfmeObj985@@A,0x012F4B40
?g_bfmeObjDXI@@3PAVBfmeGlobDXI@@A,0x012F4B70
?g_bfmeObjDXJ@@3PAUAptPalantirRegionOwner@@A,0x012F4B98
?g_bfmeObjDYF@@3PAVBfmeGlobDYF@@A,0x012F4C5C
?g_bfmeObjEBE@@3PAVBfmeGlobEBE@@A,0x012F0898
?g_bfmeObjEBL@@3VBfmeObjEBL@@A,0x012F1000
?g_bfmeObjECD@@3PAVBfmeObjECC@@A,0x012F7094
?g_bfmeObjECE@@3PAUBfmeObjECE@@A,0x012F49F0
?g_bfmeObjECF@@3PAUBfmeObjECF@@A,0x0134B280
?g_bfmeObjECF@@3VBfmeObjECFPtr@@A,0x0134B280
?g_bfmeObjECI@@3PAVBfmeObjECI@@A,0x012F7730
?g_bfmeObjEDC@@3PAVBfmeObjEDC@@A,0x012F7FE0
?g_bfmeObjEFJ@@3PAVBfmeGlobEFJ@@A,0x012EF1D8
?g_bfmeObjEGD@@3PAVBfmeObjEGD@@A,0x012F1B40
?g_bfmeObjEGE@@3PAVBfmeObjEGE@@A,0x012ED5EC
?g_bfmeObjELB@@3PAVBfmeObjELB@@A,0x012F4AAC
?g_bfmeObjELH@@3PAUBfmeObjELH@@A,0x01340534
?g_bfmeObjEME@@3PAVBfmeObjEME@@A,0x0134FAAC
?g_bfmeObjEMHa@@3PAVBfmeGlobEMHa@@A,0x01306EEC
?g_bfmeObjEMHb@@3PAVBfmeGlobEMHb@@A,0x01306EEC
?g_bfmeObjENG@@3PAVBfmeGlobENG@@A,0x012F076C
?g_bfmeObjESCa@@3PAVBfmeGlobESC@@A,0x012ED748
?g_bfmeObjESCb@@3PAVBfmeGlobESC@@A,0x012ED748
?g_bfmeObjEVB@@3PAVBfmeGlobEVB@@A,0x012F0898
?g_bfmeObjEYA@@3PAUBfmeGlobEYA@@A,0x012ED5C8
?g_bfmeObjEZF@@3PAVBfmeGlobEZF@@A,0x012F33F8
?g_bfmeObjFAF@@3PAUBfmeGlobFAF@@A,0x012F7014
?g_bfmeObjFBA@@3PAUBfmeGlobFBA@@A,0x012F0898
?g_bfmeObjFBB@@3PAVBfmeGlobFBB@@A,0x012ED700
?g_bfmeObjFBD@@3PAVBfmeGlobFBD@@A,0x012F0898
?g_bfmeObjFDA@@3PAVBfmeGlobFDA@@A,0x012EF1D8
?g_bfmeObjFEA@@3PAVBfmeGlobFEA@@A,0x012F0898
?g_bfmeObjFEG@@3PAVBfmeGlobFEG@@A,0x012F0898
?g_bfmeObjFFA@@3PAUBfmeGlobFFA@@A,0x012ED668
?g_bfmeObjFFC@@3PAUBfmeGlobFFC@@A,0x012F076C
?g_bfmeObjFFD@@3PAUBfmeGlobFFD@@A,0x012F079C
?g_bfmeObjFGA@@3PAUBfmeGlobFGA@@A,0x012F1270
?g_bfmeObjFGC@@3PAUBfmeGlobFGC@@A,0x012F0898
?g_bfmeObjFGE@@3PAVBfmeGlobFGE@@A,0x012F0898
?g_bfmeObjFHH@@3PAVBfmeGlobFHH@@A,0x012EF1D8
?g_bfmeObjMD@@3PAVBfmeObjMD@@A,0x012F19E8
?g_bfmeObjMG@@3PAVBfmeObjMG@@A,0x012F19E8
?g_bfmeObjTDB@@3PAUBfmeObjTDB@@A,0x01340534
?g_bfmeObjUDB@@3PAVBfmeSrcUDB@@A,0x012F7FE0
?g_bfmeObjUDC@@3PAVBfmeSrcUDC@@A,0x01307214
?g_bfmeObjVGJ@@3PAVBfmeThingVGJ@@A,0x012ED5C8
?g_bfmeObjWE@@3PAXA,0x0130BCA0
?g_bfmeObjectivesProviderNames@@3PAPBDA,0x012B77EC
?g_bfmeObserverYU@@3PAVBfmeObserverYU@@A,0x012F0898
?g_bfmeObserverYV@@3PAVGameLogic@@A,0x012F0898
?g_bfmeOffsetDF@@3MA,0x01098AD4
?g_bfmeOnAPB@@3_NA,0x012ED4E5
?g_bfmeOneAOA@@3PAUBfmeOneAOA@@A,0x012F4B98
?g_bfmeOneAQA@@3PAVBfmeOneAQA@@A,0x012F7048
?g_bfmeOneATC@@3PAVBfmeOneATC@@A,0x012F19E8
?g_bfmeOneSJA@@3PADA,0x012F19B8
?g_bfmeOneTXB@@3PAVBfmeResTXB@@A,0x0134D060
?g_bfmeOnlineProfileImageA@@3PBDB,0x012B7B34
?g_bfmeOnlineProfileImageB@@3PBDB,0x012B7B38
?g_bfmeOnlineProfileImageC@@3PBDB,0x012B7B3C
?g_bfmeOnlineProfileImageD@@3PBDB,0x012B7B40
?g_bfmeOnlineProfileImageLevelIconA@@3PBDB,0x012B7B44
?g_bfmeOnlineProfileImageLevelIconB@@3PBDB,0x012B7B48
?g_bfmeOnlineProfileImageLevelIconC@@3PBDB,0x012B7B4C
?g_bfmeOnlineProfileImageLevelIconD@@3PBDB,0x012B7B50
?g_bfmeOptionSlots0@@3PAURva00920AE0Slot@@A,0x01346BB0
?g_bfmeOptionSlotsA@@3PAURva00920AE0Slot@@A,0x01346C50
?g_bfmeOptionSlotsB@@3PAURva00920AE0Slot@@A,0x01346CF0
?g_bfmeOtherBN@@3PAVBfmeOtherBN@@A,0x012EF1D8
?g_bfmeOtherBN@@3RAVBfmeOtherBN@@A,0x012EF1D8
?g_bfmeOtherYH@@3PAVBfmeOtherYH@@A,0x012F19E8
?g_bfmeOut982@@3PAVBfmeOut982@@A,0x012ED83C
?g_bfmeOutOfWeaponRangeAI@@3PAVBfmeOutOfWeaponRangeAI@@A,0x012EF214
?g_bfmeOwnerBR@@3PAUBfmeOwnerBR@@A,0x012F060C
?g_bfmeOwnerBR@@3PAVBfmeOwnerBR@@A,0x012F060C
?g_bfmeOwnerBR@@3PAVRva0012F060COwner@@A,0x012F060C
?g_bfmeOwnerERA@@3PAVBfmeOwnerERA@@A,0x012EF504
?g_bfmeOwnerVHM@@3HC,0x01340584
?g_bfmeP1024@@3PAVBfmeP1024@@A,0x0134FAAC
?g_bfmeP1025@@3PAVBfmeP1025@@A,0x0134FAAC
?g_bfmeP1060@@3PAUBfmeP1060@@A,0x012F4B98
?g_bfmeP1062@@3PAUBfmeP1062@@A,0x012F4B98
?g_bfmeP1079@@3PAVBfmeP1079@@A,0x012F7194
?g_bfmeP1081@@3PAVBfmeP1081@@A,0x012F076C
?g_bfmeP1085@@3PAVBfmeP1085@@A,0x012F076C
?g_bfmeP1087@@3PAVBfmeP1087@@A,0x012F076C
?g_bfmeP1088@@3PAVBfmeP1088@@A,0x012F076C
?g_bfmeP1089@@3PAVBfmeP1089@@A,0x012F076C
?g_bfmeP1090@@3PAVBfmeP1090@@A,0x012F076C
?g_bfmeP1091@@3PAVBfmeP1091@@A,0x012F076C
?g_bfmeP1092@@3PAVBfmeP1092@@A,0x012F076C
?g_bfmeP1093@@3PAVBfmeP1093@@A,0x012F076C
?g_bfmeP1094@@3PAVBfmeP1094@@A,0x012F076C
?g_bfmeP1095@@3PAVBfmeP1095@@A,0x012F076C
?g_bfmeP1096@@3PAVBfmeP1096@@A,0x012F076C
?g_bfmeP1097@@3PAVBfmeP1097@@A,0x012F076C
?g_bfmePalantirYW@@3PAVBfmePalantirYW@@A,0x012F19E8
?g_bfmePalantirYX@@3PAVBfmePalantirYX@@A,0x012F19E8
?g_bfmePalantirZB@@3PAVBfmePalantirZB@@A,0x012F19E8
?g_bfmePalantirZC@@3PAVBfmePalantirZC@@A,0x012F19E8
?g_bfmePalantirZD@@3PAVBfmePalantirZD@@A,0x012F19E8
?g_bfmePalantirZE@@3PAVBfmePalantirZE@@A,0x012F19E8
?g_bfmePalantirZF@@3PAVBfmePalantirZF@@A,0x012F19E8
?g_bfmePalantirZG@@3PAVBfmePalantirZG@@A,0x012F19E8
?g_bfmeParseAVHI@@3PAUBfmeParseVHI@@A,0x0108B468
?g_bfmeParseBVHI@@3PAUBfmeParseVHI@@A,0x010898A0
?g_bfmeParseVHG@@3PAUBfmeParseVHG@@A,0x01083270
?g_bfmePathfindFreeList@@3PAVPathfindCellInfo@@A,0x012F1094
?g_bfmePathfindInfoIssued@@3HA,0x012F1098
?g_bfmePeerReqE4@@3HA,0x012B9660
?g_bfmePeerReqE8@@3HA,0x012B9664
?g_bfmePiOverTwo@@3MA,0x01097114
?g_bfmePlay1282@@3P6AXPAXH@ZA,0x01337884
?g_bfmePlayerList6DF1F0@@3PAUBfmePlayerList6DF1F0@@A,0x012ED748
?g_bfmePlayersERH@@3PAVBfmePlayersERH@@A,0x012ED748
?g_bfmePlayersERJ@@3PAVBfmePlayersERJ@@A,0x012ED748
?g_bfmePointersFE@@3PAPAHA,0x012F9CA4
?g_bfmePoolTRB@@3VBfmePoolTRB@@A,0x0133D1AC
?g_bfmePrepVNV@@3P6AXPBD@ZA,0x01359344
?g_bfmeProbe976@@3PAUBfmeProbe976@@A,0x01340534
?g_bfmeProbeBT@@3HC,0x012F9D0C
?g_bfmePtr986B@@3PADA,0x012F9CE4
?g_bfmePtrAAV@@3PAXA,0x012F3E70
?g_bfmePtrTB@@3PAXA,0x0130BCA0
?g_bfmeQ1026@@3PAVBfmeQ1026@@A,0x012ED700
?g_bfmeQ1060@@3PAVBfmeQ1060@@A,0x012ED600
?g_bfmeQ1081@@3PAUAI@@A,0x012EF214
?g_bfmeQ1095@@3PAVBfmeQ1095A@@A,0x012EF188
?g_bfmeQuantRow@@3PAEA,0x01143398
?g_bfmeQueueEUG@@3PAVBfmeQueueEUG@@A,0x012F76F0
?g_bfmeQuickMatchProgressDenom@@3HA,0x012F4818
?g_bfmeQuickMatchStepScale@@3NB,0x01103D10
?g_bfmeR1060@@3PAVBfmeR1060@@A,0x012F19E8
?g_bfmeR1062@@3PAVBfmeR1062@@A,0x012F19E8
?g_bfmeR1063@@3PAVBfmeR1063@@A,0x012F19E8
?g_bfmeR1064@@3PAVBfmeR1064@@A,0x012F19E8
?g_bfmeR1065@@3PAVBfmeR1065@@A,0x012F19E8
?g_bfmeR1066@@3PAVBfmeR1066@@A,0x012F19E8
?g_bfmeR1067@@3PAVBfmeR1067@@A,0x012F19E8
?g_bfmeR1068@@3PAVBfmeR1068@@A,0x012F19E8
?g_bfmeR1069@@3PAVBfmeR1069@@A,0x012F19E8
?g_bfmeR1070@@3PAVBfmeR1070@@A,0x012F19E8
?g_bfmeR1071@@3PAVBfmeR1071@@A,0x012F19E8
?g_bfmeR1072@@3PAVBfmeR1072@@A,0x012F19E8
?g_bfmeR1073@@3PAVBfmeR1073@@A,0x012F19E8
?g_bfmeR1074@@3PAVBfmeR1074@@A,0x012F19E8
?g_bfmeR1076@@3PAVBfmeR1076@@A,0x012F19E8
?g_bfmeR1077@@3PAVBfmeR1077@@A,0x012F19E8
?g_bfmeR1078@@3PAVBfmeR1078@@A,0x012F19E8
?g_bfmeR1079@@3PAVBfmeR1079@@A,0x012F19E8
?g_bfmeR1085@@3PAVBfmeR1085@@A,0x012F19E8
?g_bfmeR1226@@3VBfmeR1226@@A,0x01338748
?g_bfmeR1227@@3PAVBfmeR1227@@A,0x013377D8
?g_bfmeRGBAColorIntFormat@@3QBDB,0x011444E0
?g_bfmeRGBAColorRealFormat@@3QBDB,0x011444B8
?g_bfmeRGBColorFormat@@3QBDB,0x01144498
?g_bfmeReadyAG@@3PAXA,0x012F4B44
?g_bfmeReadyPT@@3_NA,0x012F3690
?g_bfmeReadyXP@@3_NA,0x0134B208
?g_bfmeRealFormat@@3QBDB,0x0114433C
?g_bfmeRealRangeFormat@@3QBDB,0x01144480
?g_bfmeRefEMIa@@3PAUBfmeRefEMI@@A,0x012D5140
?g_bfmeRefEMIb@@3PAUBfmeRefEMI@@A,0x012D5978
?g_bfmeReg1015@@3PAVBfmeReg1015@@A,0x012F12CC
?g_bfmeReg1026@@3PAVBfmeReg1026@@A,0x012F12CC
?g_bfmeReg963@@3PAVBfmeReg963@@A,0x012F10D0
?g_bfmeReg988@@3PAVBfmeReg988@@A,0x012F1044
?g_bfmeRegVLY@@3VBfmeRegVLY@@A,0x0130B250
?g_bfmeRegVLZ@@3VBfmeRegVLZ@@A,0x0130B254
?g_bfmeRegion2DFormat@@3QBDB,0x0114442C
?g_bfmeRegion3DFormat@@3QBDB,0x01144388
?g_bfmeRegisterClass1015@@3HA,0x013379A8
?g_bfmeRegistryAS@@3PAVBfmeRegistryAS@@A,0x012EF738
?g_bfmeRegistryBF@@3PAVBfmeRegistryBF@@A,0x012F6924
?g_bfmeRegistryBH@@3PAVBfmeRegistryBH@@A,0x012ED80C
?g_bfmeRegistryBN@@3PAVBfmeRegistryBN@@A,0x012EF738
?g_bfmeRegistryCC@@3PAVBfmeRegistryCC@@A,0x012F1270
?g_bfmeRegistryVNF@@3PAUAptValueRegistry@@A,0x01337810
?g_bfmeRegistryYI@@3PAVBfmeRegistryYI@@A,0x012F33F8
?g_bfmeRegistryYT@@3PAVBfmeRegistryYT@@A,0x012F33F8
?g_bfmeRegistryYU@@3PAVBfmeRegistryYU@@A,0x012F33F8
?g_bfmeRegistryYV@@3PAVControlBar@@A,0x012F33F8
?g_bfmeReleaseYY@@3P6GXPAX@ZA,0x01358E44
?g_bfmeReplayControlAR@@3PAXA,0x012F1490
?g_bfmeResetA961@@3PAVBfmeResetA961@@A,0x012F1028
?g_bfmeResetZ@@3HA,0x01346DD8
?g_bfmeResult1233@@3PAXA,0x013379BC
?g_bfmeResult1234@@3PAXA,0x013379BC
?g_bfmeResult1239@@3PAVBfmeE1239@@A,0x013379BC
?g_bfmeResult1240@@3PAVBfmeE1240@@A,0x013379BC
?g_bfmeResult1242@@3PAXA,0x013379BC
?g_bfmeResult1243@@3PAXA,0x013379BC
?g_bfmeRingReset@@3HA,0x012F4B7C
?g_bfmeRouteKeys1282@@3PAHA,0x01338480
?g_bfmeRouteKeys1282@@3PAPAUBfmeStringData3AF0@@A,0x01338480
?g_bfmeRouteTable1282@@3PAUBfmeRoute1285@@A,0x012D5980
?g_bfmeRun1006@@3PAVBfmeRun1006@@A,0x012F4998
?g_bfmeRva0108B1B8ParseVtable@@3PAXA,0x0108B1B8
?g_bfmeRva0108D638ParseVtable@@3PAXA,0x0108D638
?g_bfmeRva0108D748ParseVtable@@3PAXA,0x0108D748
?g_bfmeRva0109FB98Vt@@3PAXA,0x0109FB98
?g_bfmeRva010FE034Vt@@3PAXA,0x010FE034
?g_bfmeRva010FE040Vt@@3PAXA,0x010FE040
?g_bfmeRva010FE04CVt@@3PAXA,0x010FE04C
?g_bfmeRva01118E58Vt@@3PAXA,0x01118E58
?g_bfmeRva01129744Vt@@3PAXA,0x01129744
?g_bfmeRva0112B2B8Vt@@3PAXA,0x0112B2B8
?g_bfmeRva0112B3ACVt@@3PAXA,0x0112B3AC
?g_bfmeRva0112B3F0Vt@@3PAXA,0x0112B3F0
?g_bfmeRva0112B3FCVt@@3PAXA,0x0112B3FC
?g_bfmeRva49250GlobalB@@3PAVBfmeRva49250Global@@A,0x012F0898
?g_bfmeRva9140GlobalA@@3PAVBfmeRva9140GlobalA@@A,0x012ED748
?g_bfmeRva9140GlobalB@@3PAVBfmeRva9140GlobalB@@A,0x012ED5EC
?g_bfmeRva9140GlobalC@@3PAVBfmeRva9140GlobalC@@A,0x012F148C
?g_bfmeRvaBA90GlobalA@@3PAVBfmeRvaBA90GlobalA@@A,0x012ED748
?g_bfmeRvaBA90GlobalB@@3PAVBfmeRvaBA90GlobalB@@A,0x012ED5EC
?g_bfmeRvaBA90GlobalC@@3PAVBfmeRvaBA90GlobalC@@A,0x012F148C
?g_bfmeRvaBA90Manager@@3PAVBfmeRvaBA90Manager@@A,0x012ED5B8
?g_bfmeS1019@@3PAVBfmeS1019@@A,0x0130A5B0
?g_bfmeS1027@@3PAUBfmeS1027@@A,0x012F0898
?g_bfmeS1051@@3PAUBfmeS1051@@A,0x012F0898
?g_bfmeS1061@@3PAVBfmeS1061@@A,0x012EF70C
?g_bfmeS1082_0@@3PAVBfmeS1082@@A,0x01338378
?g_bfmeS1082_1@@3PAVBfmeS1082@@A,0x0133837C
?g_bfmeS1082_2@@3PAVBfmeS1082@@A,0x01338380
?g_bfmeS1082_3@@3PAVBfmeS1082@@A,0x01338384
?g_bfmeS1082_4@@3PAVBfmeS1082@@A,0x01338388
?g_bfmeS1082_5@@3PAVBfmeS1082@@A,0x0133838C
?g_bfmeS1082_6@@3PAVBfmeS1082@@A,0x01338390
?g_bfmeS1082_7@@3PAVBfmeS1082@@A,0x01338394
?g_bfmeS1083_0@@3PAVBfmeS1083@@A,0x01338398
?g_bfmeS1083_1@@3PAVBfmeS1083@@A,0x013383A0
?g_bfmeS1083_2@@3PAVBfmeS1083@@A,0x0133839C
?g_bfmeS1097@@3PAUBfmeS1097@@A,0x012EF1D8
?g_bfmeScalarByteFormat@@3QBDB,0x011442D0
?g_bfmeScaleB3@@3MA,0x01084068
?g_bfmeScaleB3@@3MB,0x01084068
?g_bfmeScaleB3@@3MC,0x01084068
?g_bfmeScaleBC@@3MA,0x0107FAC4
?g_bfmeScaleBK@@3MA,0x01075C70
?g_bfmeScaleBK@@3MB,0x01075C70
?g_bfmeScaleEG@@3MA,0x010F693C
?g_bfmeScaleGI@@3MB,0x01123690
?g_bfmeSecondCF@@3MA,0x012B5628
?g_bfmeSecondEB@@3HA,0x01346DE0
?g_bfmeSecondEG@@3HA,0x012B87B0
?g_bfmeSecondUA@@3VBfmeTableUA@@A,0x01085DE0
?g_bfmeSecondaryEnabled1282@@3EA,0x0133781D
?g_bfmeSeed790B0@@3HA,0x012D4CB8
?g_bfmeSeedJC@@3HA,0x012D4CB8
?g_bfmeShaderFlagEBB@@3DA,0x0134CB4C
?g_bfmeShaderManager@@3UBfmeShaderManagerStatics@@A,0x012F9D00
?g_bfmeShadowPoolA@@3UBfmeShadowPoolFM@@A,0x01306F40
?g_bfmeShadowPoolB@@3UBfmeShadowPoolFM@@A,0x01306F58
?g_bfmeSharedJX@@3HA,0x013571E0
?g_bfmeShortFormat@@3QBDB,0x01144314
?g_bfmeShroud6DF1F0@@3PAVBfmeShroud6DF1F0@@A,0x012ED5BC
?g_bfmeSideNameA1294@@3PADA,0x010804D8
?g_bfmeSideNameB1294@@3PADA,0x010804D0
?g_bfmeSideNameC1294@@3PADA,0x010804BC
?g_bfmeSideNameD1294@@3PADA,0x010804C4
?g_bfmeSignedByteFormat@@3QBDB,0x011442AC
?g_bfmeSingletonH@@3PAVBfmeSingletonH@@A,0x012F706C
?g_bfmeSingletonR@@3PAVBfmeSingletonR@@A,0x012F1464
?g_bfmeSingletonVVD@@3PAVBfmeOwnVVD@@A,0x012F4C84
?g_bfmeSingletonVVD@@3PAVLookAtTranslator@@A,0x012F4C84
?g_bfmeSink1010@@3PAVBfmeSink1010@@A,0x012F0898
?g_bfmeSinkAAA@@3PAVBfmeSinkAAA@@A,0x012F33F8
?g_bfmeSinkAAB@@3PAVBfmeSinkAAB@@A,0x012F33F8
?g_bfmeSinkAM@@3PAVBfmeSinkAM@@A,0x012F706C
?g_bfmeSinkB1010@@3PAVBfmeSinkB1010@@A,0x012F1464
?g_bfmeSinkBHD@@3PAVBfmeSinkBHD@@A,0x012ED668
?g_bfmeSinkBL@@3PAVBfmeSinkBL@@A,0x012F148C
?g_bfmeSinkBLC@@3PAVBfmeSinkBLC@@A,0x012ED600
?g_bfmeSinkBLD@@3PAVBfmeSinkBLD@@A,0x012F4B98
?g_bfmeSinkBM@@3PAVBfmeSinkBM@@A,0x012F148C
?g_bfmeSinkBMD@@3PAVBfmeSinkBMD@@A,0x012EF188
?g_bfmeSinkBMF@@3PAVBfmeSinkBMF@@A,0x012F1028
?g_bfmeSinkBOE@@3PAVBfmeSinkBOE@@A,0x012F1260
?g_bfmeSinkBQE@@3PAVBfmeSinkBQE@@A,0x012F1028
?g_bfmeSinkBRB@@3PAVBfmeSinkBRB@@A,0x012F0FF8
?g_bfmeSinkBRB@@3PAVLightPointSystem@@A,0x012F0FF8
?g_bfmeSinkBTC@@3PAVBfmeSinkBTC@@A,0x012F0898
?g_bfmeSinkBUB@@3PAVBfmeSinkBUB@@A,0x012F0888
?g_bfmeSinkSB@@3PAVBfmeSinkSB@@A,0x012ED668
?g_bfmeSinkSTA@@3PAXA,0x012C6FBC
?g_bfmeSinkY@@3PAVBfmeSinkY@@A,0x012ED668
?g_bfmeSlot00VA@@3HA,0x0130BD18
?g_bfmeSlot00VB@@3P6AXXZA,0x01337828
?g_bfmeSlot01VA@@3HA,0x0130BD14
?g_bfmeSlot01VB@@3P6AXXZA,0x0133782C
?g_bfmeSlot02VA@@3HA,0x0130BD10
?g_bfmeSlot02VB@@3P6AXXZA,0x01337834
?g_bfmeSlot03VA@@3HA,0x0130BD0C
?g_bfmeSlot03VB@@3P6AXXZA,0x01337838
?g_bfmeSlot04VA@@3HA,0x012F4A00
?g_bfmeSlot04VB@@3P6AXXZA,0x0133783C
?g_bfmeSlot05VA@@3HA,0x0130BD08
?g_bfmeSlot05VB@@3P6AXXZA,0x01337840
?g_bfmeSlot06VA@@3HA,0x012F64E4
?g_bfmeSlot06VB@@3P6AXXZA,0x01337844
?g_bfmeSlot07VA@@3HA,0x0130BD04
?g_bfmeSlot07VB@@3P6AXXZA,0x01337848
?g_bfmeSlot08VA@@3HA,0x0130BD00
?g_bfmeSlot08VB@@3P6AXXZA,0x0133784C
?g_bfmeSlot09VA@@3HA,0x0130BCFC
?g_bfmeSlot09VB@@3P6AXXZA,0x01337850
?g_bfmeSlot10VA@@3HA,0x0130BCF8
?g_bfmeSlot10VB@@3P6AXXZA,0x01337858
?g_bfmeSlot11VA@@3HA,0x0130BCF4
?g_bfmeSlot11VB@@3P6AXXZA,0x0133785C
?g_bfmeSlot12VA@@3HA,0x0130BCF0
?g_bfmeSlot12VB@@3P6AXXZA,0x01337864
?g_bfmeSlot13VA@@3HA,0x0130BCEC
?g_bfmeSlot13VB@@3P6AXXZA,0x01337868
?g_bfmeSlot14VA@@3HA,0x0130BCE8
?g_bfmeSlot14VB@@3P6AXXZA,0x01337870
?g_bfmeSlot15VA@@3HA,0x0130BCE4
?g_bfmeSlot15VB@@3P6AXXZA,0x01337874
?g_bfmeSlot16VA@@3HA,0x0130BCE0
?g_bfmeSlot16VB@@3P6AXXZA,0x01337878
?g_bfmeSlot17VA@@3HA,0x0130BCDC
?g_bfmeSlot17VB@@3P6AXXZA,0x0133787C
?g_bfmeSlot18VA@@3HA,0x0130BCD8
?g_bfmeSlot18VB@@3P6AXXZA,0x01337880
?g_bfmeSlot19VA@@3HA,0x0130BCD4
?g_bfmeSlot19VB@@3P6AXXZA,0x01337884
?g_bfmeSlot20VA@@3HA,0x0130BCD0
?g_bfmeSlot20VB@@3P6AXXZA,0x01337888
?g_bfmeSlot21VA@@3HA,0x0130BCCC
?g_bfmeSlot21VB@@3P6AXXZA,0x0133788C
?g_bfmeSlot22VA@@3HA,0x0130BCC8
?g_bfmeSlot22VB@@3P6AXXZA,0x01337890
?g_bfmeSlot23VA@@3HA,0x0130BCC4
?g_bfmeSlot23VB@@3P6AXXZA,0x01337894
?g_bfmeSlot24VB@@3P6AXXZA,0x01337898
?g_bfmeSlot25VB@@3P6AXXZA,0x0133789C
?g_bfmeSlot26VB@@3P6AXXZA,0x013378A0
?g_bfmeSlot27VB@@3P6AXXZA,0x013378A4
?g_bfmeSlot28VB@@3P6AXXZA,0x013378A8
?g_bfmeSlot29VB@@3P6AXXZA,0x013378AC
?g_bfmeSlot30VB@@3P6AXXZA,0x013378B0
?g_bfmeSlot31VB@@3P6AXXZA,0x013378C8
?g_bfmeSlot32VB@@3P6AXXZA,0x013378CC
?g_bfmeSlotABC@@3PAXA,0x01356ABC
?g_bfmeSlotB40@@3PAXA,0x01356B40
?g_bfmeSlotB44@@3PAXA,0x01356B44
?g_bfmeSlotB48@@3PAXA,0x01356B48
?g_bfmeSlotB4C@@3PAXA,0x01356B4C
?g_bfmeSlotB50@@3PAXA,0x01356B50
?g_bfmeSlotB54@@3PAXA,0x01356B54
?g_bfmeSlotB58@@3PAXA,0x01356B58
?g_bfmeSlotB5C@@3PAXA,0x01356B5C
?g_bfmeSlotD84@@3PAXA,0x01356D84
?g_bfmeSlotD88@@3PAXA,0x01356D88
?g_bfmeSlotD8C@@3PAXA,0x01356D8C
?g_bfmeSlots1220@@3RCUBfmeSlot1220@@C,0x012D5D50
?g_bfmeSourceXP@@3HA,0x012D6E40
?g_bfmeSourceYS@@3PAVBfmeSourceYS@@A,0x012F7FE0
?g_bfmeSpecialBlock1286@@3DA,0x012D5598
?g_bfmeSpecialKeyVtable1279@@3DA,0x012D5298
?g_bfmeSrc1007@@3PAVBfmeSrc1007@@A,0x012F1464
?g_bfmeSrc1044@@3VBfmeSrc1044@@A,0x0134FB38
?g_bfmeSrc962@@3PAVBfmeSrc962@@A,0x012F1464
?g_bfmeSrc982@@3PAVBfmeSrc982@@A,0x012F076C
?g_bfmeSrcCF@@3PAHA,0x012B5100
?g_bfmeStack008AE2E0@@3PAVBfmeA1236@@A,0x01337A04
?g_bfmeStartDYB@@3_KA,0x012ED8A0
?g_bfmeState00VJ@@3HA,0x012F43F0
?g_bfmeState01VJ@@3HA,0x012F4400
?g_bfmeState02VJ@@3HA,0x012F43FC
?g_bfmeState03VJ@@3HA,0x012F43F8
?g_bfmeState04VJ@@3HA,0x012F43F4
?g_bfmeState05VJ@@3HA,0x012F4520
?g_bfmeState06VJ@@3HA,0x012F4404
?g_bfmeState07VJ@@3HA,0x012F4408
?g_bfmeState08VJ@@3HA,0x012F440C
?g_bfmeState09VJ@@3HA,0x012F4410
?g_bfmeState10VJ@@3HA,0x012F4430
?g_bfmeState11VJ@@3HA,0x012F4470
?g_bfmeState12VJ@@3HA,0x012F4490
?g_bfmeState13VJ@@3HA,0x012F44B0
?g_bfmeState14VJ@@3HA,0x012F4450
?g_bfmeState15VJ@@3HA,0x012F44D0
?g_bfmeState16VJ@@3HA,0x012F44F0
?g_bfmeState17VJ@@3HA,0x012F4414
?g_bfmeState18VJ@@3HA,0x012F4434
?g_bfmeState19VJ@@3HA,0x012F4474
?g_bfmeState20VJ@@3HA,0x012F4494
?g_bfmeState21VJ@@3HA,0x012F44B4
?g_bfmeState22VJ@@3HA,0x012F4454
?g_bfmeState23VJ@@3HA,0x012F44D4
?g_bfmeState24VJ@@3HA,0x012F44F4
?g_bfmeState25VJ@@3HA,0x012F4418
?g_bfmeState26VJ@@3HA,0x012F4438
?g_bfmeState27VJ@@3HA,0x012F4478
?g_bfmeState28VJ@@3HA,0x012F4498
?g_bfmeState29VJ@@3HA,0x012F44B8
?g_bfmeState30VJ@@3HA,0x012F4458
?g_bfmeState31VJ@@3HA,0x012F44D8
?g_bfmeState32VJ@@3HA,0x012F44F8
?g_bfmeState33VJ@@3HA,0x012F441C
?g_bfmeState34VJ@@3HA,0x012F443C
?g_bfmeState35VJ@@3HA,0x012F447C
?g_bfmeState36VJ@@3HA,0x012F449C
?g_bfmeState37VJ@@3HA,0x012F44BC
?g_bfmeState38VJ@@3HA,0x012F445C
?g_bfmeState39VJ@@3HA,0x012F44DC
?g_bfmeState40VJ@@3HA,0x012F44FC
?g_bfmeState41VJ@@3HA,0x012F4420
?g_bfmeState42VJ@@3HA,0x012F4440
?g_bfmeState43VJ@@3HA,0x012F4480
?g_bfmeState44VJ@@3HA,0x012F44A0
?g_bfmeState45VJ@@3HA,0x012F44C0
?g_bfmeState46VJ@@3HA,0x012F4460
?g_bfmeState47VJ@@3HA,0x012F44E0
?g_bfmeState48VJ@@3HA,0x012F4500
?g_bfmeState49VJ@@3HA,0x012F4424
?g_bfmeState50VJ@@3HA,0x012F4444
?g_bfmeState51VJ@@3HA,0x012F4484
?g_bfmeState52VJ@@3HA,0x012F44A4
?g_bfmeState53VJ@@3HA,0x012F44C4
?g_bfmeState54VJ@@3HA,0x012F4464
?g_bfmeState55VJ@@3HA,0x012F44E4
?g_bfmeState56VJ@@3HA,0x012F4504
?g_bfmeState57VJ@@3HA,0x012F4428
?g_bfmeState58VJ@@3HA,0x012F4448
?g_bfmeState59VJ@@3HA,0x012F4488
?g_bfmeState60VJ@@3HA,0x012F44A8
?g_bfmeState61VJ@@3HA,0x012F44C8
?g_bfmeState62VJ@@3HA,0x012F4468
?g_bfmeState63VJ@@3HA,0x012F44E8
?g_bfmeState64VJ@@3HA,0x012F4508
?g_bfmeState65VJ@@3HA,0x012F442C
?g_bfmeState66VJ@@3HA,0x012F444C
?g_bfmeState67VJ@@3HA,0x012F448C
?g_bfmeState68VJ@@3HA,0x012F44AC
?g_bfmeState69VJ@@3HA,0x012F44CC
?g_bfmeState70VJ@@3HA,0x012F446C
?g_bfmeState71VJ@@3HA,0x012F44EC
?g_bfmeState72VJ@@3HA,0x012F450C
?g_bfmeStateA979@@3PAUBfmeStateA979@@A,0x012F0898
?g_bfmeStateBQ@@3PAUBfmeStateBQ@@A,0x01341120
?g_bfmeStateDF@@3PAVBfmeHostESM@@A,0x012F7048
?g_bfmeStateDF@@3PAVBfmeStateDF@@A,0x012F7048
?g_bfmeStateDF@@3PAVGen_00609320@@A,0x012F7048
?g_bfmeStateDF@@3PAVGlo012F7048Shim@@A,0x012F7048
?g_bfmeStateDF@@3PAVRva003C83E0State@@A,0x012F7048
?g_bfmeStateDF@@3PAVRva0060EE80State@@A,0x012F7048
?g_bfmeStateDO@@3PAVBfmeStateDO@@A,0x012F1028
?g_bfmeStateDS@@3PAVBfmeStateDS@@A,0x012F4C5C
?g_bfmeStateEE@@3PAVBfmeStateEE@@A,0x012ED5AC
?g_bfmeStateFA@@3PAHA,0x013387E0
?g_bfmeStateGW@@3PAVBfmeStateGW@@A,0x013379BC
?g_bfmeStateUYA@@3PAUBfmeStateUYA@@A,0x012F33F8
?g_bfmeStateXC@@3PAVBfmeStateXC@@A,0x012F33F8
?g_bfmeStaticAAO@@3UBfmeStaticAAO@@A,0x0130E918
?g_bfmeStencilDepthRef@@3MA,0x01346DD8
?g_bfmeStepCG@@3MA,0x010F1BC8
?g_bfmeStop1003@@3PAVBfmeStop1003@@A,0x012F1024
?g_bfmeStop1006@@3PAVBfmeStop1006@@A,0x012F4B58
?g_bfmeStore1014@@3PAVBfmeStore1014@@A,0x012F0898
?g_bfmeStore1024@@3PAVBfmeStore1024@@A,0x012F0898
?g_bfmeStore1025@@3PAVBfmeStore1025@@A,0x012F0898
?g_bfmeStore1026@@3PAVBfmeStore1026@@A,0x012F0898
?g_bfmeStr1226@@3PADA,0x01137344
?g_bfmeStr1233@@3UBfmeStr1233@@A,0x012D5978
?g_bfmeStr1277@@3PADA,0x01088D0C
?g_bfmeStr1279A@@3PADA,0x01118E50
?g_bfmeStr1279B@@3PADA,0x01118E44
?g_bfmeStrA993B@@3PADA,0x01081238
?g_bfmeStrB993B@@3PADA,0x01080FC0
?g_bfmeStrStrVMZ@@3P6APADPBD0@ZA,0x013594D0
?g_bfmeStringPool1284@@3PAUBfmeStringPool1226@@A,0x01337A30
?g_bfmeStringPool1284@@3PAUBfmeStringPool1284@@A,0x01337A30
?g_bfmeStringPool1284@@3PAUBfmeStringPool1286@@A,0x01337A30
?g_bfmeStringPool1284@@3PAUBfmeStringPool3AF0@@A,0x01337A30
?g_bfmeStringPool1284@@3PAUBfmeStringPoolESP@@A,0x01337A30
?g_bfmeStringPool1284@@3PAUBfmeStringPoolVKI@@A,0x01337A30
?g_bfmeStringPool1284@@3PAURva00893410Pool@@A,0x01337A30
?g_bfmeStringPool1284@@3PAURva008AE600StringPool@@A,0x01337A30
?g_bfmeStringPool1284@@3PAURva008AF210StringPool@@A,0x01337A30
?g_bfmeStringPool1284@@3PAURva008D32B0Release@@A,0x01337A30
?g_bfmeStringPool1284@@3PAURva8CB820StringPool@@A,0x01337A30
?g_bfmeStringPool1284@@3PAURva8CBB80StringPool@@A,0x01337A30
?g_bfmeSubB3@@3NA,0x0107C640
?g_bfmeSubB3@@3NB,0x0107C640
?g_bfmeSubsystem012F4B78@@3PAXA,0x012F4B78
?g_bfmeSwitchCJ@@3PAVBfmeClockCJ@@A,0x012F0898
?g_bfmeSwitchCJ@@3PAVBfmeSwitchCJ@@A,0x012F0898
?g_bfmeSwitchDR@@3PAVBfmeB1083@@A,0x012F4B58
?g_bfmeSwitchDR@@3PAVBfmeCampaignSwitch977@@A,0x012F1024
?g_bfmeSwitchDR@@3PAVBfmeSwitchDR@@A,0x012F1024
?g_bfmeT0DYB@@3HA,0x012ED8A0
?g_bfmeT1019@@3PAUBfmeT1019@@A,0x012F1024
?g_bfmeT1057@@3PAVBfmeT1057@@A,0x012F1464
?g_bfmeT1058@@3PAVBfmeT1058@@A,0x012F1464
?g_bfmeT1061@@3PAVBfmeT1061@@A,0x012ED524
?g_bfmeT1070@@3PAVBfmeT1070@@A,0x012ED524
?g_bfmeT1095@@3PAVBfmeT1095@@A,0x012ED63C
?g_bfmeT1095@@3PAVStatsCollector@@A,0x012ED63C
?g_bfmeT1102@@3PAVBfmeTl1102@@A,0x012ED524
?g_bfmeTab1021@@3PAHA,0x012B7D94
?g_bfmeTab1053@@3HA,0x012B9670
?g_bfmeTableABF@@3PAUFieldParse@@A,0x012AC188
?g_bfmeTableBZ@@3PAHA,0x01141708
?g_bfmeTableC7E0@@3HA,0x0134C7E0
?g_bfmeTableC800@@3HA,0x0134C800
?g_bfmeTableCN@@3PAVBfmeTableCN@@A,0x012ACB50
?g_bfmeTableCV@@3PAHA,0x010F77AC
?g_bfmeTableDH@@3PAEA,0x012C7128
?g_bfmeTableDJa@@3PAHA,0x012A9200
?g_bfmeTableDJb@@3HA,0x012A68D8
?g_bfmeTableDJb@@3PAHA,0x012A68D8
?g_bfmeTableDJc@@3PAHA,0x012AD6B0
?g_bfmeTableDU@@3PAVBfmeHandleCX@@A,0x012F9D28
?g_bfmeTableDU@@3PAVTextureHandle@@A,0x012F9D28
?g_bfmeTableDstBQ@@3PAHA,0x012B50A0
?g_bfmeTableEJ@@3PAHA,0x012AA068
?g_bfmeTableENa@@3PAHA,0x012A6670
?g_bfmeTableENb@@3PAHA,0x012A8D40
?g_bfmeTableERJ@@3PAVBfmeTableERJ@@A,0x012EF428
?g_bfmeTableFA@@3PAVBfmeEntryFA@@A,0x012B4FC8
?g_bfmeTableJX@@3HA,0x01356B60
?g_bfmeTableSWA@@3PAPAXA,0x012C6FB8
?g_bfmeTableSXA@@3PAPAXA,0x012C6FB8
?g_bfmeTableSrcBQ@@3PAHA,0x012B5040
?g_bfmeTag1028@@3PADA,0x01123918
?g_bfmeTag1227@@3PAXA,0x01337804
?g_bfmeTarget986B@@3PADA,0x013071E4
?g_bfmeTargetXP@@3HA,0x012D7300
?g_bfmeTbl1064@@3PAPADA,0x01105E9C
?g_bfmeTbl1065@@3PAPADA,0x0110C3B0
?g_bfmeTerrainGJ@@3PAVBfmeTerrainGJ@@A,0x012EF4CC
?g_bfmeTextAL@@3PAVBfmeTextAL@@A,0x012F147C
?g_bfmeTextAM@@3PAVBfmeTextAM@@A,0x012F147C
?g_bfmeTextZE@@3PAVBfmeTextZE@@A,0x012F147C
?g_bfmeTgaRow01303808@@3PAEA,0x01303808
?g_bfmeThingBHG@@3PAUBfmeThingBHG@@A,0x012F49B4
?g_bfmeThingCB@@3PAVBfmeThingCB@@A,0x012F49D0
?g_bfmeThingCB@@3PAVGen00522E00@@A,0x012F49D0
?g_bfmeThingLC@@3PAVBfmeThingLC@@A,0x012F8048
?g_bfmeThingUCHead@@3PAVBfmeNodeUC@@A,0x0130B198
?g_bfmeThingVNH@@3PAUBfmeThingVNH@@A,0x012F49D0
?g_bfmeThingYH@@3PAVBfmeThingYH@@A,0x012F4B58
?g_bfmeThirdEB@@3HA,0x012D718C
?g_bfmeThirdEG@@3HA,0x012B87B4
?g_bfmeThirdUA@@3VBfmeTableUA@@A,0x01085DBC
?g_bfmeThreeAOA@@3PAVBfmeThreeAOA@@A,0x012F1B40
?g_bfmeTickC976@@3PAVBfmeTickC976@@A,0x012F706C
?g_bfmeTokA450@@3QBDB,0x012A6918
?g_bfmeToneCoef@@3PAURva009B64A0Coef@@A,0x011432D0
?g_bfmeToneReady@@3P6AXXZA,0x01356B48
?g_bfmeTracker4310@@3PAVBfmeTracker4310@@A,0x013377F8
?g_bfmeTracker4310@@3PAVRva00896AF0Tracker@@A,0x013377F8
?g_bfmeTransitionMD@@3PAVBfmeTransitionMD@@A,0x012F4C7C
?g_bfmeTwoAOA@@3PAVBfmeTwoAOA@@A,0x012ED600
?g_bfmeTwoAQA@@3PAVBfmeTwoAQA@@A,0x012F1028
?g_bfmeTwoATC@@3PAUBfmeTwoATC@@A,0x012F4B58
?g_bfmeTwoSJA@@3PADA,0x012F19A4
?g_bfmeTwoSJA_table@@3VRva00462C10Table@@A,0x012F19A4
?g_bfmeTwoTXB@@3PAVBfmeResTXB@@A,0x0134CC50
?g_bfmeU1019@@3PAVBfmeU1019@@A,0x012F076C
?g_bfmeU1026@@3PAVBfmeU1026@@A,0x012F076C
?g_bfmeU1027@@3PAVBfmeU1027@@A,0x012F076C
?g_bfmeUiDZD@@3PAVBfmeUiDZD@@A,0x012F7194
?g_bfmeUiDZE@@3PAVBfmeUiDZE@@A,0x012F19E8
?g_bfmeUiDZF@@3PAVBfmeUiDZF@@A,0x012F19E8
?g_bfmeUiEAA@@3PAVBfmeUiEAA@@A,0x012F19E8
?g_bfmeUiEAC@@3PAVBfmeUiEAC@@A,0x012F19E8
?g_bfmeUnicodeStringFormat@@3QBDB,0x0114451C
?g_bfmeUnsignedByteFormat@@3QBDB,0x011442BC
?g_bfmeUnsignedIntFormat@@3QBDB,0x01144304
?g_bfmeUnsignedShortFormat@@3QBDB,0x01144328
?g_bfmeUserA450@@3QBDB,0x00C52E00
?g_bfmeV1064@@3PAVBfmeX1064@@A,0x012F49A8
?g_bfmeV1067@@3PAVBfmeX1067@@A,0x012F49A8
?g_bfmeV1074@@3PAVBfmeX1074@@A,0x012F49A8
?g_bfmeV1077@@3PAVBfmeX1077@@A,0x012F49A8
?g_bfmeV1095@@3HA,0x012B8910
?g_bfmeVIR@@3PAXA,0x0130A66C
?g_bfmeVIS@@3PAXA,0x0130A6C0
?g_bfmeVIT@@3PAXA,0x0130A560
?g_bfmeVIU@@3PAXA,0x0130A660
?g_bfmeVIV@@3PAXA,0x0130A530
?g_bfmeVJA@@3PAXA,0x0130A4B8
?g_bfmeVJB@@3PAXA,0x0130A548
?g_bfmeVJC@@3PAXA,0x0130A5DC
?g_bfmeVJD@@3PAXA,0x0130A618
?g_bfmeVJE@@3PAXA,0x0130A5B8
?g_bfmeVJF@@3PAXA,0x0130A630
?g_bfmeVal991@@3HA,0x012F822C
?g_bfmeVal993B@@3HA,0x012B7D80
?g_bfmeVal995B@@3HA,0x012B7430
?g_bfmeValMD@@3HA,0x012B7D80
?g_bfmeValues1220@@3PAHA,0x01338480
?g_bfmeVft963@@3PADA,0x010F0398
?g_bfmeVft969D1@@3PADA,0x0112B3F0
?g_bfmeVft969D2@@3PADA,0x0112B3AC
?g_bfmeVft969D3@@3PADA,0x0112B3C8
?g_bfmeVft994C@@3PADA,0x011296B0
?g_bfmeVftAQB@@3PADA,0x01122470
?g_bfmeVftATWA@@3PAPAXA,0x0112B8A4
?g_bfmeVftATWB@@3PAPAXA,0x0112B5C4
?g_bfmeVftATYA@@3PAPAXA,0x0112C4A8
?g_bfmeVftAUNA@@3PAPAXA,0x0112BBE8
?g_bfmeVftAVHW@@3PAHA,0x0112C440
?g_bfmeVftAVJS@@3PAHA,0x0113E678
?g_bfmeVftBQB@@3PADA,0x011223A0
?g_bfmeVftBTWA@@3PAPAXA,0x0112B8A0
?g_bfmeVftBTWB@@3PAPAXA,0x0112B598
?g_bfmeVftBTYA@@3PAPAXA,0x0112C408
?g_bfmeVftBUNA@@3PAPAXA,0x0112B3B8
?g_bfmeVftBVHW@@3PAHA,0x0112C358
?g_bfmeVftBVJS@@3PAHA,0x011135AC
?g_bfmeVftCTWA@@3PAPAXA,0x0112B890
?g_bfmeVftSE@@3PAPAXA,0x01128428
?g_bfmeVftTA@@3PADA,0x0112F254
?g_bfmeVftTDA@@3PAPAXA,0x01129D30
?g_bfmeVftTGE@@3PAPAXA,0x0111C9A8
?g_bfmeVftTKB@@3PAPAXA,0x0111E008
?g_bfmeVftTQA@@3PAPAXA,0x010C7450
?g_bfmeVftTQD@@3PAPAXA,0x01129D30
?g_bfmeVftTUA@@3PAPAXA,0x011296B0
?g_bfmeVftTVA@@3PAPAXA,0x01129A9C
?g_bfmeVftTXA@@3PAPAXA,0x0113DEE4
?g_bfmeVftTXB@@3PAPAXA,0x011439F8
?g_bfmeVftTYB@@3PAPAXA,0x0107D518
?g_bfmeVftTZA@@3PAPAXA,0x0113C5FC
?g_bfmeVftTZB@@3PAPAXA,0x0113CE0C
?g_bfmeVftUBA@@3PAPAXA,0x010CE990
?g_bfmeVftUNB@@3PAPAXA,0x0112BBE8
?g_bfmeVftUNC@@3PAPAXA,0x0112C830
?g_bfmeVftUUA@@3PAPAXA,0x0112C6F4
?g_bfmeVftVDW@@3PADA,0x01136238
?g_bfmeVftVIH@@3PAHA,0x0112D210
?g_bfmeVideoTableBegin@@3PAUVideo@@A,0x0130B19C
?g_bfmeVideoTableEnd@@3PAUVideo@@A,0x0130B1A0
?g_bfmeVisibleShadowBounds@@3VAABoxClass@@A,0x01306EF0
?g_bfmeVisionPlayerMap@@3PAHA,0x010A15C0
?g_bfmeVp6SelectorMap@@3PAEA,0x01142BA0
?g_bfmeVtVLU@@3PAUBfmeVtVLU@@A,0x01337A30
?g_bfmeVtaVNE@@3PAXA,0x010ED8D4
?g_bfmeVtaVNF@@3PAXA,0x010ED8D4
?g_bfmeVtableCZ@@3PAHA,0x0112D210
?g_bfmeVtableDQa@@3PAHA,0x010F9AD8
?g_bfmeVtableDQb@@3PAHA,0x010F9B0C
?g_bfmeVtableVWa@@3PAHA,0x010F9AD8
?g_bfmeVtableVWc@@3PAHA,0x010F9C08
?g_bfmeVtableVY@@3PAHA,0x010EDAD8
?g_bfmeVtableWA@@3PAHA,0x010F760C
?g_bfmeVtableWB@@3PAHA,0x010F756C
?g_bfmeVtbVNE@@3PAXA,0x010ED97C
?g_bfmeVtbVNG@@3PAXA,0x010ED8F8
?g_bfmeVtblEMI@@3PAUBfmeVtblEMI@@A,0x01337A30
?g_bfmeVtcVNF@@3PAXA,0x010ED938
?g_bfmeW1026@@3PAVAptPalantirCommandHandler@@A,0x012F4B98
?g_bfmeW1027@@3PAVAptPalantirHeroSelector@@A,0x012F4B98
?g_bfmeW1060@@3PAVBfmeW1060@@A,0x012F3330
?g_bfmeWhatBGE@@3PAXA,0x012C3BB8
?g_bfmeWhatBKG@@3PAXA,0x012C3BB8
?g_bfmeWindowManager@@3PAVBfmeWindowManager@@A,0x012ED5C4
?g_bfmeWindowManagerAR@@3PAVBfmeWindowManagerAR@@A,0x012F1B40
?g_bfmeWindowManagerERC@@3PAVBfmeWindowManagerERC@@A,0x012F1B40
?g_bfmeWolKey012F43D0@@3W4NameKeyType@@A,0x012F43D0
?g_bfmeWordFormat@@3QBDB,0x011442A8
?g_bfmeWords1228@@3PAUBfmeW1228@@A,0x012D5DCC
?g_bfmeWords1229@@3PAUBfmeW1229@@A,0x012D52A8
?g_bfmeWorldRV@@3PAUBfmeWorldRV@@A,0x012F33F8
?g_bfmeX1058@@3HA,0x012F8064
?g_bfmeX1060@@3PAVBfmeX1060@@A,0x012B7D80
?g_bfmeX1062@@3PAVBfmeX1062@@A,0x012B7D80
?g_bfmeX1065@@3PAVBfmeX1065@@A,0x012B7D80
?g_bfmeX1067@@3PAVBfmeX1067@@A,0x012B7D80
?g_bfmeX1068@@3PAVBfmeX1068@@A,0x012B7D80
?g_bfmeX1070@@3PAVBfmeX1070@@A,0x012B7D80
?g_bfmeX1071@@3PAVBfmeX1071@@A,0x012B7D80
?g_bfmeX1073@@3PAVBfmeX1073@@A,0x012B7D80
?g_bfmeX1077@@3PAVBfmeX1077@@A,0x012B7D80
?g_bfmeX1085@@3PAVBfmeX1085@@A,0x012B7D80
?g_bfmeXEBK@@3PAXA,0x012C3C58
?g_bfmeXEMC@@3PAXA,0x012C3B2C
?g_bfmeY1058@@3HA,0x012BAA2C
?g_bfmeY1074@@3PAVBfmeX1074@@A,0x012B7430
?g_bfmeZ1083@@3PAVBfmeZ1083@@A,0x012F4C5C
?g_bfmeZ1095@@3PAVBfmeZ1095@@A,0x012F4C5C
?g_bfmeZ1100@@3PAVBfmeZ1100@@A,0x012F4C5C
?g_bfmeZero1075350@@3MA,0x01075350
?g_bfmeZero1267@@3MB,0x01075350
?g_bfmeZero986B@@3HA,0x013071C8
?g_bfmeZeroCY@@3MA,0x01075350
?g_bfmeZeroCY@@3MB,0x01075350
?g_bfmeZeroDT@@3MA,0x01075350
?g_bfmeZeroXJ@@3MB,0x01075350
?g_bfmeZeroXY@@3MB,0x01075350
?g_bfmeZeroYS@@3MB,0x01075350
?g_binaryDeepCRC@@3_NA,0x012ED4E7
?g_buttonFlashNumber@@3HA,0x012F3638
?g_byte0133781C@@3EA,0x0133781C
?g_byteBuffer@@3PAV?$ShareBufferClass@E@@A,0x012F6DD4
?g_c6GlobalReleaseTarget@@3PAVC6GlobalReleaseTarget@@A,0x012F13DC
?g_call@@3P6AXPAX0@ZA,0x013593C8
?g_call@@3P6AXPBDPAX@ZA,0x013593C8
?g_call@_STL@@3P6AXPAX0@ZA,0x013593C8
?g_campaignReviewPlayer@@3PAUPlayerSideFlag@@A,0x012F1024
?g_castleMemberBehaviorModuleInterfaceDispatch@@3UModuleInterfaceDispatch@@B,0x010E94BC
?g_color12B7FC8@@3HA,0x012B7FC8
?g_const_0_1@@3T__m64@@B,0x0114F440
?g_const_1@@3T__m64@@B,0x0114F408
?g_const_1_0@@3T__m64@@B,0x0114F448
?g_const_2@@3T__m64@@B,0x0114F418
?g_const_3@@3T__m64@@B,0x0114F420
?g_const_colB0@@3T__m64@@B,0x0114F478
?g_const_colRG@@3T__m64@@B,0x0114F470
?g_const_half@@3T__m64@@B,0x0114F410
?g_const_n2@@3T__m64@@B,0x0114F458
?g_const_n2_1@@3T__m64@@B,0x0114F460
?g_const_nh_nl@@3T__m64@@B,0x0114F450
?g_const_niner@@3T__m64@@B,0x0114F468
?g_contactPointDebug@@3EA,0x012F0478
?g_contactPointDebugSink@@3PAXA,0x012ED4FC
?g_controlBarSchemeAnimationFieldParse@@3QBEB,0x010FD0A8
?g_controlBarSchemeImageFieldParse@@3QBEB,0x010FD030
?g_count01338748@@3HA,0x01338748
?g_count0134FB34@@3HA,0x0134FB34
?g_d3dDevice@@3PAUIDirect3DDevice9@@A,0x01340534
?g_dScale@@3NA,0x01075D80
?g_d_012F4ACC@@3PAVBfmeB1021@@A,0x012F4ACC
?g_d_012F4ACC@@3RAVBfmeAptChatFriendLogIn@@A,0x012F4ACC
?g_d_012b7920@@3PBDB,0x012B7920
?g_d_012b7924@@3PBDB,0x012B7924
?g_d_012b7928@@3PBDB,0x012B7928
?g_d_012b792c@@3PBDB,0x012B792C
?g_debugCRCFromFrame@@3HA,0x012A6F30
?g_debugCRCUntilFrame@@3HA,0x012A6F34
?g_deepCRC@@3_NA,0x012ED4E5
?g_default012D5298@@3URefBlock008B09A0@@A,0x012D5298
?g_default012D5298@@3URva00891B80Block@@A,0x012D5298
?g_default012D5298@@3URva00899770Block@@A,0x012D5298
?g_default012D5298@@3URva008CF3C0Block@@A,0x012D5298
?g_defaultRespawnPolicy@@3URespawnPolicy@@A,0x012ED8B8
?g_degToRad@@3MA,0x01075954
?g_destroy@@3P6GXPAX@ZA,0x013590C4
?g_device01340534@@3PAURva00727E00Device@@A,0x01340534
?g_deviceGlobal@@3PAXA,0x012F9D04
?g_dictA@@3VDict@@A,0x012A75C0
?g_dictB@@3VDict@@A,0x012A75B8
?g_dword010EAD50@@3IA,0x010EAD50
?g_emptyString@@3QBDB,0x0107388B
?g_emptyStringData@@3PAXA,0x012D5298
?g_emptyStringData@@3UBfmeIterator1285@@A,0x012D5298
?g_emptyStringData@@3UEAStringData@@A,0x012D5298
?g_emptyStringData@@3VStringDataC@EAStringC@@A,0x012D5298
?g_f14@@3MA,0x012F11A4
?g_f28@@3MA,0x012F11B4
?g_fallback013379BC@@3PAURva008A1110Value@@A,0x013379BC
?g_fallback013379BC@@3PAVRva008A9B00@@A,0x013379BC
?g_feslDirectRoute@@3PADA,0x0112C300
?g_feslSecretKey@@3PADA,0x0112B560
?g_feslTransactionIdKey@@3PADA,0x0112C144
?g_feslTypeKey@@3PADA,0x0112B490
?g_feslUserIdKey@@3PADA,0x0112B558
?g_flag12D6DA8@@3_NA,0x012D6DA8
?g_flag12ED4D8@@3_NA,0x012ED4D8
?g_flag12ED4D9@@3_NA,0x012ED4D9
?g_flag12ED4DA@@3_NA,0x012ED4DA
?g_flag12ED4E8@@3_NA,0x012ED4E8
?g_floatBuffer@@3PAV?$ShareBufferClass@M@@A,0x012F6DD0
?g_fontCharsGdiState0134AEAC@@3PAVFontCharsClassGdiState@@A,0x0134AEAC
?g_free01338478@@3PAVRva008A9B00@@A,0x01338478
?g_free013387D0@@3PAURva008A1110Value@@A,0x013387D0
?g_g_012F4248@@3EA,0x012F4248
?g_geometryHeightScale@@3MA,0x0107533C
?g_get_006f9290@@3DA,0x01120374
?g_get_006f9fe0@@3EA,0x012D6D75
?g_get_006f9ff0@@3EA,0x0133F42D
?g_get_00702fb0@@3DA,0x011209EC
?g_get_00710e60@@3EA,0x012D6DAD
?g_get_00710fb0@@3HA,0x012F8048
?g_get_007164a0@@3HA,0x0134EDEC
?g_get_007164b0@@3HA,0x0134ED6C
?g_get_007164c0@@3HA,0x0134EDB0
?g_get_007164d0@@3HA,0x0134EDDC
?g_get_007164e0@@3HA,0x0134EDA8
?g_get_007164f0@@3HA,0x01340530
?g_get_00730520@@3DA,0x011213D8
?g_glob12F496C@@3HA,0x012F496C
?g_global12EF1D8@@3PAXA,0x012EF1D8
?g_global@@3PAXA,0x013592F0
?g_global@_STL@@3PAXA,0x013592F0
?g_guardTargetTypeThrowInfo@@3HA,0x011DFE5C
?g_guiFxFile@@3VAsciiString@@A,0x012F4978
?g_guiFxLoaded@@3EA,0x012F4970
?g_guiFxWindowHandle@@3HA,0x012B7430
?g_h_012F4238@@3PAVBfmeH1086@@A,0x012F4238
?g_hub01338748@@3VRva008CF740@@A,0x01338748
?g_i18@@3HA,0x012F11A8
?g_i24@@3HA,0x012F11B0
?g_i38@@3HA,0x012F11C4
?g_i3C@@3HA,0x012F11C8
?g_i48@@3HA,0x012F11D0
?g_i50@@3HA,0x012F11D8
?g_i60@@3HA,0x012F11E8
?g_i70@@3HA,0x012F11F8
?g_i84@@3HA,0x012F1208
?g_i88@@3HA,0x012F120C
?g_i8C@@3HA,0x012F1210
?g_i90@@3HA,0x012F1214
?g_i94@@3HA,0x012F1218
?g_i98@@3HA,0x012F121C
?g_lanConnection@@3PAXA,0x012F3C1C
?g_lanEndpointBuffer@@3PADA,0x012F3CC4
?g_largeGroupSourceFile@@3DB,0x010BFBF8
?g_lastPacketRouterStallFrame@@3IA,0x012F7704
?g_lgaGlobal@@3VLGA_Global@@A,0x012EFFA0
?g_lgaKeyRecordSentinel@@3PAULargeGroupAudioKeyRecord@@A,0x012F1050
?g_lgaKeyRecords@@3V?$_Rb_tree@VAsciiString@@U?$pair@$$CBVAsciiString@@URva003D3F90Value@@@_STL@@U?$_Select1st@U?$pair@$$CBVAsciiString@@URva003D3F90Value@@@_STL@@@3@UBfmeStringNoCaseLess@@V?$allocator@U?$pair@$$CBVAsciiString@@URva003D3F90Value@@@_STL@@@3@@_STL@@A,0x012F1050
?g_lgaNextKey@@3IA,0x012F104C
?g_lightPointThrowInfo@@3HA,0x011DFC30
?g_lightPulseScene@@3PAVRTS3DSceneLightPulseShim@@A,0x012F8058
?g_liteCRC@@3_NA,0x012ED4E6
?g_lock0134FB1C@@3UCriticalSection@@A,0x0134FB1C
?g_lookup@@3P6APAXPAX0@ZA,0x0135933C
?g_manager00299BB0@@3PAVManager00299BB0@@A,0x01306DEC
?g_manager013377D8@@3PAUManager008C3F10@@A,0x013377D8
?g_map008FF850@@3V?$map@HPAXU?$less@I@_STL@@V?$allocator@U?$pair@$$CBHPAX@_STL@@@2@@_STL@@A,0x0133F468
?g_mgr12ED748@@3PAVBfmeMgrD74@@A,0x012ED748
?g_mgr12ED748@@3PAVBfmeMgrD74_Linked@@A,0x012ED748
?g_mgr12ED748@@3PAVPlayerList@@A,0x012ED748
?g_mgr12EF1D8@@3PAVBFMEThingFactory@@A,0x012EF1D8
?g_mgr12EF1D8@@3PAVBfmeMgrF1D@@A,0x012EF1D8
?g_mgr12F076C@@3PAVBfmeMgrF07@@A,0x012F076C
?g_mgr12F0898@@3PAVBfmeMgr089@@A,0x012F0898
?g_mgr12F0898@@3PAVBfmeMgr089_152@@A,0x012F0898
?g_mgr12F0898@@3PAVBfmeMgr089_E5E@@A,0x012F0898
?g_mgr12F148C@@3PAVBfmeMgrF14@@A,0x012F148C
?g_mgr12F1600@@3PAVBfmeMgr160@@A,0x012F1600
?g_mgr12F1600@@3PAVBfmeMgr160_D20@@A,0x012F1600
?g_mgr12F19E8@@3PAVBfmeMgr19E@@A,0x012F19E8
?g_mgr12F19E8@@3PAVGenActionSink@@A,0x012F19E8
?g_mgr12F33F8@@3PAVBfmeMgr33F@@A,0x012F33F8
?g_mgr12F33F8@@3PAVBfmeMgr412@@A,0x012F33F8
?g_mgr12F4184@@3PAVBfmeMgr418@@A,0x012F4184
?g_mgr12F4B98@@3PAUBfmeMgr112@@A,0x012F4B98
?g_mgr12F4C5C@@3PAVBfmeMgr4C5@@A,0x012F4C5C
?g_millisecondsToSeconds@@3MA,0x010766EC
?g_missingTimedOperationMessage@@3PADA,0x011E1CE4
?g_msToSec@@3MA,0x010766EC
?g_negate_high@@3T__m64@@B,0x0114F400
?g_negate_low@@3T__m64@@B,0x0114F3F8
?g_netCRCInterval@@3HA,0x012A7040
?g_networkTimingOverruns@@3HA,0x012F7724
?g_obj12F060C@@3PAUBfmeObj2B1@@A,0x012F060C
?g_obj12F060C@@3PAULuaDrawableState@@A,0x012F060C
?g_obj12F1024@@3PAUBfmeObj1024@@A,0x012F1024
?g_obj12F495C@@3PAXA,0x012F495C
?g_obj12F4988@@3PAXA,0x012F4988
?g_obj12F4998@@3PAXA,0x012F4998
?g_obj12F49E4@@3PAXA,0x012F49E4
?g_obj12F49F4@@3PAXA,0x012F49F4
?g_obj12F4ABC@@3PAXA,0x012F4ABC
?g_obj12F4ACC@@3PAXA,0x012F4ACC
?g_obj12F4AD4@@3PAXA,0x012F4AD4
?g_obj12F4B40@@3PAXA,0x012F4B40
?g_obj12F4B50@@3PAVBfmeAptScreenScoreScreen@@A,0x012F4B50
?g_obj12F4B50@@3PAXA,0x012F4B50
?g_obj12F4B54@@3PAXA,0x012F4B54
?g_obj12F4B58@@3PAUBfmeObj4B5@@A,0x012F4B58
?g_obj12F4B58@@3PAVRva0051D690Shell@@A,0x012F4B58
?g_obj12F4B58@@3PAVRva0057F100@@A,0x012F4B58
?g_obj12F4B58@@3PAVShell@@A,0x012F4B58
?g_obj12F4C38@@3PAXA,0x012F4C38
?g_obj12F70E4@@3PAVBfmeThresholdSource@@A,0x012F70E4
?g_onlineHomeGadgetsImage@@3PBDB,0x012B7918
?g_onlineHomeGadgetsImageLevelIconMain@@3PBDB,0x012B791C
?g_open2Accumulated@@3IA,0x01306960
?g_open2ResetA@@3HA,0x01346DD8
?g_open2ResetB@@3HA,0x012D7180
?g_open2Running@@3EA,0x012BB85C
?g_open2Started@@3IA,0x01306964
?g_open2SyncA@@3IA,0x01306958
?g_open2SyncB@@3IA,0x0130695C
?g_optByte12F4AD0@@3EA,0x012F4AD0
?g_optByte12F4AD1@@3EA,0x012F4AD1
?g_optFlag12F4AD8@@3EA,0x012F4AD8
?g_optFlag12F4AD9@@3EA,0x012F4AD9
?g_optFlag12F4ADA@@3EA,0x012F4ADA
?g_optFlag12F4ADB@@3EA,0x012F4ADB
?g_optFlag12F4ADC@@3EA,0x012F4ADC
?g_optFlag12F4ADD@@3EA,0x012F4ADD
?g_optFlag12F4ADE@@3EA,0x012F4ADE
?g_optFlag12F4ADF@@3EA,0x012F4ADF
?g_optFlag12F4AE0@@3EA,0x012F4AE0
?g_optFlag12F4AE1@@3EA,0x012F4AE1
?g_owner002E4030@@3PAVOwner002E4030@@A,0x012F060C
?g_pBoxFilter2D_A8R8G8B8@D3DXTex@@3P6GJPAI0IIII@ZA,0x012DC864
?g_pBoxFilter2D_X8R8G8B8@D3DXTex@@3P6GJPAI0IIII@ZA,0x012DC868
?g_pair@@3P6GXPAX0@ZA,0x013590FC
?g_path00290990@@3PAUPathSystem00290990@@A,0x012EF214
?g_path00294410@@3PAUPathSystem00294410@@A,0x012EF214
?g_pathfindCellCenterBias@@3MB,0x01095F98
?g_pathfindCellSize@@3MB,0x01075C74
?g_pathfindDoubleCellSize@@3MB,0x010977E0
?g_pathfindLevelLimit@@3MB,0x01075350
?g_personaText@@3VUnicodeString@@A,0x01336E54
?g_pfnCharLowerW@@3P6GPAGPAG@ZA,0x012A6820
?g_pfnCharUpperW@@3P6GPAGPAG@ZA,0x012A6824
?g_pfnCompareStringW@@3P6GHKKPBGH0H@ZA,0x012A6814
?g_pfnGetConversionAcp@@3P6GIXZA,0x012A64C0
?g_pfnGetEnvironmentVariableW@@3P6GKPBGPAGK@ZA,0x012A6828
?g_pfnGetStringTypeExW@@3P6GHKKPBGHPAG@ZA,0x012A6818
?g_pfnGetThreadACP@ATL@@3P6GIXZA,0x012A64C0
?g_pfnLstrcmpiW@@3P6GHPBG0@ZA,0x012A681C
?g_pixelShaderGlobal@@3PAXA,0x012F9D0C
?g_playMusic@@3_NA,0x012F45D4
?g_pool01337A30@@3PAUAptStringPool@@A,0x01337A30
?g_pool01337A30@@3PAUPool008B09A0@@A,0x01337A30
?g_pool01337A30@@3PAURva00891B80Pool@@A,0x01337A30
?g_pool01337A30@@3PAURva00899770Pool@@A,0x01337A30
?g_pool01337A30@@3PAURva008CF3C0Pool@@A,0x01337A30
?g_poolBlockSize@@3P6AIPAX@ZA,0x0130E9B0
?g_processVal13596B8@@3P6GXH@ZA,0x013596B8
?g_purchaseScienceWindow@@3PAUPurchaseScienceWindow@@A,0x012F4C38
?g_q1Fallback012F1318@@3VQ1Fallback012F1318@@A,0x012F1318
?g_q1Flag0134FAA8@@3_NC,0x0134FAA8
?g_q1Receiver012F4820@@3PAVQ1Receiver012F4820@@A,0x012F4820
?g_q1Receiver0134FAAC@@3PAVQ1Receiver0134FAAC@@A,0x0134FAAC
?g_q1Shared0107C7D0@@3VQ1SharedTarget0107C7D0@@A,0x0107C7D0
?g_q3IndexedFallback@@3UQ3IndexedItem@@A,0x012F3370
?g_q3ScriptDispatcher@@3PAUQ3ScriptDispatcher@@A,0x012F19E8
?g_q3ScriptMovie@@3PAUQ3ScriptMovie@@A,0x012B7D80
?g_quitMenuLayout@@3PAXA,0x012F4AD4
?g_r3Record012A72DC@@3UR3SelectorRecord@@A,0x012A72DC
?g_r3Record012A732C@@3UR3SelectorRecord@@A,0x012A732C
?g_r3Record012B7710@@3UR3SelectorRecord@@A,0x012B7710
?g_r3Record012B7760@@3UR3SelectorRecord@@A,0x012B7760
?g_r3Record012B82C4@@3UR3SelectorRecord@@A,0x012B82C4
?g_r3Record012B82EC@@3UR3SelectorRecord@@A,0x012B82EC
?g_randomSoundSelectorFieldParse@@3QBUFieldParse@@B,0x011158A8
?g_recorderSavedGlobalFlag@@3EA,0x012ED624
?g_recorderSavedGlobalValue@@3HA,0x012ED620
?g_registry01337810@@3PAURva008A9E20Registry@@A,0x01337810
?g_registry01337810@@3PAURva008AA420Registry@@A,0x01337810
?g_registry01337810@@3PAURva008AAB20Registry@@A,0x01337810
?g_registry01337810@@3PAURva008AACF0Registry@@A,0x01337810
?g_registry01337814@@3PAURegistry008C3F10@@A,0x01337814
?g_release@@3P6GXPAX@ZA,0x013590C8
?g_retailShaderDevice@@3PAUIDirect3DDevice8@@A,0x01340534
?g_retailWaterDevice@@3PAVBfmeRetailDevice@@A,0x01340534
?g_rva00061150@@3DA,0x012ED4DB
?g_rva00061460@@3DA,0x012ED4E7
?g_rva00061DE0@@3DA,0x0134CB4C
?g_rva0007F560Factory@@3PAVRva0007F560Factory@@A,0x012ED604
?g_rva00087480@@3PAHA,0x012ED5DC
?g_rva000946b0@@3PAVRva000946B0G@@A,0x012ED604
?g_rva000F8520@@3PAURva000F8520Obj@@A,0x012ED5C8
?g_rva001077D0FrameSource@@3PAVRva001077D0FrameSource@@A,0x012F1464
?g_rva001077D0GameLogic@@3PAURva001077D0GameLogic@@A,0x012F0898
?g_rva001077D0RefreshDelay@@3MA,0x010888F0
?g_rva001077D0TerrainLogic@@3PAVRva001077D0TerrainLogic@@A,0x012EF4CC
?g_rva001178f0_data@@3DA,0x01336E50
?g_rva0018EC80@@3PAHA,0x012ACB50
?g_rva0018EDB0Flags@@3IA,0x012EF418
?g_rva0018EDB0Table@@3PAURva0018EDB0Table@@A,0x012ACB50
?g_rva001B5860TwoPi@@3MB,0x01087B10
?g_rva001B59ScaleConstant@@3MC,0x012ACFE0
?g_rva001B59ScaleConstantDamaged@@3MC,0x012ACFE0
?g_rva001B59ScaleConstantDamagedAlias@@3MC,0x012ACFE0
?g_rva001B59ScaleConstantNormalAlias@@3MC,0x012ACFE0
?g_rva002284A0FieldParse@@3QBUFieldParse@@B,0x010AC600
?g_rva002B6A60Audio@@3PAVRva002B6A60Audio@@A,0x012ED668
?g_rva002B9EA0Audio@@3PAVRva002B9EA0Audio@@A,0x012ED668
?g_rva002BC020@@3PAVHoldRva002BC020@@A,0x012F0898
?g_rva002C8790Audio@@3PAVRva002C8790Audio@@A,0x012ED668
?g_rva002ac0b0@@3PAURva002AC0B0Global@@A,0x012F0898
?g_rva002bc260@@3PAVRva002BC260Global@@A,0x012EF1F8
?g_rva002eece0@@3PAVRva002EECE0@@A,0x012F4B98
?g_rva002eed00@@3PAVRva002EED00@@A,0x012F4B98
?g_rva00336860@@3PAURva00336860Obj@@A,0x012ED5C8
?g_rva00339a80Node@@3PAVRva00339A80ParticleNode@@A,0x012F0754
?g_rva00339a80Sink@@3PAVRva00339A80ParticleSink@@A,0x012F0778
?g_rva003A3E50Audio@@3PAVRva003A3E50Audio@@A,0x012ED668
?g_rva003D2B80NegHalf@@3MB,0x01095F9C
?g_rva0040b130@@3VUnicodeString@@A,0x012F10F8
?g_rva0040b150_dst@@3VUnicodeString@@A,0x012F10F8
?g_rva0040b150_src@@3VUnicodeString@@A,0x012F10F4
?g_rva0040b2e0@@3PAVRva0040B2E0Global@@A,0x012ED5C8
?g_rva0040b7d0_dst@@3UCloudEffect@@A,0x012F1198
?g_rva0040b7d0_src@@3UCloudEffect@@A,0x012F1108
?g_rva0048E5C0Clock@@3PAURva0048E5C0Clock@@A,0x012F1464
?g_rva00494EC0Map@@3V?$hash_map@PAXPAVRva00494EC0EntryView@@URva00494EC0Hash@@U?$equal_to@PAX@_STL@@V?$allocator@U?$pair@QAXPAVRva00494EC0EntryView@@@_STL@@@4@@_STL@@A,0x012F3354
?g_rva0049B010Fallback@@3URva0049B010String@@A,0x01336E50
?g_rva0049B060Fallback@@3URva0049B060Item@@A,0x01336E50
?g_rva004C84C0A@@3PAVRva004C84C0Obj@@A,0x012F39BC
?g_rva004C84C0B@@3PAVRva004C84C0B@@A,0x012F7198
?g_rva004C84C0_12b6a34@@3PAXA,0x012B6A34
?g_rva004C84C0_12b6a38@@3PAXA,0x012B6A38
?g_rva004C84C0_12b6a3c@@3DA,0x012B6A3C
?g_rva004C84C0_12b6a68@@3DA,0x012B6A68
?g_rva004C84C0_12b6a84@@3PAXA,0x012B6A84
?g_rva004C84C0_12b6a88@@3PAXA,0x012B6A88
?g_rva004C84C0_12b6a8c@@3DA,0x012B6A8C
?g_rva004C84C0_12f3a38@@3DA,0x012F3A38
?g_rva004CAF70_a@@3PADA,0x012F3C24
?g_rva004CAF70_b@@3PADA,0x012F3C64
?g_rva004CAF70_c@@3PADA,0x012F3C84
?g_rva004CAF70_d@@3PADA,0x012F3CA4
?g_rva004CAF70_e@@3PADA,0x012F3C44
?g_rva004CAF70_f@@3PADA,0x012F3CC4
?g_rva004CAF70_g@@3PAXA,0x012F7730
?g_rva004CAF70_gate@@3DA,0x012F3B18
?g_rva004CAF70_obj@@3PAURva004CAF70Obj@@A,0x012F4998
?g_rva004CAF70_value@@3PAXA,0x012F3C08
?g_rva0051B5F0Large@@3URva0051B5F0Large@@A,0x01105FBC
?g_rva0051B5F0Medium@@3URva0051B5F0Medium@@A,0x01105FB0
?g_rva0051B5F0Small@@3URva0051B5F0Small@@A,0x01105FA8
?g_rva005380a0_id@@3DA,0x012F4A00
?g_rva00545D60@@3HA,0x012F4A08
?g_rva005655C0PlayerList@@3PAURva005655C0PlayerList@@A,0x012ED748
?g_rva005655C0PlayerList@@3PAVBfmeD1025@@A,0x012ED748
?g_rva005655C0PlayerList@@3PAVRva005655C0PlayerList@@A,0x012ED748
?g_rva0058B590Scale@@3MA,0x0107FAC4
?g_rva0058BC20DefaultMultiplier@@3MA,0x01075334
?g_rva0058BED0NextId@@3HA,0x012F4B9C
?g_rva0058BED0ReadId@@3HA,0x012F4B9C
?g_rva0058C100CommandManager@@3PAVRva0058C100CommandManager@@A,0x012F33F8
?g_rva00592D60NotifyOwner@@3PAXA,0x012F19E8
?g_rva005F4340Resource@@3PAVRefCountClass@@A,0x012F6DE0
?g_rva005F7FA0Resource@@3PAVRefCountClass@@A,0x012F6E30
?g_rva005c0fd0_id@@3DA,0x012F64E4
?g_rva005c5100ThrowInfo@@3HA,0x011DFE5C
?g_rva0060EE80Global@@3PAURva0060EE80Global@@A,0x012F1028
?g_rva006279F0Callback@@3P6AXXZA,0x012F70A8
?g_rva006279F0CallbackActive@@3EA,0x012F70A4
?g_rva00627A20Callback@@3P6AXXZA,0x012F70AC
?g_rva00627A50A@@3PAXA,0x012F70A8
?g_rva00627A50B@@3PAXA,0x012F70AC
?g_rva00627A50Flag@@3EA,0x012F70A4
?g_rva00627AA0@@3PAURva00627AA0Obj@@A,0x012F71B4
?g_rva00690cb0Rclsid@@3QBEB,0x0111B930
?g_rva00690cb0Riid@@3QBEB,0x0111B91C
?g_rva006BC6C0Target@@3PAVRva006BC6C0Target@@A,0x012F8058
?g_rva006E6CC0Target@@3PAVRva006E6CC0Target@@A,0x012F12CC
?g_rva006FB500_slot@@3HA,0x01120450
?g_rva0073a610@@3HA,0x012F1400
?g_rva0075b2e0_value@@3IA,0x012F8064
?g_rva00785FD0Dirty@@3DA,0x01306950
?g_rva00785FD0Queue@@3PAURva00785FD0Node@@A,0x01306978
?g_rva00785FD0Renderer@@3PAVRva00785FD0Renderer@@A,0x01306954
?g_rva007A2330Flag@@3DA,0x012D6DFC
?g_rva007A2330Flag@@3EA,0x012D6DFC
?g_rva007A2330Flag@@3_NA,0x012D6DFC
?g_rva007A6290Flags@@3IA,0x012EF418
?g_rva007AAFA0Clock@@3R6AIXZA,0x01359544
?g_rva007AAFA0Flags@@3IA,0x01306DA0
?g_rva007AAFA0Time@@3IA,0x01306D9C
?g_rva007FBAB0Entries@@3PAPAURva007FCF10Entry@@A,0x012C3B40
?g_rva007FCF10Entries@@3PAPAURva007FCF10Entry@@A,0x012C3BC8
?g_rva007b13d0@@3PAVW3DProjectedShadowManager@@A,0x01306DF0
?g_rva007b3e60@@3PAVRva007B3E60G@@A,0x01306DF0
?g_rva007baa90@@3PAVRva007BAA90G@@A,0x01306F18
?g_rva007e8530@@3PAXA,0x0134FB4C
?g_rva0082B120@@3HA,0x0130B1B0
?g_rva00883040Buf@@3PAIA,0x0130E9F0
?g_rva00883040Count@@3IA,0x012D4D10
?g_rva00889690@@3PAURva00889690Obj@@A,0x01336E5C
?g_rva00891FA0Ready@@3HA,0x01337808
?g_rva00891FA0Value@@3HA,0x013377F4
?g_rva00892640Deleter@@3PAURva00892640Deleter@@A,0x01337A30
?g_rva00893030Manager@@3PAVRva00893030Manager@@A,0x013377D4
?g_rva008A4630_0@@3PAVRva008A4630Item@@A,0x01337A34
?g_rva008A4630_10@@3PAVRva008A4630Item@@A,0x01337A5C
?g_rva008A4630_11@@3PAVRva008A4630Item@@A,0x01337A60
?g_rva008A4630_12@@3PAVRva008A4630Item@@A,0x01337A64
?g_rva008A4630_13@@3PAVRva008A4630Item@@A,0x01337A68
?g_rva008A4630_14@@3PAVRva008A4630Item@@A,0x01337A6C
?g_rva008A4630_15@@3PAVRva008A4630Item@@A,0x01337A70
?g_rva008A4630_16@@3PAVRva008A4630Item@@A,0x01337A74
?g_rva008A4630_17@@3PAVRva008A4630Item@@A,0x01337A78
?g_rva008A4630_1@@3PAVRva008A4630Item@@A,0x01337A38
?g_rva008A4630_2@@3PAVRva008A4630Item@@A,0x01337A3C
?g_rva008A4630_3@@3PAVRva008A4630Item@@A,0x01337A40
?g_rva008A4630_4@@3PAVRva008A4630Item@@A,0x01337A44
?g_rva008A4630_5@@3PAVRva008A4630Item@@A,0x01337A48
?g_rva008A4630_6@@3PAVRva008A4630Item@@A,0x01337A4C
?g_rva008A4630_7@@3PAVRva008A4630Item@@A,0x01337A50
?g_rva008A4630_8@@3PAVRva008A4630Item@@A,0x01337A54
?g_rva008A4630_9@@3PAVRva008A4630Item@@A,0x01337A58
?g_rva008A47B0_0@@3PAVRva008A47B0Item@@A,0x01337A7C
?g_rva008A47B0_1@@3PAVRva008A47B0Item@@A,0x01337A80
?g_rva008A47B0_2@@3PAVRva008A47B0Item@@A,0x01337A84
?g_rva008A47B0_3@@3PAVRva008A47B0Item@@A,0x01337A8C
?g_rva008A47B0_4@@3PAVRva008A47B0Item@@A,0x01337A90
?g_rva008A47B0_5@@3PAVRva008A47B0Item@@A,0x01337A94
?g_rva008A47B0_6@@3PAVRva008A47B0Item@@A,0x01337A98
?g_rva008A47B0_7@@3PAVRva008A47B0Item@@A,0x01337A88
?g_rva008A48D0_0@@3PAVRva008A48D0Item@@A,0x01337AA4
?g_rva008A48D0_1@@3PAVRva008A48D0Item@@A,0x01337AA8
?g_rva008A48D0_2@@3PAVRva008A48D0Item@@A,0x01337AAC
?g_rva008A48D0_3@@3PAVRva008A48D0Item@@A,0x01337AB0
?g_rva008A48D0_4@@3PAVRva008A48D0Item@@A,0x01337AB4
?g_rva008A48D0_5@@3PAVRva008A48D0Item@@A,0x01337AB8
?g_rva008A98B0_0@@3PAVRva008A98B0Releasable@@A,0x01337AC8
?g_rva008A98B0_10@@3PAVRva008A98B0Releasable@@A,0x01337AF0
?g_rva008A98B0_11@@3PAVRva008A98B0Releasable@@A,0x01337AF4
?g_rva008A98B0_1@@3PAVRva008A98B0Releasable@@A,0x01337ACC
?g_rva008A98B0_2@@3PAVRva008A98B0Releasable@@A,0x01337AD0
?g_rva008A98B0_3@@3PAVRva008A98B0Releasable@@A,0x01337AD4
?g_rva008A98B0_4@@3PAVRva008A98B0Releasable@@A,0x01337AD8
?g_rva008A98B0_5@@3PAVRva008A98B0Releasable@@A,0x01337ADC
?g_rva008A98B0_6@@3PAVRva008A98B0Releasable@@A,0x01337AE0
?g_rva008A98B0_7@@3PAVRva008A98B0Releasable@@A,0x01337AE4
?g_rva008A98B0_8@@3PAVRva008A98B0Releasable@@A,0x01337AE8
?g_rva008A98B0_9@@3PAVRva008A98B0Releasable@@A,0x01337AEC
?g_rva008A99D0Buffer@@3PADA,0x01337AF8
?g_rva008A99D0Pool@@3PAURva008A99D0Pool@@A,0x01337A30
?g_rva008AAFD0Free@@3PAVRva008A9B00@@A,0x01338478
?g_rva008B2BD0_0@@3PAVRva008B2BD0Item@@A,0x01338360
?g_rva008B2BD0_1@@3PAVRva008B2BD0Item@@A,0x01338364
?g_rva008B2BD0_2@@3PAVRva008B2BD0Item@@A,0x01338368
?g_rva008B2BD0_3@@3PAVRva008B2BD0Item@@A,0x0133836C
?g_rva008B2BD0_4@@3PAVRva008B2BD0Item@@A,0x01338370
?g_rva008B2BD0_5@@3PAVRva008B2BD0Item@@A,0x01338374
?g_rva008B2EA0Base@@3PAXA,0x01338608
?g_rva008B2EA0Fallback@@3PAXA,0x013379BC
?g_rva008B8B80_0@@3PAVRva008B8B80Releasable@@A,0x01338438
?g_rva008B8B80_10@@3PAVRva008B8B80Releasable@@A,0x0133845C
?g_rva008B8B80_1@@3PAVRva008B8B80Releasable@@A,0x0133843C
?g_rva008B8B80_2@@3PAVRva008B8B80Releasable@@A,0x01338440
?g_rva008B8B80_3@@3PAVRva008B8B80Releasable@@A,0x01338444
?g_rva008B8B80_4@@3PAVRva008B8B80Releasable@@A,0x01338448
?g_rva008B8B80_5@@3PAVRva008B8B80Releasable@@A,0x0133844C
?g_rva008B8B80_6@@3PAVRva008B8B80Releasable@@A,0x01338460
?g_rva008B8B80_7@@3PAVRva008B8B80Releasable@@A,0x01338458
?g_rva008B8B80_8@@3PAVRva008B8B80Releasable@@A,0x01338464
?g_rva008B8B80_9@@3PAVRva008B8B80Releasable@@A,0x01338468
?g_rva008C3B60Free@@3PAVRva008A9B00@@A,0x01338478
?g_rva008CAE40DefaultBlock@@3PAURva008CAE40RefBlock@@A,0x01338710
?g_rva008CAEA0DefaultBlock@@3PAURva008CAEA0RefBlock@@A,0x0133849C
?g_rva008D29A0@@3PAVRva008D29A0@@A,0x013387CC
?g_rva008D2A10@@3PAVRva008D2A10@@A,0x013387D0
?g_rva008D2A80@@3PAVRva008D2A80@@A,0x013387D4
?g_rva00914860Limit@@3HA,0x0134126C
?g_rva00914860PoolA@@3VRva00914860PoolA@@A,0x01341264
?g_rva00914860PoolB@@3VRva00914860PoolB@@A,0x01343698
?g_rva00914860PoolC@@3VRva00914860PoolC@@A,0x013466B8
?g_rva009371E0@@3HA,0x01346E18
?g_rva00ED7770Vp6ModeDispatch@@3PAHA,0x012D7770
?g_rva01142308@@3PAHA,0x01142308
?g_rva01142408@@3PAHA,0x01142408
?g_rva011426A0@@3PAEA,0x011426A0
?g_rva011428E8@@3PAHA,0x011428E8
?g_rva01142c68@@3PAHA,0x01142C68
?g_rva01143064@@3PAHA,0x01143064
?g_rva012B4C0C@@3PAHA,0x012B4C0C
?g_rva012B4C34@@3PAHA,0x012B4C34
?g_rva012D7858@@3PAHA,0x012D7858
?g_rva012D7958@@3PAHA,0x012D7958
?g_rva012D7A58@@3PAHA,0x012D7A58
?g_rva012D7C58@@3PAGA,0x012D7C58
?g_rva012D7D58@@3PAGA,0x012D7D58
?g_rva012D7E58@@3PAGA,0x012D7E58
?g_rva012EF4D0@@3PAVRva001A2D50Node@@A,0x012EF4D0
?g_rva012F10DCTree@@3V?$_Rb_tree@HU?$pair@$$CBHUGen_t_0040abb0_p12cd@@@_STL@@U?$_Select1st@U?$pair@$$CBHUGen_t_0040abb0_p12cd@@@_STL@@@2@U?$less@H@2@V?$allocator@U?$pair@$$CBHUGen_t_0040abb0_p12cd@@@_STL@@@2@@_STL@@A,0x012F10DC
?g_rva012F49B4@@3PAURva012F49B4Thing@@A,0x012F49B4
?g_rva012F49B4@@3PAVRva0051D690@@A,0x012F49B4
?g_rva012F49B4@@3PAVRva012F49B4Thing@@A,0x012F49B4
?g_rva012F7164ChecksLeft@@3HA,0x012F7164
?g_rva012F7168OnlineRun@@3HA,0x012F7168
?g_rva012F716C@@3EA,0x012F716C
?g_rva012F716D@@3EA,0x012F716D
?g_rva012F7170OnlineBuffer@@3PADA,0x012F7170
?g_rva012F7178ReleaseLayout@@3_NA,0x012F7178
?g_rva012F7180DownloadQueue@@3VGen00627270Owner@@A,0x012F7180
?g_rva0133782CFree@@3P6AXPAX@ZA,0x0133782C
?g_rva0133784C@@3P6AXPAX@ZA,0x0133784C
?g_rva01337850@@3P6AXPAX@ZA,0x01337850
?g_rva0133785CDuplicate@@3P6APADPBD@ZA,0x0133785C
?g_rva01337860Empty@@3P6APADXZA,0x01337860
?g_rva01337abc@@3PAVRva00899FC0@@A,0x01337ABC
?g_rva01356940@@3PAHA,0x01356940
?g_rva01356A88@@3PBXB,0x01356A88
?g_rva01356A98@@3PBIB,0x01356A98
?g_rva01356A9C@@3PAHA,0x01356A9C
?g_rva01356AA0@@3PBIB,0x01356AA0
?g_rva01356B40@@3P6AXPAX0HH@ZA,0x01356B40
?g_rva01356DA0@@3R6AXPAX@ZA,0x01356DA0
?g_rva01356E64@@3P6AHPAURva009ACC40State@@H@ZA,0x01356E64
?g_rva01356E64@@3P6APAHPAURva009ACBA0Context@@H@ZA,0x01356E64
?g_rva01356E64@@3P6APAHPAURva009B3800Context@@H@ZA,0x01356E64
?g_rva01356E84@@3P6AXPAURva009B3800Context@@PAEIPAH@ZA,0x01356E84
?g_rva01356E8C@@3P6AXPAXHH@ZA,0x01356E8C
?g_rva01356E98@@3P6AXPAXHH@ZA,0x01356E98
?g_rva01356EB4@@3P6AXPAURva009AF200Context@@PAE1IIHPBI@ZA,0x01356EB4
?g_rva01356EC4@@3P6AXPAURva009B3800Context@@PAEIPAH@ZA,0x01356EC4
?g_rva01356e68SetupBounding@@3P6APAHPAURva009AF530Context@@H@ZA,0x01356E68
?g_rva8CB8C0InitBounds@@3P6AXPAURva8CB8C0BoundsBlock@@H@ZA,0x013378B4
?g_rva8CD130IdleHook@@3PAURva00893410Registry@@A,0x01337810
?g_rva8CD130IdleHook@@3PAURva00899560Pool@@A,0x01337810
?g_rva8CD130IdleHook@@3PAURva008D32B0Pool@@A,0x01337810
?g_rva8CD130IdleHook@@3PAVRva8CD130IdleHook@@A,0x01337810
?g_rva8CD3F0RouteIndices@@3PAHA,0x012D5A10
?g_rva8D0D80CreateTag@@3DA,0x01338610
?g_s08@@3VAsciiString@@A,0x012F1198
?g_s0C@@3VAsciiString@@A,0x012F119C
?g_s10@@3VAsciiString@@A,0x012F11A0
?g_s20@@3VAsciiString@@A,0x012F11AC
?g_s4Guard0055BA20@@3PAXA,0x012F4AAC
?g_s4Guard0055BAA0@@3PAXA,0x012F4A0C
?g_s4Guard0055BB20@@3PAXA,0x012F49F0
?g_s4Guard0055BC20@@3PAXA,0x012F4ABC
?g_s4Guard0055BCA0@@3PAXA,0x012F49FC
?g_s4Head0059BDE0@@3HA,0x0110C688
?g_s4Head0059C4C0@@3HA,0x0110C708
?g_s4Head0059CB30@@3HA,0x0110C744
?g_s4Head0059E290@@3HA,0x0110C994
?g_s4Head0059E860@@3HA,0x0110C9F8
?g_s4Head0059F280@@3HA,0x0110CAF4
?g_s4Head0059F630@@3HA,0x0110CB30
?g_s4Head0059F980@@3HA,0x0110CB6C
?g_s4HeadRva0059D1F0@@3HA,0x0110C780
?g_s4HeadRva0059EE10@@3HA,0x0110CAB8
?g_s4HeadRva005A01F0@@3HA,0x0110CC98
?g_s4Holder@@3PAUS4Holder0046DBB0@@A,0x012F19E8
?g_s4Made005F2D80@@3PAUS4Made0090F650@@A,0x012F6D88
?g_s4Made005F36D0@@3PAUS4Made00912580@@A,0x012F6DA4
?g_s4Made005F6590@@3PAUS4Made0090F650@@A,0x012F6DFC
?g_s4Made005F8540@@3PAUS4Made0091A730@@A,0x012F6E30
?g_s4Registry@@3PAUS4Registry@@A,0x012F060C
?g_s5Head0059D9E0@@3HA,0x0110C878
?g_s5Head0059DE10@@3HA,0x0110C920
?g_s5Head0059FB50@@3HA,0x0110CBEC
?g_s9C@@3VAsciiString@@A,0x012F1220
?g_saveLoadRegistrations012B7E60@@3PAPBDA,0x012B7E60
?g_scene@@3PAVSceneClass@@A,0x012F8058
?g_script00293E50@@3PAVBfmeOwnerBR@@A,0x012F060C
?g_sentinel012ADC38@@3IA,0x012ADC38
?g_shadowManager@@3PAVGen0003AC38@@A,0x01306EEC
?g_shellMenuSchemeImageFieldParse@@3QBEB,0x0110B638
?g_shellMenuSchemeLineFieldParse@@3QBEB,0x0110B6A0
?g_slot90_0010A660@@3HA,0x01088D0C
?g_slot90_0010BDC0@@3HA,0x01088E4C
?g_slot90_0010BDE0@@3HA,0x01088E68
?g_slot90_0010BE00@@3HA,0x01088E7C
?g_slot90_0010BE20@@3HA,0x01088E94
?g_slot90_0010BE40@@3HA,0x01088EA8
?g_slot90_0010BE60@@3HA,0x01088EB8
?g_slot90_0010BE80@@3HA,0x01088EC8
?g_slot90_0010BEA0@@3HA,0x0107B81C
?g_slot90_0010BEC0@@3HA,0x0107B810
?g_slot90_0010BEE0@@3HA,0x01088ED8
?g_slot90_0010BF00@@3HA,0x01088EE8
?g_slot90_0010BF20@@3HA,0x01088F04
?g_slot90_0010BF40@@3HA,0x01088F10
?g_slot90_0010BF60@@3HA,0x01088F24
?g_slot90_0010BF80@@3HA,0x01088F3C
?g_slot90_0010BFA0@@3HA,0x01088F50
?g_slot90_0010BFC0@@3HA,0x01088F60
?g_slot90_0010BFE0@@3HA,0x01088F74
?g_slot90_0010C000@@3HA,0x01088F84
?g_slot90_0010C020@@3HA,0x01088F94
?g_slot90_0010C040@@3HA,0x01088FA4
?g_slot90_0010C060@@3HA,0x01088FB8
?g_slot90_0010C080@@3HA,0x01088FD8
?g_slot90_0010C0A0@@3HA,0x01088FF4
?g_slot90_0010C0C0@@3HA,0x01089008
?g_slot90_0010C0E0@@3HA,0x01089024
?g_slot90_0010C100@@3HA,0x01089038
?g_slot90_0010C120@@3HA,0x0108904C
?g_slot90_0010C140@@3HA,0x01089068
?g_slot90_0010C160@@3HA,0x0108907C
?g_slot90_0010C180@@3HA,0x0108908C
?g_slot90_0010C1A0@@3HA,0x0108909C
?g_slot90_0010C1C0@@3HA,0x010890A8
?g_slot90_0010C1E0@@3HA,0x010890BC
?g_slot90_0010C200@@3HA,0x010890C8
?g_slot90_0010C220@@3HA,0x010890D4
?g_slot90_0010C240@@3HA,0x010890E0
?g_slot90_0010C260@@3HA,0x010890F0
?g_slot90_0010C280@@3HA,0x01089124
?g_slot90_0010C2A0@@3HA,0x0108913C
?g_slot90_0010C2C0@@3HA,0x0108915C
?g_slot90_0010C2E0@@3HA,0x01089180
?g_slot90_0010C340@@3HA,0x010891C0
?g_slot90_0010C360@@3HA,0x010891D8
?g_slot90_0010C380@@3HA,0x010891E8
?g_slot90_0010C3A0@@3HA,0x010891F8
?g_slot90_0010C3C0@@3HA,0x0108920C
?g_slot90_0010C3E0@@3HA,0x01089218
?g_slot90_0010C400@@3HA,0x01089228
?g_slot90_0010C420@@3HA,0x01089240
?g_slot90_0010C440@@3HA,0x01089254
?g_slot90_00360860@@3HA,0x010E8F1C
?g_slot90_003A3ED0@@3HA,0x010EC718
?g_slot90_003BC6E0@@3HA,0x010EDA8C
?g_slot90_00694C50@@3HA,0x0111BD5C
?g_slot90_00695920@@3HA,0x0111BF48
?g_slot90_00695940@@3HA,0x0111BF58
?g_slot90_00695960@@3HA,0x0111BF70
?g_slot90_007324E0@@3HA,0x011213FC
?g_spyVisionSourceFile@@3DB,0x010A1C70
?g_stack01338748@@3HA,0x01338748
?g_statsConnection@@3HA,0x012D9038
?g_statsgame@@3PAUstatsgame_s@@A,0x0134D478
?g_string01338654@@3HA,0x01338654
?g_stringBlock01338724@@3PAUBfmeStringData3AF0@@A,0x01338724
?g_structureCollapseFieldParse@@3QBUFieldParse@@B,0x010C47B8
?g_structureToppleFieldParse@@3QBUFieldParse@@B,0x010C4B60
?g_t2C@@3UTriple@@A,0x012F11B8
?g_t54@@3UTriple@@A,0x012F11DC
?g_t64@@3UTriple@@A,0x012F11EC
?g_t74@@3UTriple@@A,0x012F11FC
?g_table_00122E10@@3HA,0x0108AEF4
?g_table_00123810@@3HA,0x0108C210
?g_table_001238F0@@3HA,0x0108CA10
?g_table_00123990@@3HA,0x0108CAC4
?g_table_00123A90@@3HA,0x0108CC38
?g_table_00123D70@@3HA,0x0108CDC0
?g_table_00123E30@@3HA,0x0108CE64
?g_table_00123F00@@3HA,0x0108CF38
?g_table_00124190@@3HA,0x0108D080
?g_table_00124220@@3HA,0x0108D140
?g_table_001242D0@@3HA,0x0108D318
?g_table_001242F0@@3HA,0x0108D4B0
?g_table_00124310@@3HA,0x0108D500
?g_table_00124330@@3HA,0x0108D558
?g_table_00124380@@3HA,0x0108D5FC
?g_table_00124590@@3HA,0x0108D68C
?g_table_0018C460@@3HA,0x0109BA18
?g_table_001ECF20@@3HA,0x010A18F0
?g_table_001ED6C0@@3HA,0x010A1ACC
?g_table_001EF5C0@@3HA,0x010A2140
?g_table_001F5830@@3HA,0x010A28B0
?g_table_001F6E80@@3HA,0x010A2D28
?g_table_001F7840@@3HA,0x010A3270
?g_table_001F7E40@@3HA,0x010A3550
?g_table_001FABE0@@3HA,0x010A3CA0
?g_table_001FE360@@3HA,0x010A44C0
?g_table_002001E0@@3HA,0x010A4B38
?g_table_00201B90@@3HA,0x010A502C
?g_table_00201FB0@@3HA,0x010A51C0
?g_table_002029D0@@3HA,0x010A543C
?g_table_00202F20@@3HA,0x010A5600
?g_table_00203C00@@3HA,0x010A58B8
?g_table_00205040@@3HA,0x010A5E68
?g_table_00205720@@3HA,0x010A6048
?g_table_00205F80@@3HA,0x010A6244
?g_table_002072E0@@3HA,0x010A63CC
?g_table_0020CDA0@@3HA,0x010A6E58
?g_table_0020D260@@3HA,0x010A6FE8
?g_table_0020D5A0@@3HA,0x010A70D8
?g_table_0020D960@@3HA,0x010A723C
?g_table_00211A30@@3HA,0x010A7AA8
?g_table_00215C30@@3HA,0x010A98A8
?g_table_00216740@@3HA,0x010A9D70
?g_table_002173C0@@3HA,0x010AA114
?g_table_00217AB0@@3HA,0x010AA4B0
?g_table_0024F6D0@@3HA,0x010B15BC
?g_table_0024F980@@3HA,0x010B1778
?g_table_0024FD50@@3HA,0x010B1924
?g_table_00250CA0@@3HA,0x010B20D8
?g_table_00251670@@3HA,0x010B2290
?g_table_0026A8F0@@3HA,0x010B7DC8
?g_table_00270150@@3HA,0x010B94F0
?g_table_0027FB40@@3HA,0x010BABA0
?g_table_00281460@@3HA,0x010BB290
?g_table_00282E20@@3HA,0x010BB9D0
?g_table_002854C0@@3HA,0x010BBD38
?g_table_00286AB0@@3HA,0x010BC420
?g_table_00286F60@@3HA,0x010BC738
?g_table_0028A2D0@@3HA,0x010BCC80
?g_table_0028AB00@@3HA,0x010BCEF4
?g_table_0028BBA0@@3HA,0x010BD218
?g_table_0028BC00@@3HA,0x010BD2CC
?g_table_0028C2B0@@3HA,0x010BD454
?g_table_0028CCB0@@3HA,0x010BD928
?g_table_0028CD50@@3HA,0x010BDA74
?g_table_0028E380@@3HA,0x010BDE50
?g_table_0028E3F0@@3HA,0x010BDF48
?g_table_00290E30@@3HA,0x010BE430
?g_table_002919E0@@3HA,0x010BE6B0
?g_table_002926A0@@3HA,0x010BEAA0
?g_table_00292CD0@@3HA,0x010BEDF8
?g_table_00294E70@@3HA,0x010BF180
?g_table_00295530@@3HA,0x010BF580
?g_table_00296230@@3HA,0x010BF8E0
?g_table_00297620@@3HA,0x010BFB48
?g_table_00297E70@@3HA,0x010BFE30
?g_table_00298940@@3HA,0x010C0240
?g_table_00298DF0@@3HA,0x010C0518
?g_table_002999B0@@3HA,0x010C0830
?g_table_0029A130@@3HA,0x010C09F0
?g_table_0029FDD0@@3HA,0x010C1158
?g_table_0029FE50@@3HA,0x010C12FC
?g_table_002A0900@@3HA,0x010C1778
?g_table_002A3520@@3HA,0x010C2750
?g_table_002A6240@@3HA,0x010C32F8
?g_table_002AC020@@3HA,0x010C3CF0
?g_table_002AC120@@3HA,0x010C41C0
?g_table_002B0AB0@@3HA,0x010C4CD0
?g_table_002B1040@@3HA,0x010C4F58
?g_table_002CAB10@@3HA,0x010CA788
?g_table_0036CDB0@@3HA,0x010E96F0
?g_table_006031F0@@3HA,0x01115304
?g_table_006039B0@@3HA,0x01115420
?g_table_00606870@@3HA,0x01115780
?g_table_00607930@@3HA,0x01115860
?g_table_00609130@@3HA,0x01115A9C
?g_table_007504A0@@3HA,0x01121E64
?g_table_00756C50@@3HA,0x01122858
?g_table_00758840@@3HA,0x01122D18
?g_table_007594E0@@3HA,0x011231DC
?g_table_0077D4F0@@3HA,0x01125430
?g_table_0077F4F0@@3HA,0x01125E40
?g_target_000C3E60@@3HA,0x01083B80
?g_target_000FBDC0@@3HA,0x010860B0
?g_target_0015B910@@3HA,0x01095FBC
?g_target_00160C70@@3HA,0x0109687C
?g_target_00218000@@3HA,0x010AA7D8
?g_target_00291860@@3HA,0x010BE58C
?g_target_00292520@@3HA,0x010BE9EC
?g_target_002C74F0@@3HA,0x010C995C
?g_target_003850D0@@3HA,0x010EAD5C
?g_target_0046EF80@@3HA,0x010F733C
?g_target_00472DD0@@3HA,0x010F7624
?g_target_00499FA0@@3HA,0x010FA33C
?g_target_004C5560@@3HA,0x010FDF94
?g_target_004C55B0@@3HA,0x010FDFA0
?g_target_0051D450@@3HA,0x011061B4
?g_target_005891C0@@3HA,0x0110BAE8
?g_target_0058B300@@3HA,0x0110BAF8
?g_target_007D1E60@@3HA,0x011289B0
?g_terrain00294410@@3PAVTerrain00294410@@A,0x012EF4CC
?g_theAssetRegistry@@3PAVAssetRegistry@@A,0x0134FAAC
?g_theGameLogic@@3PAUGameLogicState@@A,0x012F0898
?g_theNameKeyGenerator@@3PAVNameKeyGenerator@@A,0x012ED600
?g_theTransitionHandler@@3PAVGameWindowTransitionsHandler@@A,0x012F3330
?g_theWaypointNameDict@@3VDict@@A,0x012A77A8
?g_theWindowManager@@3PAVOpen2WindowManager@@A,0x012F19E8
?g_theWindowManager@@3PAVWindowManager@@A,0x012F19E8
?g_theWindowManager@@3PAXA,0x012F19E8
?g_theWritableGlobalData@@3PAVGlobalThing@@A,0x012F0898
?g_timedOperationHead@@3PAVTimedOperationNode@@A,0x012ED584
?g_timedOperationSerial@@3IA,0x012A737C
?g_token0134FB18@@3KA,0x0134FB18
?g_twoBitSelectorRecord012A6FF4@@3UTwoBitSelectorRecord@@A,0x012A6FF4
?g_twoBitSelectorRecord012A7304@@3UTwoBitSelectorRecord@@A,0x012A7304
?g_twoBitSelectorRecord012A7354@@3UTwoBitSelectorRecord@@A,0x012A7354
?g_twoBitSelectorRecord012A7D38@@3UTwoBitSelectorRecord@@A,0x012A7D38
?g_twoBitSelectorRecord012B446C@@3UTwoBitSelectorRecord@@A,0x012B446C
?g_twoBitSelectorRecord012B4494@@3UTwoBitSelectorRecord@@A,0x012B4494
?g_twoBitSelectorRecord012B4864@@3UTwoBitSelectorRecord@@A,0x012B4864
?g_twoBitSelectorRecord012B488C@@3UTwoBitSelectorRecord@@A,0x012B488C
?g_twoBitSelectorRecord012B7738@@3UTwoBitSelectorRecord@@A,0x012B7738
?g_twoBitSelectorRecord012B7788@@3UTwoBitSelectorRecord@@A,0x012B7788
?g_twoBitSelectorRecord012B79A4@@3UTwoBitSelectorRecord@@A,0x012B79A4
?g_twoBitSelectorRecord012B79CC@@3UTwoBitSelectorRecord@@A,0x012B79CC
?g_twoBitSelectorRecord012B79F4@@3UTwoBitSelectorRecord@@A,0x012B79F4
?g_twoBitSelectorRecord012B7A1C@@3UTwoBitSelectorRecord@@A,0x012B7A1C
?g_twoBitSelectorRecord012B7A44@@3UTwoBitSelectorRecord@@A,0x012B7A44
?g_twoBitSelectorRecord012B7A6C@@3UTwoBitSelectorRecord@@A,0x012B7A6C
?g_twoBitSelectorRecord012B7A94@@3UTwoBitSelectorRecord@@A,0x012B7A94
?g_twoBitSelectorRecord012B7ABC@@3UTwoBitSelectorRecord@@A,0x012B7ABC
?g_twoBitSelectorRecord012B7E70@@3UTwoBitSelectorRecord@@A,0x012B7E70
?g_twoBitSelectorRecord012B7E98@@3UTwoBitSelectorRecord@@A,0x012B7E98
?g_twoBitSelectorRecord012B7EC0@@3UTwoBitSelectorRecord@@A,0x012B7EC0
?g_twoBitSelectorRecord012B7EE8@@3UTwoBitSelectorRecord@@A,0x012B7EE8
?g_twoBitSelectorRecord012B829C@@3UTwoBitSelectorRecord@@A,0x012B829C
?g_twoBitSelectorRecord012B90B8@@3UTwoBitSelectorRecord@@A,0x012B90B8
?g_u1Empty@@3QBDB,0x0107388B
?g_u1False@@3QBDB,0x01092BB0
?g_u1True@@3QBDB,0x01092BD0
?g_u4Clock006038C0@@3PAVU4Clock006038C0@@A,0x012F1464
?g_u4FieldParse0060CD80@@3QBUFieldParse@@B,0x01115FA0
?g_u4Global006094C0@@3PAVU4Global006094C0@@A,0x012F706C
?g_u4Notify@@3PAVU4Notify@@A,0x012F10D0
?g_u4Sentinel@@3MB,0x01075350
?g_u4Separator@@3QBDB,0x0110FCA8
?g_u4Sink0060D3B0@@3PAVU4Sink0060D3B0@@A,0x012F0898
?g_u4Store0060CD80@@3PAUU4Store0060CD80@@A,0x012F706C
?g_unicode12F498C@@3VUnicodeString@@A,0x012F498C
?g_va012B87AC@@3VCoord3D@@A,0x012B87AC
?g_va012EF4CC@@3PAVRva0077B3F0Terrain@@A,0x012EF4CC
?g_va012F0888@@3PAVExperienceLevelSystem@@A,0x012F0888
?g_va012F0898@@3PAURva0077B3F0Logic@@A,0x012F0898
?g_va012F1028@@3PAVRva003968A0@@A,0x012F1028
?g_va012F1464@@3PAVRva0077B3F0Client@@A,0x012F1464
?g_va012F3330@@3PAVRva004891C0@@A,0x012F3330
?g_va012F4988@@3PAXA,0x012F4988
?g_va012F64BC@@3PAVRva0077B3F0Manager@@A,0x012F64BC
?g_va012F71B4@@3PAXA,0x012F71B4
?g_va012F8064@@3IA,0x012F8064
?g_value013379BC@@3PAVRva008C3F10Value@@A,0x013379BC
?g_value12A6F30@@3HA,0x012A6F30
?g_value12A6F34@@3HA,0x012A6F34
?g_value12A6F38@@3HA,0x012A6F38
?g_value12A6FA8@@3HA,0x012A6FA8
?g_value12A6FB0@@3HA,0x012A6FB0
?g_value12A6FB4@@3HA,0x012A6FB4
?g_value12A7040@@3HA,0x012A7040
?g_vector3Buffer@@3PAV?$ShareBufferClass@VVector3@@@@A,0x012F6DC8
?g_vector4Buffer@@3PAV?$ShareBufferClass@VVector4@@@@A,0x012F6DCC
?g_verifyClientCRC@@3_NA,0x012ED4E4
?g_voiceFieldParse@@3QBUFieldParse@@B,0x01093870
?g_w3dMouseCursorAnims@@3PAPAXA,0x012F8530
?g_w3dMouseCursorImages@@3PAPAXA,0x012F86C0
?g_w3dMouseCursorModels@@3PAPAXA,0x012F85F8
?g_w3dMouseCursorTextures@@3PAY0BF@PAVTextureClass@@A,0x012F8798
?g_w3dMouseD3DDevice@@3PAVD3DDeviceInterface@@A,0x01340534
?g_w3dMouseDrawTarget@@3PAVW3DMouseDrawInterface@@A,0x012F4C5C
?g_w3dMouseIsThread@@3_NA,0x012F8788
?g_w3dMouseThread@@3VMouseThreadClass@@A,0x012F9808
?g_w3dMouseThreadRunLock@@3EA,0x012F9800
?g_w3dStatusCircleNeedUpdate@@3_NA,0x012F9D8C
?g_waypointListHead@@3PAVWaypoint@@A,0x012EF4D0
?g_windGlobalA@FXParticleSystem@@3PAXA,0x012F7004
?g_windGlobalB@FXParticleSystem@@3PAXA,0x012B8E00
?g_worldMatrix@@3PAMA,0x0134108C
?g_xAICRC@@3_NA,0x012ED4E3
?g_xCollisionCRC@@3_NA,0x012ED4DE
?g_xObjectCRC@@3_NA,0x012ED4DC
?g_xPartitionCRC@@3_NA,0x012ED4DD
?g_xPlayerCRC@@3_NA,0x012ED4E2
?g_xShroudCRC@@3_NA,0x012ED4DF
?g_xTaintCRC@@3_NA,0x012ED4E0
?g_xTerrainLogicCRC@@3_NA,0x012ED4E1
?g_zero_012F4240@@3EA,0x012F4240
?g_zero_012F4244@@3HA,0x012F4244
?gameAcceptTooltip@@YAXPAVGameWindow@@PAVWinInstanceData@@I@Z,0x0043E6F8
?gameColor@@3HB,0x012BA0BC
?gameInProgressColor@@3HB,0x012BA0C0
?gameInfoWindowLayout@@3PAVWindowLayout@@A,0x012F3A90
?gameInfoWindowLayout@@3PAXA,0x012F3A90
?gameInfoWindowListBoxPlayers@@3PAVGameWindow@@A,0x012F3A64
?gameInfoWindowParent@@3PAVGameWindow@@A,0x012F3A58
?gameInfoWindowStaticTextGameName@@3PAVGameWindow@@A,0x012F3A5C
?gameInfoWindowStaticTextMapName@@3PAVGameWindow@@A,0x012F3A60
?gameStartedCallback@@YAXPAXIPBD0@Z,0x00A47100
?getFirstContain@@YAXPAVObject@@PAX@Z,0x006CE380
?getInfoResponseForRequest@@YAXPAVGPConnection@@PAUGPGetInfoResponseArg@@PAX@Z,0x00A3A910
?getInfoResponseForStatus@@YAXPAVGPConnection@@PAUGPGetInfoResponseArg@@PAX@Z,0x00A3A980
?getNickForMessage@@YAXPAVGPConnection@@PAUGPGetInfoResponseArg@@PAX@Z,0x00A3A8E0
?getRoomKeysCallback@@YAXPAXHW4RoomType@@PBDHPAPAD30@Z,0x004066EA
?global01337A04@@3PAXA,0x01337A04
?globalKeyChangedCallback@@YAXPAXPBD110@Z,0x00A4AC70
?global_align@@3HA,0x0135633C
?global_assignstruct@@3UAssignStruct@@A,0x01356480
?global_bitopstruct@@3UBitOpStruct@@A,0x01356360
?global_emfloatstruct@@3UEmFloatStruct@@A,0x01356560
?global_fourierstruct@@3UFourierStruct@@A,0x01356380
?global_huffstruct@@3UHuffStruct@@A,0x01356460
?global_ideastruct@@3UIDEAStruct@@A,0x01356340
?global_lustruct@@3ULUStruct@@A,0x013564E0
?global_min_ticks@@3KA,0x013562B0
?global_nnetstruct@@3UNNetStruct@@A,0x01356500
?global_numsortstruct@@3USortStruct@@A,0x013564C0
?global_strsortstruct@@3USortStruct@@A,0x013564A0
?gpNullValue@@3PAVAptValue@@A,0x013379BC
?gpUndefinedValue@@3PAVAptValue@@A,0x013379BC
?groupTable0@LZHLDecoderStat@@2PAUGroup@1@A,0x012C5628
?hemisphericalEmissionVelocityRegistryHead@FXParticleSystem@@3PAV?$ConcreteModuleClass@V?$ModuleTag@$03$E?HEMISPHERICAL_EMISSION_VELOCITY_MODULE_KEY@FXParticleSystem@@3QBDB$E?HEMISPHERICAL_EMISSION_VELOCITY_MODULE_NAME@2@3QBDBVHemisphericalEmissionVelocityModule@2@VHemisphericalEmissionVelocityModuleTemplate@2@V?$DefaultParticleModule@$03@2@V?$DefaultParticleModuleTemplate@$03@2@@FXParticleSystem@@@1@A,0x012F64F8
?hemisphericalEmissionVelocitySourceAt4@FXParticleSystem@@3PAPAXA,0x012F6D44
?hemisphericalEmissionVelocitySourceAt8@FXParticleSystem@@3PAPAXA,0x012F6D40
?hemisphericalEmissionVelocityVtable@FXParticleSystem@@3PAPAXA,0x01110EF4
?heroVetUpgrade@BfmeAptScreenScoreScreen@@QAEXHPAD_N@Z,0x00407C25
?hiliteDownButtonDrawData@@3PAUWinDrawData@@A,0x012F1E68
?hiliteDropDownButtonDrawData@@3PAUWinDrawData@@A,0x012F23A8
?hiliteEditBoxDrawData@@3PAUWinDrawData@@A,0x012F2258
?hiliteListBoxDrawData@@3PAUWinDrawData@@A,0x012F2108
?hiliteSliderDrawData@@3PAUWinDrawData@@A,0x012F1D18
?hiliteSliderThumbDrawData@@3PAUWinDrawData@@A,0x012F1BC8
?hiliteUpButtonDrawData@@3PAUWinDrawData@@A,0x012F1FB8
?id@?$codecvt@DDH@_STL@@2V0locale@2@A,0x012C7434
?id@?$codecvt@GDH@_STL@@2V0locale@2@A,0x012C7438
?id@?$ctype@D@_STL@@2V0locale@2@A,0x012C7430
?id@?$ctype@G@_STL@@2V0locale@2@A,0x012C7450
?id@?$num_put@DV?$ostreambuf_iterator@DV?$char_traits@D@_STL@@@_STL@@@_STL@@2V0locale@2@A,0x012F64E4
?id@?$numpunct@D@_STL@@2V0locale@2@A,0x012C7444
?id@?$numpunct@G@_STL@@2V0locale@2@A,0x012C745C
?ignoreCRCMismatches@@3_NA,0x012ED4E8
?ignoredChars@@3PAGA,0x012B54F0
?in_pats@@3PAY0CD@NA,0x01353E40
?indexLockRva0083F090@@3JC,0x0130BD20
?index_buffer_changes@DX8Wrapper@@0IA,0x01340558
?index_buffer_changes@DX8Wrapper@@1IA,0x01340558
?iniParseAnim@Rva00268340Contain@@SAXPAVINI@@PAX1PBX@Z,0x0040AC09
?iniParseObjectFilter@@YAXPAVINI@@PAX1PBX@Z,0x00439865
?initBlocksRva009B3E40@@YAXPAX@Z,0x00DB3E40
?initBlocksRva009B3EC0@@YAXPAX@Z,0x00DB3EC0
?initPattern@@YAXPAURva009C2930Owner@@I@Z,0x00DC2930
?initialAcceptEnable@@3_NA,0x012F4534
?isPopulatingLadderBox@@3_NA,0x012F3F34
?isShuttingDown@@3_NC,0x012F4800
?isThreadHosting@@3HA,0x012F73D8
?is_init@?1??Get@SysTimeClass@@QAEKXZ@4_NA,0x0134DCBC
?iterRel001DCF20@@YAXPAVObject@@PAX@Z,0x005DCF20
?iteration_count@@3HA,0x01354940
?j_00001140@@YAXXZ,0x00401140
?j_00001df2@@YAXXZ,0x00401DF2
?j_00002900@@YAXXZ,0x00402900
?j_00002e0f@@YAXXZ,0x00402E0F
?j_00003fa8@@YAXXZ,0x00403FA8
?j_00004782@@YAXXZ,0x00404782
?j_00004c2d@@YAXXZ,0x00404C2D
?j_00005a79@@YAXXZ,0x00405A79
?j_00006d20@@YAXXZ,0x00406D20
?j_000074f0@@YAXXZ,0x004074F0
?j_00007d0b@@YAXXZ,0x00407D0B
?j_00007f2c@@YAXXZ,0x00407F2C
?j_00008ca6@@YAXXZ,0x00408CA6
?j_00008f71@@YAXXZ,0x00408F71
?j_00009197@@YAXXZ,0x00409197
?j_00009a84@@YAXXZ,0x00409A84
?j_00009ed0@@YAXXZ,0x00409ED0
?j_0000a588@@YAXXZ,0x0040A588
?j_0000a58d@@YAXXZ,0x0040A58D
?j_0000a79f@@YAXXZ,0x0040A79F
?j_0000c55e@@YAXXZ,0x0040C55E
?j_0000c824@@YAXXZ,0x0040C824
?j_0000cadb@@YAXXZ,0x0040CADB
?j_0000ccca@@YAXXZ,0x0040CCCA
?j_0000cd5b@@YAXXZ,0x0040CD5B
?j_0000d314@@YAXXZ,0x0040D314
?j_0000d409@@YAXXZ,0x0040D409
?j_0000d69d@@YAXXZ,0x0040D69D
?j_0000fd8f@@YAXXZ,0x0040FD8F
?j_00010221@@YAXXZ,0x00410221
?j_00010280@@YAXXZ,0x00410280
?j_00010924@@YAXXZ,0x00410924
?j_000115e0@@YAXXZ,0x004115E0
?j_00011f54@@YAXXZ,0x00411F54
?j_00012544@@YAXXZ,0x00412544
?j_0001290e@@YAXXZ,0x0041290E
?j_00014231@@YAXXZ,0x00414231
?j_00014ab5@@YAXXZ,0x00414AB5
?j_00014d67@@YAXXZ,0x00414D67
?j_00015357@@YAXXZ,0x00415357
?j_00015389@@YAXXZ,0x00415389
?j_000155a5@@YAXXZ,0x004155A5
?j_00017094@@YAXXZ,0x00417094
?j_00017391@@YAXPAX@Z,0x00417391
?j_000183f4@@YAXXZ,0x004183F4
?j_000189c6@@YAXXZ,0x004189C6
?j_00018c00@@YAXXZ,0x00418C00
?j_00018dd1@@YAXXZ,0x00418DD1
?j_00019d3f@@YAXXZ,0x00419D3F
?j_0001a0c3@@YAXXZ,0x0041A0C3
?j_0001a578@@YAXXZ,0x0041A578
?j_0001acee@@YAXXZ,0x0041ACEE
?j_0001b40a@@YAXXZ,0x0041B40A
?j_0001bba8@@YAXXZ,0x0041BBA8
?j_0001bbbc@@YAXXZ,0x0041BBBC
?j_0001c1a7@@YAXXZ,0x0041C1A7
?j_0001ce63@@YAXXZ,0x0041CE63
?j_0001d8a4@@YAXXZ,0x0041D8A4
?j_0001da4d@@YAXXZ,0x0041DA4D
?j_0001ff14@@YAXXZ,0x0041FF14
?j_00021355@@YAXXZ,0x00421355
?j_00021aad@@YAXXZ,0x00421AAD
?j_00021c51@@YAXXZ,0x00421C51
?j_0002263d@@YAXXZ,0x0042263D
?j_00022c78@@YAXXZ,0x00422C78
?j_0002332b@@YAXXZ,0x0042332B
?j_0002336c@@YAXXZ,0x0042336C
?j_00023f6a@@YAXXZ,0x00423F6A
?j_000241e5@@YAXXZ,0x004241E5
?j_00025b08@@YAXXZ,0x00425B08
?j_00025c75@@YAXXZ,0x00425C75
?j_00026111@@YAXXZ,0x00426111
?j_00028cb3@@YAXXZ,0x00428CB3
?j_00029bfe@@YAXPAX@Z,0x00429BFE
?j_00029f28@@YAXXZ,0x00429F28
?j_0002b33c@@YAXXZ,0x0042B33C
?j_0002ba1c@@YAXXZ,0x0042BA1C
?j_0002bcbf@@YAXXZ,0x0042BCBF
?j_0002cbc9@@YAXXZ,0x0042CBC9
?j_0002cd59@@YAXXZ,0x0042CD59
?j_0002cf84@@YAXXZ,0x0042CF84
?j_0002d2bd@@YAXXZ,0x0042D2BD
?j_0002d614@@YAXXZ,0x0042D614
?j_0002e479@@YAXXZ,0x0042E479
?j_0002f24d@@YAXXZ,0x0042F24D
?j_000303f5@@YAXXZ,0x004303F5
?j_00030477@@YAXXZ,0x00430477
?j_000304bd@@YAXXZ,0x004304BD
?j_00031061@@YAXXZ,0x00431061
?j_00031818@@YAXXZ,0x00431818
?j_00031ceb@@YAXXZ,0x00431CEB
?j_00032213@@YAXXZ,0x00432213
?j_00032768@@YAXXZ,0x00432768
?j_000330be@@YAXXZ,0x004330BE
?j_0003429d@@YAXXZ,0x0043429D
?j_000344b4@@YAXXZ,0x004344B4
?j_000352ab@@YAXXZ,0x004352AB
?j_000355fd@@YAXXZ,0x004355FD
?j_00035f5d@@YAXXZ,0x00435F5D
?j_000376f5@@YAXXZ,0x004376F5
?j_000384c9@@YAXXZ,0x004384C9
?j_000395a9@@YAXXZ,0x004395A9
?j_00039bf3@@YAXXZ,0x00439BF3
?j_0003a13e@@YAXXZ,0x0043A13E
?j_0003a562@@YAXXZ,0x0043A562
?j_0003a779@@YAXXZ,0x0043A779
?j_0003b683@@YAXXZ,0x0043B683
?j_0003c3ad@@YAXXZ,0x0043C3AD
?j_0003c53d@@YAXXZ,0x0043C53D
?j_0003c547@@YAXXZ,0x0043C547
?j_0003d1fe@@YAXXZ,0x0043D1FE
?j_0003d4bf@@YAXXZ,0x0043D4BF
?j_0003d811@@YAXXZ,0x0043D811
?j_00040d90@@YAXXZ,0x00440D90
?j_0004253c@@YAXXZ,0x0044253C
?j_00043734@@YAXXZ,0x00443734
?j_00043806@@YAXXZ,0x00443806
?j_00046402@@YAXXZ,0x00446402
?j_00047e33@@YAXXZ,0x00447E33
?j_000480b3@@YAXXZ,0x004480B3
?j_000489a0@@YAXXZ,0x004489A0
?j_00048f22@@YAXXZ,0x00448F22
?j_0004aae8@@YAXXZ,0x0044AAE8
?joinRoomCallback@@YAXPAXHW4PEERJoinResult@@W4RoomType@@0@Z,0x00A4ECC0
?jpeg_fdct_float@D3DX@@YGXPAM@Z,0x00ED3D80
?jpeg_fdct_ifast@D3DX@@YGXPAF@Z,0x00ED3FB0
?jpeg_fdct_islow@D3DX@@YGXPAF@Z,0x00ED4210
?jpeg_idct_1x1@D3DX@@YGXPAUjpeg_decompress_struct@1@PAUjpeg_component_info@1@PAFPAPAEI@Z,0x00ED3BF0
?jpeg_idct_2x2@D3DX@@YGXPAUjpeg_decompress_struct@1@PAUjpeg_component_info@1@PAFPAPAEI@Z,0x00ED3A20
?jpeg_idct_4x4@D3DX@@YGXPAUjpeg_decompress_struct@1@PAUjpeg_component_info@1@PAFPAPAEI@Z,0x00ED3360
?jpeg_idct_float@D3DX@@YGXPAUjpeg_decompress_struct@1@PAUjpeg_component_info@1@PAFPAPAEI@Z,0x00ECFF40
?jpeg_idct_ifast@D3DX@@YGXPAUjpeg_decompress_struct@1@PAUjpeg_component_info@1@PAFPAPAEI@Z,0x00ED1050
?jpeg_idct_islow@D3DX@@YGXPAUjpeg_decompress_struct@1@PAUjpeg_component_info@1@PAFPAPAEI@Z,0x00ED1AA0
?jpeg_idct_islow_mmx@D3DX@@YGXPAUjpeg_decompress_struct@1@PAUjpeg_component_info@1@PAFPAPAEI@Z,0x00ED3310
?jpeg_idct_islow_x86@D3DX@@YGXPAUjpeg_decompress_struct@1@PAUjpeg_component_info@1@PAFPAPAEI@Z,0x00ED2C00
?jpeg_natural_order@D3DX@@3QBHB,0x01158D98
?jpeg_resync_to_restart@D3DX@@YGHPAUjpeg_decompress_struct@1@H@Z,0x00E61390
?kRva012D8F20@@3QBGB,0x012D8F20
?kRva012D8F40@@3QBGB,0x012D8F40
?key013384F4@@3HA,0x013384F4
?key013384F8@@3HA,0x013384F8
?key01338514@@3HA,0x01338514
?key01338518@@3HA,0x01338518
?key01338568@@3HA,0x01338568
?key0133856C@@3HA,0x0133856C
?key01338668@@3HA,0x01338668
?key01338670@@3HA,0x01338670
?key01338734@@3PADA,0x01338734
?key01338738@@3PADA,0x01338738
?key01338740@@3PADA,0x01338740
?key01338744@@3PADA,0x01338744
?lastNotificationWasStatus@@3_NA,0x012F4240
?lastSlotlistTime@@3IA,0x012F452C
?last_frame_draw_calls@Debug_Statistics@@3HA,0x01346E50
?last_frame_dx8_polygons@Debug_Statistics@@3HA,0x01346E04
?last_frame_dx8_renders@Debug_Statistics@@3HA,0x01346E40
?last_frame_dx8_skin_polygons@Debug_Statistics@@3HA,0x01346E20
?last_frame_dx8_skin_renders@Debug_Statistics@@3HA,0x01346E5C
?last_frame_dx8_skin_vertices@Debug_Statistics@@3HA,0x01346E00
?last_frame_dx8_vertices@Debug_Statistics@@3HA,0x01346E2C
?last_frame_sorting_polygons@Debug_Statistics@@3HA,0x01346DFC
?last_frame_sorting_vertices@Debug_Statistics@@3HA,0x01346E50
?learned@@3HA,0x01354930
?lifeEventRegistryHead@FXParticleSystem@@3PAV?$ConcreteModuleClass@V?$ModuleTag@$07$E?LIFE_EVENT_MODULE_KEY@FXParticleSystem@@3QBDB$E?LIFE_EVENT_MODULE_NAME@2@3QBDBVLifeEventModule@2@VLifeEventModuleTemplate@2@VParticleLifeEventModule@2@VParticleLifeEventModuleTemplate@2@@FXParticleSystem@@@1@A,0x012F6508
?lifeEventSourceAt4@FXParticleSystem@@3PAPAXA,0x012F6D1C
?lifeEventSourceAt8@FXParticleSystem@@3PAPAXA,0x012F6D18
?lifeEventVtable@FXParticleSystem@@3PAPAXA,0x011113E8
?light_changes@DX8Wrapper@@0IA,0x0134055C
?light_changes@DX8Wrapper@@1IA,0x0134055C
?lightningDrawRegistryHead@FXParticleSystem@@3PAV?$ConcreteModuleClass@V?$ModuleTag@$05$E?LIGHTNING_DRAW_MODULE_KEY@FXParticleSystem@@3QBDB$E?LIGHTNING_DRAW_MODULE_NAME@2@3QBDBVLightningDrawModule@2@VLightningDrawModuleTemplate@2@V?$DefaultParticleModule@$05@2@V?$DefaultParticleModuleTemplate@$05@2@@FXParticleSystem@@@1@A,0x012F6500
?lightningDrawSourceAt4@FXParticleSystem@@3PAPAXA,0x012F6CC4
?lightningDrawSourceAt8@FXParticleSystem@@3PAPAXA,0x012F6CC0
?lightningDrawVtable@FXParticleSystem@@3PAPAXA,0x01110DE8
?lightningEmissionRegistryHead@FXParticleSystem@@3PAV?$ConcreteModuleClass@V?$ModuleTag@$04$E?LIGHTNING_EMISSION_MODULE_KEY@FXParticleSystem@@3QBDB$E?LIGHTNING_EMISSION_MODULE_NAME@2@3QBDBVLightningEmissionModule@2@VLightningEmissionModuleTemplate@2@V?$DefaultParticleModule@$04@2@V?$DefaultParticleModuleTemplate@$04@2@@FXParticleSystem@@@1@A,0x012F64FC
?lightningEmissionSourceAt4@FXParticleSystem@@3PAPAXA,0x012F6D84
?lightningEmissionSourceAt8@FXParticleSystem@@3PAPAXA,0x012F6D80
?lightningEmissionVtable@FXParticleSystem@@3PAPAXA,0x01110F48
?lineEmissionVolumeRegistryHead@FXParticleSystem@@3PAV?$ConcreteModuleClass@V?$ModuleTag@$04$E?LINE_EMISSION_VOLUME_MODULE_KEY@FXParticleSystem@@3QBDB$E?LINE_EMISSION_VOLUME_MODULE_NAME@2@3QBDBVLineEmissionVolumeModule@2@VLineEmissionVolumeModuleTemplate@2@V?$DefaultParticleModule@$04@2@V?$DefaultParticleModuleTemplate@$04@2@@FXParticleSystem@@@1@A,0x012F64FC
?lineEmissionVolumeSourceAt4@FXParticleSystem@@3PAPAXA,0x012F6D64
?lineEmissionVolumeSourceAt8@FXParticleSystem@@3PAPAXA,0x012F6D60
?lineEmissionVolumeVtable@FXParticleSystem@@3PAPAXA,0x01110F18
?listboxChatWindow@@3PAVGameWindow@@A,0x012F3DB8
?listboxChatWindowID@@3W4NameKeyType@@A,0x012F3D84
?listboxChatWindowLanGame@@3PAVGameWindow@@A,0x012F3C20
?listboxChatWindowLanGameID@@3W4NameKeyType@@A,0x012F3BFC
?listboxChatWindowScoreScreen@@3PAVGameWindow@@A,0x012F417C
?listboxGameSetupChat@@3PAVGameWindow@@A,0x012F4520
?listboxGameSetupChatID@@3W4NameKeyType@@A,0x012F4524
?listboxGames@@3PAVGameWindow@@A,0x012F3DC0
?listboxGamesID@@3W4NameKeyType@@A,0x012F3D88
?listboxGamesKey@PopupReplayState@@3W4NameKeyType@@A,0x012F4054
?listboxIgnore@@3PAVGameWindow@@A,0x012F422C
?listboxIgnoreID@@3HA,0x012F41F0
?listboxLobbyGamesLarge@@3PAVGameWindow@@A,0x012F7138
?listboxLobbyPlayers@@3PAVGameWindow@@A,0x012F4624
?listingGamesCallback@@YAXPAXHPBDPAU_SBServer@@HHH0@Z,0x00A4B6B0
?localApplyBattlePlanBonusesToObject@@YAXPAVObject@@PAX@Z,0x004D5A40
?localIP@@3IA,0x012F7508
?lookAtPlayerID@@3HA,0x012F4018
?lookAtPlayerName@@3V?$basic_string@DV?$char_traits@D@_STL@@V?$allocator@D@2@@_STL@@A,0x012F4024
?m_2DScene@W3DDisplay@@2PAVRTS2DScene@@A,0x012F805C
?m_3DInterfaceScene@W3DDisplay@@2PAVRTS3DInterfaceScene@@A,0x012F8060
?m_3DScene@W3DDisplay@@2PAVBFME3DScene@@A,0x012F8058
?m_3DScene@W3DDisplay@@2PAVRTS3DScene@@A,0x012F8058
?m_3DScene@W3DDisplay@@2PAVSceneClass@@A,0x012F8058
?m_EmptyString@StringClass@@0PADA,0x012D9124
?m_EmptyString@StringClass@@2PADA,0x012D9124
?m_EmptyString@WideStringClass@@0PAGA,0x012D9DD8
?m_FreeTempPtr@WideStringClass@@0PAPAGA,0x012D9DDC
?m_Mutex@StringClass@@0VFastCriticalSectionClass@@A,0x0134ECD0
?m_NullChar@StringClass@@0DA,0x0134ECC8
?m_NullChar@StringClass@@2DA,0x0134ECC8
?m_ResTempPtr@WideStringClass@@0PAPAGA,0x0134F640
?m_TempMutex@WideStringClass@@0VFastCriticalSectionClass@@A,0x0134F650
?m_TempStrings@StringClass@@0PADA,0x0134DCC8
?m_UsedTempStringCount@WideStringClass@@0HA,0x0134F638
?m_alphaTiles@WorldHeightMap@@1PAPAVTileData@@A,0x01301E30
?m_bInitFailed@CAtlBaseModule@ATL@@2_NA,0x0130A440
?m_campaignFieldParseTable@CampaignManager@@2QBUFieldParse@@B,0x0110F590
?m_colorFieldParseTable@MultiplayerColorDefinition@@2QBUFieldParse@@B,0x0107F6D8
?m_commandButtonFieldParseTable@CommandButton@@2QBUFieldParse@@B,0x010FA3B8
?m_commandSetFieldParseTable@CommandSet@@2QBUFieldParse@@B,0x010FB5E0
?m_connectionPairs@NAT@@0PAY167HA,0x012B9868
?m_connectionPairs@NAT@@1PAY167HA,0x012B9868
?m_containData@ControlBar@@1PAUContainEntry@@A,0x012F3448
?m_containData@ControlBar@@2PAUContainEntry@@A,0x012F3448
?m_controlBarSchemeFieldParseTable@ControlBarSchemeManager@@2QBUFieldParse@@B,0x010FC430
?m_creditsFieldParseTable@CreditsManager@@2QBUFieldParse@@B,0x010F0B78
?m_curFadeFrame@Rva007D1020ScreenBWFilter@@1HA,0x013071B4
?m_curFadeFrame@ScreenBWFilter@@1HA,0x013071B4
?m_curFadeFrame@ScreenCrossFadeFilter@@1HA,0x0130720C
?m_curFadeFrame@ScreenCrossFadeFilterUpdateFadeLevelShim@@0HA,0x0130720C
?m_curFadeFrame@ScreenCrossFadeFilterUpdateFadeLevelShim@@2HA,0x0130720C
?m_curFadeValue@Rva007D1020ScreenBWFilter@@1MA,0x013071A8
?m_curFadeValue@ScreenCrossFadeFilterUpdateFadeLevelShim@@0MA,0x01307200
?m_curFadeValue@ScreenCrossFadeFilterUpdateFadeLevelShim@@2MA,0x01307200
?m_currentChipset@W3DShaderManager@@1W4ChipsetType@@A,0x012F9CF8
?m_currentFilter@W3DShaderManager@@1HA,0x012F9CFC
?m_currentFilter@W3DShaderManager@@1W4FilterTypes@@A,0x012F9CFC
?m_currentShader@W3DShaderManager@@1HA,0x012F9CF4
?m_currentShader@W3DShaderManager@@1W4ShaderTypes@1@A,0x012F9CF4
?m_currentShaderPass@W3DShaderManager@@1HA,0x012F9C38
?m_diffuse@W3DStatusCircle@@1HA,0x012BAFF0
?m_fadeDirection@Rva007D1020ScreenBWFilter@@1HA,0x013071AC
?m_fadeDirection@ScreenBWFilter@@1HA,0x013071AC
?m_fadeDirection@ScreenCrossFadeFilter@@1HA,0x01307204
?m_fadeDirection@ScreenCrossFadeFilterUpdateFadeLevelShim@@0HA,0x01307204
?m_fadeFrames@Rva007D1020ScreenBWFilter@@1HA,0x013071B0
?m_fadeFrames@ScreenBWFilter@@1HA,0x013071B0
?m_fadeFrames@ScreenCrossFadeFilter@@1HA,0x01307208
?m_fadeFrames@ScreenCrossFadeFilterUpdateFadeLevelShim@@0HA,0x01307208
?m_fieldParseTable@AnimationSoundClientBehaviorGlobalSetting@@2QBUFieldParse@@B,0x010F03E8
?m_fieldParseTable@BannerType@@2QBUFieldParse@@B,0x0110B898
?m_fieldParseTable@BannerUI@@2QBUFieldParse@@B,0x0110B984
?m_fieldParseTable@BfmeArmyIcon@@2QBUFieldParse@@B,0x01115DC8
?m_fieldParseTable@CloudBreakEffect@@2QBUFieldParse@@B,0x010F0620
?m_fieldParseTable@CloudEffect@@2QBUFieldParse@@B,0x010F0690
?m_fieldParseTable@DebugCommandMapEntry@@2QBUFieldParse@@B,0x0110E570
?m_fieldParseTable@EmotionNugget@@2QBUFieldParse@@B,0x010EA6A8
?m_fieldParseTable@ExperienceScalarTable@@2QBUFieldParse@@B,0x010EA91C
?m_fieldParseTable@FireEffect@@2QBUFieldParse@@B,0x010F1808
?m_fieldParseTable@GlowEffect@@2QBUFieldParse@@B,0x010F1698
?m_fieldParseTable@HouseColorSystem@@2QBUFieldParse@@B,0x010EBD84
?m_fieldParseTable@LargeGroupAudioUnusedKnownKeys@@2QBUFieldParse@@B,0x010EE0C4
?m_fieldParseTable@LivingWorldAnimObject@@2QBUFieldParse@@B,0x01115B60
?m_fieldParseTable@LivingWorldCampaign@@2QBUFieldParse@@B,0x010EC7CC
?m_fieldParseTable@LivingWorldMapInfo@@2QBUFieldParse@@B,0x01116000
?m_fieldParseTable@LivingWorldPlayerArmy@@2QBUFieldParse@@B,0x010E90A8
?m_fieldParseTable@MiscAudio@@2QBUFieldParse@@B,0x01083310
?m_fieldParseTable@MiscEvaData@@2QBUFieldParse@@B,0x010F1E48
?m_fieldParseTable@RingEffect@@2QBUFieldParse@@B,0x010F1748
?m_fieldParseTable@SkyboxTextureSet@@2QBUFieldParse@@B,0x010F1638
?m_fieldParseTable@Template@@2QBUFieldParse@@B,0x010E7470
?m_fieldParseTable@WeatherData@@2QBUFieldParse@@B,0x010EBC2C
?m_freeSmudgeList@SmudgeSet@@0V?$DLListClass@USmudge@@@@A,0x012B8B2C
?m_gridWaterHandle@TerrainLogic@@1VWaterHandle@@A,0x012EF4D4
?m_idCounter@TerrainRoadCollection@@1IA,0x012F700C
?m_idNext@View@@0IA,0x012B5778
?m_keepaliveInterval@NAT@@1JA,0x012B9E94
?m_manglerRetryTimeInterval@NAT@@1JA,0x012B9E8C
?m_mapFieldParseTable@MapMetaDataReader@@2QBUFieldParse@@B,0x01082F58
?m_maxAllowedManglerRetries@NAT@@1HA,0x012B9E90
?m_multiplayerSettingsFieldParseTable@MultiplayerSettings@@2QBUFieldParse@@B,0x0107F718
?m_needUpdate@W3DStatusCircle@@1_NA,0x012F9D8C
?m_newRenderSurface@W3DShaderManager@@1PAUIDirect3DSurface8@@A,0x012F9D0C
?m_oldDepthSurface@W3DShaderManager@@1PAUIDirect3DSurface8@@A,0x012F9D10
?m_oldRenderSurface@W3DShaderManager@@1PAUIDirect3DSurface8@@A,0x012F9D04
?m_playerNameControlNames@EstablishConnectionsMenu@@1PAPADA,0x012B66F8
?m_playerStatusControlNames@EstablishConnectionsMenu@@1PAPADA,0x012B6718
?m_rankEliteIcon@ControlBar@@1PBVImage@@B,0x012F3400
?m_rankHeroicIcon@ControlBar@@1PBVImage@@B,0x012F3404
?m_rankVeteranIcon@ControlBar@@1PBVImage@@B,0x012F33FC
?m_renderTexture@W3DShaderManager@@1PAUIDirect3DTexture8@@A,0x012F9D08
?m_renderingToTexture@W3DShaderManager@@1_NA,0x012F9D00
?m_renderingToTexture@W3DShaderManager@@2_NA,0x012F9D00
?m_replayWindow@@3PAVGameWindow@@A,0x012F1490
?m_resource012F9D14@W3DShaderManager@@1PAUShaderComResource@@A,0x012F9D14
?m_resource012F9D18@W3DShaderManager@@1PAUShaderComResource@@A,0x012F9D18
?m_resource012F9D24@W3DShaderManager@@1PAUShaderComResource@@A,0x012F9D24
?m_shellMenuSchemeFieldParseTable@BfmeShellMenuSchemeManager@@2QBUFieldParse@@B,0x0110B5F0
?m_skipRender@ScreenCrossFadeFilter@@1_NA,0x01307210
?m_sourcePortPool@FirewallHelperClass@@0HA,0x012B9814
?m_specialPowerFieldParse@SpecialPowerTemplate@@0QBUFieldParse@@B,0x012A8FA0
?m_terrainRoadFieldParseTable@TerrainRoadType@@2QBUFieldParse@@B,0x01114BB0
?m_terrainTypeFieldParseTable@TerrainType@@2QBUFieldParse@@B,0x01080BF8
?m_theOriginal@GlobalData@@0PAV1@A,0x012ED5CC
?m_timeBetweenRetries@NAT@@0HA,0x012B9E88
?m_timeBetweenRetries@NAT@@1HA,0x012B9E88
?m_timeForRoundTimeout@NAT@@1JA,0x012B9E9C
?m_timeToWaitForPort@NAT@@0HA,0x012B9E98
?m_gameWindowTransitionsFieldParseTable@GameWindowTransitionsHandler@@2QBUFieldParse@@B,0x010F95A4
?m_upgradeFieldParseTable@UpgradeTemplate@@1QBUFieldParse@@B,0x01088B60
?m_vertexBuffer012F9D1C@W3DShaderManager@@1PAVShaderVertexBuffer@@A,0x012F9D1C
?m_waterSettingFieldParseTable@WaterSetting@@2QBUFieldParse@@B,0x010F6C00
?m_waterTransparencySettingFieldParseTable@WaterTransparencySetting@@2QBUFieldParse@@B,0x010F6CD0
?m_weatherSettingFieldParseTable@WeatherSetting@@2QBUFieldParse@@B,0x010F6540
?m_zoomToPos@ScreenMotionBlurFilter@@1UCoord3D@@A,0x01307318
?m_zoomToValid@ScreenMotionBlurFilter@@1_NA,0x013072F8
?mapListTooltipFunc@@YAXPAVGameWindow@@PAVWinInstanceData@@I@Z,0x00924730
?mapSelectLayout@@3PAVWindowLayout@@A,0x012F3CE4
?material_changes@DX8Wrapper@@1IA,0x01340550
?matrix_changes@DX8Wrapper@@0IA,0x0134054C
?matrix_changes@DX8Wrapper@@1IA,0x0134054C
?matrix_changes@DX8Wrapper@@2IA,0x0134054C
?mem_array@@3PAY0BE@KA,0x013563A0
?mem_array_ents@@3HA,0x01356440
?messageBoxHidden@Gen00522E00@@QAEXH@Z,0x00444198
?messageBoxHiding@Gen00522E00@@QAEXH@Z,0x0042C381
?messageBoxShowing@Gen00522E00@@QAEXH@Z,0x00438465
?messageBoxShown@Gen00522E00@@QAEXH@Z,0x0042924E
?messageBoxWin@PopupReplayState@@3PAVGameWindow@@A,0x012F4068
?messageBoxYes@@YAXXZ,0x008D9010
?mid_error@@3PANA,0x013549A0
?mid_out@@3PANA,0x01354960
?mid_wt_change@@3PAY0CD@NA,0x01353520
?mid_wt_cum_change@@3PAY0CD@NA,0x01354E60
?mid_wts@@3PAY0CD@NA,0x013559A0
?mustDownloadPatch@@3EA,0x012F716C
?myFieldParse@?1??parse@FireWeaponNugget@@SAXPAVINI@@PAX1PBX@Z@4QBUFieldParse@@B,0x0109F604
?nShadowIndicesInBuf@@3HA,0x01306F2C
?nShadowStartBatchIndex@@3HA,0x01306F30
?nShadowStartBatchVertex@@3HA,0x01306F28
?nShadowVertsInBuf@@3HA,0x01306F24
?names1CB730@@3PAPBDA,0x012A8D40
?nextIndexRva0083F090@@3HA,0x0130BD1C
?nickErrorCallbackWrapper@@YAXPAXHPBD0@Z,0x00429401
?nk@?1??getModuleNameKey@BoneFXUpdate@@UBE?AW4NameKeyType@@XZ@4W43@A,0x012EFEC8
?nk@?1??getModuleNameKey@BridgeScaffoldBehavior@@UBE?AW4NameKeyType@@XZ@4W43@A,0x012EF77C
?nk@?1??getModuleNameKey@CashHackSpecialPower@@UBE?AW4NameKeyType@@XZ@4W43@A,0x012EFC54
?nk@?1??getModuleNameKey@FiringTracker@@UBE?AW4NameKeyType@@XZ@4W43@A,0x012EF4F4
?nk@?1??getModuleNameKey@OCLUpdate@@UBE?AW4NameKeyType@@XZ@4W43@A,0x012EFFC8
?nk@?1??getModuleNameKey@ObjectDefectionHelper@@UBE?AW4NameKeyType@@XZ@4W43@A,0x012EF534
?nk@?1??getModuleNameKey@ObjectRepulsorHelper@@UBE?AW4NameKeyType@@XZ@4W43@A,0x012EF544
?nk@?1??getModuleNameKey@ObjectSMCHelper@@UBE?AW4NameKeyType@@XZ@4W43@A,0x012EF56C
?nk@?1??getModuleNameKey@ObjectWeaponStatusHelper@@UBE?AW4NameKeyType@@XZ@4W43@A,0x012EF54C
?nk@?1??getModuleNameKey@PhysicsBehavior@@UBE?AW4NameKeyType@@XZ@4W43@A,0x012EFFF0
?nk@?1??getModuleNameKey@SlowDeathBehavior@@UBE?AW4NameKeyType@@XZ@4W43@A,0x012EF87C
?nk@?1??getModuleNameKey@SpecialPowerModule@@UBE?AW4NameKeyType@@XZ@4W43@A,0x012EFD50
?nk@?1??getModuleNameKey@StructureCollapseUpdate@@UBE?AW4NameKeyType@@XZ@4W43@A,0x012F01E8
?nk@?1??getModuleNameKey@StructureToppleUpdate@@UBE?AW4NameKeyType@@XZ@4W43@A,0x012F01F8
?nk@?1??getModuleNameKey@SwayClientUpdate@@UBE?AW4NameKeyType@@XZ@4W43@A,0x012F7030
?nk@?1??getModuleNameKey@ToppleUpdate@@UBE?AW4NameKeyType@@XZ@4W43@A,0x012F0210
?nk@?1??getModuleNameKey@W3DDebrisDraw@@UBE?AW4NameKeyType@@XZ@4W43@A,0x01304B44
?nk@?1??getModuleNameKey@W3DDefaultDraw@@UBE?AW4NameKeyType@@XZ@4W43@A,0x01304B4C
?nk@?1??getModuleNameKey@W3DLaserDraw@@UBE?AW4NameKeyType@@XZ@4W43@A,0x01304BB0
?nk@?1??getModuleNameKey@W3DRopeDraw@@UBE?AW4NameKeyType@@XZ@4W43@A,0x01304BD8
?nk@?1??getModuleNameKey@W3DSupplyDraw@@UBE?AW4NameKeyType@@XZ@4W43@A,0x013068F4
?nk@?1??getModuleNameKey@W3DTankDraw@@UBE?AW4NameKeyType@@XZ@4W43@A,0x013068FC
?nk@?1??getModuleNameKey@W3DTreeDraw@@UBE?AW4NameKeyType@@XZ@4W43@A,0x01306904
?nk@?1??getModuleNameKey@W3DTruckDraw@@UBE?AW4NameKeyType@@XZ@4W43@A,0x0130690C
?noPatchBeforeOnlineCallback@@YAXXZ,0x00A2E8B0
?nullChar@?1??str@UnicodeString@@QBEPBGXZ@4GB,0x0107388C
?nullCharacter@?1??str@?$StringBase@D@@ABEPBDXZ@4DB,0x0107388B
?nullCharacter@?1??str@AsciiString@@QBEPBDXZ@4DB,0x0107388B
?nullCharacter@?1??str@BFMERetailAsciiString@@QBEPBDXZ@4DB,0x0107388B
?numOnlineInNotification@@3HA,0x012F4244
?number_of_DX8_calls@@3IA,0x01340594
?numpasses@@3HA,0x01354934
?numpats@@3HA,0x01354BE0
?onlineCancelFlag@@3EA,0x012F7178
?orthoEmissionVelocityCurrentInstance@FXParticleSystem@@3PAV?$ConcreteModuleClass@UOrthoEmissionVelocityModuleTag@FXParticleSystem@@@1@A,0x012F64D4
?orthoEmissionVelocityRegistryHead@FXParticleSystem@@3PAV?$ConcreteModuleClass@UOrthoEmissionVelocityModuleTag@FXParticleSystem@@@1@A,0x012F64F8
?orthoEmissionVelocitySourceAt4@FXParticleSystem@@3PAPAXA,0x012F6D30
?orthoEmissionVelocitySourceAt8@FXParticleSystem@@3PAPAXA,0x012F6D34
?orthoEmissionVelocityVtable@FXParticleSystem@@3PAPAXA,0x011113F4
?out_error@@3PANA,0x01352940
?out_out@@3PANA,0x01353E00
?out_pats@@3PAY07NA,0x01355720
?out_wt_change@@3PAY07NA,0x01354C00
?out_wt_cum_change@@3PAY07NA,0x013549E0
?out_wts@@3PAY07NA,0x01353320
?outwardEmissionVelocityRegistryHead@FXParticleSystem@@3PAV?$ConcreteModuleClass@V?$ModuleTag@$03$E?OUTWARD_EMISSION_VELOCITY_MODULE_KEY@FXParticleSystem@@3QBDB$E?OUTWARD_EMISSION_VELOCITY_MODULE_NAME@2@3QBDBVOutwardEmissionVelocityModule@2@VOutwardEmissionVelocityModuleTemplate@2@V?$DefaultParticleModule@$03@2@V?$DefaultParticleModuleTemplate@$03@2@@FXParticleSystem@@@1@A,0x012F64F8
?outwardEmissionVelocitySourceAt4@FXParticleSystem@@3PAPAXA,0x012F6D54
?outwardEmissionVelocitySourceAt8@FXParticleSystem@@3PAPAXA,0x012F6D50
?outwardEmissionVelocityVtable@FXParticleSystem@@3PAPAXA,0x01110F0C
?overlayLayouts@@3PAPAVWindowLayout@@A,0x012F70B4
?pHDRHeaderString@D3DXTex@@3PBDB,0x012DC17C
?paralyzeTroop@@YAHPAVObject@@PAX@Z,0x00685580
?parent@@3PAVGameWindow@@A,0x012F415C
?parent@PopupReplayState@@3PAVGameWindow@@A,0x012F405C
?parentBuddies@@3PAVGameWindow@@A,0x012F4224
?parentIgnore@@3PAVGameWindow@@A,0x012F4228
?parentPopup@@3PAVGameWindow@@A,0x012F3F10
?parentPopup@PopupJoinGameState@@3PAVGameWindow@@A,0x012F3F50
?parentPopupID@PopupJoinGameState@@3HA,0x012F3F44
?parentWOLQuickMatch@@3RAVGameWindow@@A,0x012F4810
?parentWOLWelcome@@3PAVGameWindow@@A,0x012F3FF4
?parseAsciiString@INI@@SAXPAV1@PAX1PBX@Z,0x00C51EE0
?parseBool@INI@@SAXPAV1@PAX1PBX@Z,0x00C52E00
?parseCredits@INI@@SAXPAV1@@Z,0x0041F2A3
?parseDefinition@Rva000940F0@@SAXPAVINI@@PAX1PBX@Z,0x0042FAB8
?parseDefinition@Rva000941D0@@SAXPAVINI@@PAX1PBX@Z,0x0042FA45
?parseDefinition@Rva00094300@@SAXPAVINI@@PAX1PBX@Z,0x004097EB
?parseDefinition@Rva00094470@@SAXPAVINI@@PAX1PBX@Z,0x00425496
?parseFXList@INI@@SAXPAV1@PAX1PBX@Z,0x00404B47
?parseIndexList@INI@@SAXPAV1@PAX1PBX@Z,0x00C51050
?parseInt@INI@@SAXPAV1@PAX1PBX@Z,0x00C52A60
?parseReal@INI@@SAXPAV1@PAX1PBX@Z,0x00C52B20
?parseSkyBoxSettings007A5BA0@@YA_NAAVDataChunkInput@@PAUDataChunkInfo@@PAX@Z,0x00447BDB
?patchBeforeOnlineCallback@@YAXXZ,0x00A2E6B0
?pfunc@@YAHPBX0@Z,0x00DE8C80
?pingTooltip@@YAXPAVGameWindow@@PAVWinInstanceData@@I@Z,0x00408CB0
?playerChangedNickCallback@@YAXPAXW4RoomType@@PBD20@Z,0x00A4B240
?playerColor@@3HB,0x012BA0B8
?playerFlagsChangedCallback@@YAXPAXW4RoomType@@PBDHH0@Z,0x00A4B540
?playerInfoCallback@@YAXPAXW4RoomType@@PBDIH0@Z,0x00A4B3D0
?playerJoinedCallback@@YAXPAXW4RoomType@@PBD0@Z,0x00A4AE00
?playerLeftCallback@@YAXPAXW4RoomType@@PBD20@Z,0x00A4AF80
?playerMessageCallback@@YAXPAXPBD1W4MessageType@@0@Z,0x00A4A2E0
?playerTooltip@@YAXPAVGameWindow@@PAVWinInstanceData@@I@Z,0x008FA800
?playerUTMCallback@@YAXPAXPBD11H0@Z,0x00A4A950
?png_zalloc@D3DX@@YGPAXPAXII@Z,0x00E62D52
?png_zfree@D3DX@@YGXPAX0@Z,0x00E62DA5
?pointEmissionVolumeCurrentInstance@FXParticleSystem@@3PAV?$ConcreteModuleClass@UPointEmissionVolumeModuleTag@FXParticleSystem@@@1@A,0x012F64D8
?pointEmissionVolumeRegistryHead@FXParticleSystem@@3PAV?$ConcreteModuleClass@UPointEmissionVolumeModuleTag@FXParticleSystem@@@1@A,0x012F64FC
?pointEmissionVolumeSourceAt4@FXParticleSystem@@3PAPAXA,0x012F6D58
?pointEmissionVolumeSourceAt8@FXParticleSystem@@3PAPAXA,0x012F6D5C
?pointEmissionVolumeVtable@FXParticleSystem@@3PAPAXA,0x01111400
?primeTable@@3PAGA,0x012DA1F0
?progressTextWindow@@3PAVGameWindow@@A,0x012F483C
?q4Fields002DA6F0@@3QBUFieldParse@@B,0x010CE860
?q4Fields002DAD80@@3QBUFieldParse@@B,0x010CE954
?q4Fields002DC7B0@@3QBUFieldParse@@B,0x010CEA68
?q4Fields002DC830@@3QBUFieldParse@@B,0x010CEC08
?q4Fields002DCC80@@3QBUFieldParse@@B,0x010CECE0
?q4Fields002DD2B0@@3QBUFieldParse@@B,0x010CEE68
?q4Fields002DDCE0@@3QBUFieldParse@@B,0x010CEFF8
?q4Fields002DE280@@3QBUFieldParse@@B,0x010CF0C8
?q4Fields002DE890@@3QBUFieldParse@@B,0x010CF178
?q4Fields002DEC40@@3QBUFieldParse@@B,0x010CF234
?q4Fields002DF520@@3QBUFieldParse@@B,0x010CF35C
?qmProfileIDCallback@@YAXPAXHPBDH0@Z,0x00A42F40
?quadDrawRegistryHead@FXParticleSystem@@3PAV?$ConcreteModuleClass@V?$ModuleTag@$05$E?QUAD_DRAW_MODULE_KEY@FXParticleSystem@@3QBDB$E?QUAD_DRAW_MODULE_NAME@2@3QBDBVQuadDrawModule@2@VQuadDrawModuleTemplate@2@V?$DefaultParticleModule@$05@2@V?$DefaultParticleModuleTemplate@$05@2@@FXParticleSystem@@@1@A,0x012F6500
?quadDrawSourceAt4@FXParticleSystem@@3PAPAXA,0x012F6CAC
?quadDrawSourceAt8@FXParticleSystem@@3PAPAXA,0x012F6CA8
?quadDrawVtable@FXParticleSystem@@3PAPAXA,0x01110DC4
?queuedDownloads@@3V?$list@VQueuedDownload@@V?$allocator@VQueuedDownload@@@_STL@@@_STL@@A,0x012F7180
?quickMatchMaxPingEntries@@3HA,0x012F4818
?quickMatchMaxPoints@@3HA,0x012B7224
?quickMatchMinPoints@@3HA,0x012F481C
?quickmatchEnumPlayersCallback@@YAXPAXHW4RoomType@@HPBDH0@Z,0x0041B7F2
?radioButtonBuddiesID@@3HA,0x012F41E0
?radioButtonIgnoreID@@3HA,0x012F41E4
?rand4@@3VRandom4Class@@A,0x0134B288
?rcMenu@@3PAVGameWindow@@A,0x012F4234
?reOpenPlayerInfoFlag@@3EC,0x012F7178
?re_entrancy@?1??Alloc@FastAllocatorGeneral@@QAEPAXI@Z@4HA,0x01352820
?reallySaveReplay@@YAXXZ,0x008DE460
?renderObjectDrawRegistryHead@FXParticleSystem@@3PAV?$ConcreteModuleClass@V?$ModuleTag@$05$E?RENDEROBJECT_DRAW_MODULE_KEY@FXParticleSystem@@3QBDB$E?RENDEROBJECT_DRAW_MODULE_NAME@2@3QBDBVRenderObjectDrawModule@2@VRenderObjectDrawModuleTemplate@2@V?$DefaultParticleModule@$05@2@V?$DefaultParticleModuleTemplate@$05@2@@FXParticleSystem@@@1@A,0x012F6500
?renderObjectDrawSourceAt4@FXParticleSystem@@3PAPAXA,0x012F6CBC
?renderObjectDrawSourceAt8@FXParticleSystem@@3PAPAXA,0x012F6CB8
?renderObjectDrawVtable@FXParticleSystem@@3PAPAXA,0x01110DDC
?renderObjectUpdateRegistryHead@FXParticleSystem@@3PAV?$ConcreteModuleClass@V?$ModuleTag@$01$E?RENDEROBJECT_UPDATE_MODULE_KEY@FXParticleSystem@@3QBDB$E?RENDEROBJECT_UPDATE_MODULE_NAME@2@3QBDBVRenderObjectUpdateModule@2@VRenderObjectUpdateModuleTemplate@2@VRenderObjectParticleUpdateModule@2@VRenderObjectParticleUpdateModuleTemplate@2@@FXParticleSystem@@@1@A,0x012F64F0
?renderObjectUpdateSourceAt4@FXParticleSystem@@3PAPAXA,0x012F6D24
?renderObjectUpdateSourceAt8@FXParticleSystem@@3PAPAXA,0x012F6D20
?renderObjectUpdateVtable@FXParticleSystem@@3PAPAXA,0x01110ED0
?render_state@DX8Wrapper@@0URenderStateStruct@@A,0x01340EC0
?render_state@DX8Wrapper@@1URenderStateStruct@@A,0x01340EC0
?render_state_changed@DX8Wrapper@@0IA,0x0133F49C
?render_state_changed@DX8Wrapper@@1IA,0x0133F49C
?render_state_changes@DX8Wrapper@@1IA,0x01340564
?render_state_changes@DX8Wrapper@@2IA,0x01340564
?render_state_view@DX8Wrapper@@0VMatrix4@@A,0x013410CC
?render_state_world@DX8Wrapper@@0VMatrix4@@A,0x0134108C
?replayPath@PopupReplayState@@3V?$basic_string@DV?$char_traits@D@_STL@@V?$allocator@D@2@@_STL@@A,0x012F406C
?replaySavedParent@PopupReplayState@@3PAVGameWindow@@A,0x012F4060
?roomKeyChangedCallback@@YAXPAXW4RoomType@@PBD220@Z,0x00A4E8F0
?roomMessageCallback@@YAXPAXW4RoomType@@PBD2W4MessageType@@0@Z,0x00A49ED0
?roomUTMCallback@@YAXPAXW4RoomType@@PBD22H0@Z,0x00A4A820
?rva000C5FF0_ai@@3PAURva000C5FF0AI@@A,0x012EF214
?rva000D46E0CountVisit@@YAHPAVRva000D46E0Object@@PAX@Z,0x004D46E0
?rva000cbd40@@YAHPAX0@Z,0x004CBD40
?rva0010e580FallbackCode@@3PBDB,0x012ABFD4
?rva0010e580MapsCode@@3PBDB,0x012ABFCC
?rva0010e580MapsPrefix@@3PBDB,0x012ABFC0
?rva0010e580UserCode@@3PBDB,0x012ABFD0
?rva0010e580UserPrefix@@3PBDB,0x012ABFC4
?rva0010f820FallbackCode@@3PBDB,0x012ABFD4
?rva0010f820MapCode@@3PBDB,0x012ABFCC
?rva0010f820Maps@@3PBDB,0x012ABFC0
?rva0010f820UserCode@@3PBDB,0x012ABFD0
?rva0010f820UserMaps@@3PBDB,0x012ABFC4
?rva00413d31@BfmeAptScreenOnlineChat@@QAEXXZ,0x00413D31
?rva00443F60@@YA_NPAVDrawable@@PAX@Z,0x00843F60
?rva0049ca90@@YAXPAVGameWindow@@PAVWinInstanceData@@I@Z,0x0089CA90
?rva004BBFC0_audio@@3PAVRva004BBFC0Audio@@A,0x012ED668
?rva004BBFC0_emptyString@@3VAsciiString@@B,0x01336E50
?rva004BBFC0_keyboard@@3PAURva004BBFC0Keyboard@@A,0x012F4C50
?rva004BBFC0_lastRepeat@@3KA,0x012F3644
?rva0050BA40_lastNumPlayersOnline@@3HA,0x012F48C0
?rva0050BA40_listboxInfo@@3PAVGameWindow@@A,0x012F4890
?rva00548d20@@YGXH@Z,0x0041A361
?rva005701D0@BfmeAptScreenScoreScreen@@QAEXPBD@Z,0x00426152
?rva00570200@BfmeAptScreenScoreScreen@@QAEXPBD@Z,0x004328B2
?rva00570220@BfmeAptScreenScoreScreen@@QAEXPBD@Z,0x004077C0
?rva00570260@BfmeAptScreenScoreScreen@@QAEXHPAD_N@Z,0x0041AC49
?rva00570300@BfmeAptScreenScoreScreen@@QAEXHPAD_N@Z,0x004289B6
?rva005731C0@BfmeAptScreenScoreScreen@@QAEXPBD@Z,0x0040A76D
?rva005731D0@BfmeAptScreenScoreScreen@@QAEXPBD@Z,0x00435639
?rva005731E0@BfmeAptScreenScoreScreen@@QAEXHPAD_N@Z,0x0043A1E3
?rva005780E0@BfmeAptScreenScoreScreen@@QAEXPBD@Z,0x0043936A
?rva00813A40@@YAXXZ,0x00C13A40
?rva00813CF0@@YAXXZ,0x00C13CF0
?rva00906340CellCtor@@YAXPAX@Z,0x004110D6
?rva00906340CellDtor@@YAXPAX@Z,0x00430652
?rva009C7380BinkSse@@YAXPBE0PAXHHH@Z,0x00DC7380
?rva009C7CC0@@YAXPBX0PAX@Z,0x00DC7CC0
?rva012BB85C@@3EA,0x012BB85C
?rva012D5A08Prefix@@3PBDB,0x012D5A08
?rva012F480CSelectedImage@@3PBVImage@@B,0x012F480C
?rva012F4810UnselectedImage@@3PBVImage@@B,0x012F4810
?rva012F9D04@@3PAUResource@@A,0x012F9D04
?rva012F9D04@@3PAUShaderComResourceRef@@A,0x012F9D04
?rva012F9D08@@3PAUResource@@A,0x012F9D08
?rva012F9D08@@3PAUShaderComResourceRef@@A,0x012F9D08
?rva012F9D0C@@3PAUResource@@A,0x012F9D0C
?rva012F9D0C@@3PAUShaderComResourceRef@@A,0x012F9D0C
?rva012F9D10@@3PAUResource@@A,0x012F9D10
?rva012F9D10@@3PAUShaderComResourceRef@@A,0x012F9D10
?rva012F9D14@@3PAXA,0x012F9D14
?rva012F9D18@@3PAXA,0x012F9D18
?rva012F9D1C@@3PAVBfmeDX8VertexBuffer@@A,0x012F9D1C
?rva012F9D1C@@3PAVShaderVertexBufferRef@@A,0x012F9D1C
?rva012F9D1C@@3PAXA,0x012F9D1C
?rva012F9D20@@3IA,0x012F9D20
?rva012F9D28@@3PAVShaderTextureHandle@@A,0x012F9D28
?rva01306958@@3IA,0x01306958
?rva0130695C@@3IA,0x0130695C
?rva01306960@@3IA,0x01306960
?rva01306964@@3IA,0x01306964
?rva01306968@@3IA,0x01306968
?rva01337858Callback@@3P6AXPBD0@ZA,0x01337858
?rva0133F420@@3IA,0x0133F420
?rva0133F424@@3IA,0x0133F424
?rva01340534@@3PAUResource@@A,0x01340534
?rva01346DD8@@3IA,0x01346DD8
?rva220840Callback@@YAXXZ,0x006207F0
?s4Table0059BDE0@@3UFieldParse@@B,0x0110C6CC
?s4Table0059C4C0@@3UFieldParse@@B,0x0110C730
?s4Table0059CB30@@3UFieldParse@@B,0x0110C76C
?s4Table0059E290@@3UFieldParse@@B,0x0110C9BC
?s4Table0059E860@@3UFieldParse@@B,0x0110CA40
?s4Table0059F280@@3UFieldParse@@B,0x0110CB1C
?s4Table0059F630@@3UFieldParse@@B,0x0110CB58
?s4Table0059F980@@3UFieldParse@@B,0x0110CBA0
?s4TableRva0059D1F0@@3QBUFieldParse@@B,0x0110C7C8
?s4TableRva0059EE10@@3UFieldParse@@B,0x0110CAE0
?s4TableRva005A01F0@@3UFieldParse@@B,0x0110CCC0
?s5Table0059D600@@3QBUFieldParse@@B,0x0110C83C
?s5Table0059D9E0@@3UFieldParse@@B,0x0110C8C0
?s5Table0059DE10@@3UFieldParse@@B,0x0110C948
?s5Table0059FB50@@3UFieldParse@@B,0x0110CC38
?s5Table005A0720@@3UFieldParse@@B,0x0110CD24
?s_GlobalDataFieldParseTable@GlobalData@@2QBUFieldParse@@B,0x01077018
?s_anim2DFieldParseTable@Anim2DTemplate@@2QBUFieldParse@@B,0x0110F0F0
?s_animationTemplates@Drawable@@0PAPAVAnim2DTemplate@@A,0x012F12EC
?s_asyncDNSLookupInProgress@@3EA,0x012F717A
?s_bezBasisMatrix@BezierSegment@@1UD3DXMATRIX@@B,0x012A8380
?s_bezBasisMatrix@BezierSegment@@1U_D3DXMATRIX@@B,0x012A8380
?s_bitNameList@?$BitFlags@$0BB@@@0PAPBDA,0x012AA068
?s_bitNameList@?$BitFlags@$0ED@@@0PAPBDA,0x012A9200
?s_bitNameList@?$BitFlags@$0HE@@@0PAPBDA,0x012A68D8
?s_bitNameList@?$BitFlags@$0N@@@0PAPBDA,0x012A8D40
?s_bitNameList@Rva00128510BitFlagsParser@@0QBQBDB,0x012AA068
?s_bitNameList@Rva00141320BitFlagsParser@@0QBQBDB,0x012A68D8
?s_bitNameList@Rva001EB180BitFlagsParser@@0QBQBDB,0x012AD6B0
?s_bitNameList@Rva00204770BitFlagsParser@@0QBQBDB,0x012A6670
?s_bitNameList@Rva0029C7B0BitFlagsParser@@0QBQBDB,0x012A9200
?s_bitNameList@Rva00368EA0BitFlagsParser@@0QBQBDB,0x012A68B0
?s_bitNameList@Rva0061C870BitFlagsParser@@0QBQBDB,0x012B90E0
?s_chatHolder@@3PAVChatHolder@@A,0x012F7730
?s_contestPipEmpty@Drawable@@0PBVImage@@B,0x012F12E8
?s_contestPipFull@Drawable@@0PBVImage@@B,0x012F12E4
?s_dbPi@@3NA,0x012E4800
?s_defaultModule@?$CategoryModuleClassBase@$00$00@FXParticleSystem@@1PAV?$CategoryModuleClass@$00@2@A,0x012F64C8
?s_defaultModule@?$CategoryModuleClassBase@$01$00@FXParticleSystem@@1PAV?$CategoryModuleClass@$01@2@A,0x012F64CC
?s_defaultModule@?$CategoryModuleClassBase@$02$00@FXParticleSystem@@1PAV?$CategoryModuleClass@$02@2@A,0x012F64D0
?s_defaultModule@?$CategoryModuleClassBase@$03$00@FXParticleSystem@@1PAV?$CategoryModuleClass@$03@2@A,0x012F64D4
?s_defaultModule@?$CategoryModuleClassBase@$04$00@FXParticleSystem@@1PAV?$CategoryModuleClass@$04@2@A,0x012F64D8
?s_defaultModule@?$CategoryModuleClassBase@$05$00@FXParticleSystem@@1PAV?$CategoryModuleClass@$05@2@A,0x012F64DC
?s_defaultModule@?$CategoryModuleClassBase@$06$00@FXParticleSystem@@1PAV?$CategoryModuleClass@$06@2@A,0x012F64E0
?s_defaultModule@?$CategoryModuleClassBase@$0A@$00@FXParticleSystem@@1PAV?$CategoryModuleClass@$0A@@2@A,0x012F64C4
?s_emptyAmmo@Drawable@@0PBVImage@@B,0x012F12D8
?s_emptyContainer@Drawable@@0PBVImage@@B,0x012F12E0
?s_fieldParseTable@ChallengeGenerals@@1QBUFieldParse@@B,0x010F0B78
?s_fieldParseTable@DrawGroupInfo@@2QBUFieldParse@@B,0x01082958
?s_fileSavePopupStartTime@PopupReplayState@@3JA,0x012F4064
?s_firstList@?$CategoryModuleClass@$00@FXParticleSystem@@1PAV12@A,0x012F64EC
?s_firstList@?$CategoryModuleClass@$01@FXParticleSystem@@1PAV12@A,0x012F64F0
?s_firstList@?$CategoryModuleClass@$02@FXParticleSystem@@1PAV12@A,0x012F64F4
?s_firstList@?$CategoryModuleClass@$03@FXParticleSystem@@1PAV12@A,0x012F64F8
?s_firstList@?$CategoryModuleClass@$04@FXParticleSystem@@1PAV12@A,0x012F64FC
?s_firstList@?$CategoryModuleClass@$05@FXParticleSystem@@1PAV12@A,0x012F6500
?s_firstList@?$CategoryModuleClass@$06@FXParticleSystem@@1PAV12@A,0x012F6504
?s_firstList@?$CategoryModuleClass@$07@FXParticleSystem@@1PAV12@A,0x012F6508
?s_firstList@?$CategoryModuleClass@$0A@@FXParticleSystem@@1PAV12@A,0x012F64E8
?s_fullAmmo@Drawable@@0PBVImage@@B,0x012F12D4
?s_fullContainer@Drawable@@0PBVImage@@B,0x012F12DC
?s_heartbeatInterval@@3IA,0x012B9668
?s_initGDIPlus@CImage@ATL@@0VCInitGDIPlus@12@A,0x0134FB18
?s_keys@PeerThreadClass@@0PAPBDA,0x012B9670
?s_mod@Stripify@Strip@@0PAHA,0x012AC510
?s_modelLockCount@Drawable@@0HA,0x012F12F0
?s_objectFieldParseTable@ThingTemplate@@1QBUFieldParse@@B,0x010910A0
?s_pAlloc@CArgument@D3DXShader@@0PAVCAlloc@D3DXCore@@A,0x0135140C
?s_pAlloc@CInstruction@D3DXShader@@0PAVCAlloc@D3DXCore@@A,0x01351404
?s_pAlloc@CNode@D3DXShader@@1PAVCAlloc@D3DXCore@@A,0x013513FC
?s_pAsm@CAssembler@D3DXShader@@1PAV12@A,0x013513F8
?s_pFree@CArgument@D3DXShader@@0PAV12@A,0x01351408
?s_pFree@CInstruction@D3DXShader@@0PAV12@A,0x01351400
?s_pPP@CPreProcessor@D3DXShader@@1PAV12@A,0x01350818
?s_pParse@CParse@D3DXShader@@1PAV12@A,0x01351FE8
?s_popBackExtra@@3PAVRva00537C00@@A,0x012F49FC
?s_protectedData@CopyProtect@@0PAXA,0x012ED850
?s_staticImagesInited@Drawable@@0_NA,0x012F12D0
?s_value@Rva001A1A30@@2HA,0x012ACC30
?s_value@Rva006C5730@@2HA,0x0134058C
?s_value@Rva006E1BD0@@2HA,0x012BA938
?s_value@Rva006E7040@@2HA,0x012D6D80
?s_value@Rva0075B2F0@@2HA,0x012BAA2C
?s_value@Rva00782DF0@@2HA,0x01346DD8
?s_value@Rva00782E00@@2HA,0x012D7180
?s_value@Rva00782E10@@2HA,0x012D7198
?s_value@Rva0085A850@@2HA,0x0130E628
?s_value@Rva00882F80@@2HA,0x0130EA00
?s_value@Rva00892340@@2HA,0x012D513C
?s_value@Rva00892360@@2HA,0x01337824
?s_value@Rva008FE150@@2HA,0x012D6DC0
?s_value@Rva00937140@@2HA,0x01346E4C
?s_value@Rva00956A70@@2HA,0x0134B20C
?s_value@Rva009A58C0@@2HA,0x0134C7DC
?s_valueBuffers@PeerThreadClass@@0PAY0BE@DA,0x012F7468
?s_values@PeerThreadClass@@0PAPBDA,0x012B9690
?s_veterancyImage@Drawable@@0PAPBVImage@@A,0x012F12F4
?scorchTypeNames@?1??parseScorchType@TerrainScorchFXNugget@@KAXPAVINI@@PAX1PBX@Z@4QBULookupListRec@@B,0x010F2BAC
?scoringBuildingCreateMask@@3V?$BitFlags@$0HE@@@A,0x012ED7E4
?scoringBuildingDestroyMask@@3V?$BitFlags@$0HE@@@A,0x012ED7CC
?scoringBuildingMask@@3V?$BitFlags@$0HE@@@A,0x012ED7B4
?screenBWFilter@@3VScreenBWFilter@@A,0x012BC100
?screenCrossFadeFilter@@3VScreenCrossFadeFilter@@A,0x012BC170
?screenDefaultFilter@@3VScreenDefaultFilter@@A,0x012BC1A0
?search_compfunc@?$IndexClass@HPAUINIEntry@@@@CAHPBX0@Z,0x00DE2390
?search_compfunc@?$IndexClass@HPAUINISection@@@@CAHPBX0@Z,0x00DE23C0
?selectedImage@@3PBVImage@@B,0x012F480C
?setWakeupIfInRange@@YAHPAVObject@@PAX@Z,0x0043AA08
?shader012BBBA8@@3UShader007A5200@@A,0x012BBBA8
?shadowCameraFrustum@@3PBVFrustumClass@@B,0x01306EE8
?shadowIndexBufferD3D@@3PAUIDirect3DIndexBuffer8@@A,0x01306F20
?shadowVertexBufferD3D@@3PAUIDirect3DVertexBuffer8@@A,0x01306F1C
?shakeTypeNames@?1??parseShakeType@ViewShakeFXNugget@@KAXPAVINI@@PAX1PBX@Z@4QBULookupListRec@@B,0x010F2BAC
?shift@@3VUnicodeString@@A,0x012F3B00
?shiftDown@@3_NA,0x012F3AF4
?showOnlineShellFlag@@3EA,0x012F717B
?skyMap012F1404@@3VSkyMap007A5200@@A,0x012F1404
?slotNumInRow@@3PAHA,0x012F36B0
?sm_dwCacheSize@@3KA,0x0134FC08
?sm_dwMagicNumber@@3KA,0x0134FC0C
?sm_pD3DDeviceCacheInfo@@3PAUIDirect3DDevice9@@A,0x0134FC04
?sphereEmissionVolumeRegistryHead@FXParticleSystem@@3PAV?$ConcreteModuleClass@V?$ModuleTag@$04$E?SPHERE_EMISSION_VOLUME_MODULE_KEY@FXParticleSystem@@3QBDB$E?SPHERE_EMISSION_VOLUME_MODULE_NAME@2@3QBDBVSphereEmissionVolumeModule@2@VSphereEmissionVolumeModuleTemplate@2@V?$DefaultParticleModule@$04@2@V?$DefaultParticleModuleTemplate@$04@2@@FXParticleSystem@@@1@A,0x012F64FC
?sphereEmissionVolumeSourceAt4@FXParticleSystem@@3PAPAXA,0x012F6D74
?sphereEmissionVolumeSourceAt8@FXParticleSystem@@3PAPAXA,0x012F6D70
?sphereEmissionVolumeVtable@FXParticleSystem@@3PAPAXA,0x01110F30
?sphericalEmissionVelocityRegistryHead@FXParticleSystem@@3PAV?$ConcreteModuleClass@V?$ModuleTag@$03$E?SPHERICAL_EMISSION_VELOCITY_MODULE_KEY@FXParticleSystem@@3QBDB$E?SPHERICAL_EMISSION_VELOCITY_MODULE_NAME@2@3QBDBVSphericalEmissionVelocityModule@2@VSphericalEmissionVelocityModuleTemplate@2@V?$DefaultParticleModule@$03@2@V?$DefaultParticleModuleTemplate@$03@2@@FXParticleSystem@@@1@A,0x012F64F8
?sphericalEmissionVelocitySourceAt4@FXParticleSystem@@3PAPAXA,0x012F6D3C
?sphericalEmissionVelocitySourceAt8@FXParticleSystem@@3PAPAXA,0x012F6D38
?sphericalEmissionVelocityVtable@FXParticleSystem@@3PAPAXA,0x01110EE8
?sse2_D3DXFloat16To32Array@@YGPAMPAMPBUD3DXFLOAT16@@I@Z,0x00E9FBF0
?sse2_D3DXMatrixDeterminant@@YGMPBUD3DXMATRIX@@@Z,0x00EA059A
?sse2_D3DXMatrixInverse@@YGPAUD3DXMATRIX@@PAU1@PAMPBU1@@Z,0x00E9FFF4
?sse2_D3DXMatrixMultiply@@YGPAUD3DXMATRIX@@PAU1@PBU1@1@Z,0x00E9FD8E
?sse2_D3DXMatrixMultiplyTranspose@@YGPAUD3DXMATRIX@@PAU1@PBU1@1@Z,0x00EA029C
?sse2_D3DXMatrixReflect@@YGPAUD3DXMATRIX@@PAU1@PBUD3DXPLANE@@@Z,0x00EA084C
?sse2_D3DXMatrixShadow@@YGPAU_D3DMATRIX@@PAU1@PBUD3DXVECTOR4@@PBUD3DXPLANE@@@Z,0x00EA0756
?sse2_D3DXPlaneFromPoints@@YGPAUD3DXPLANE@@PAU1@PBUD3DXVECTOR3@@11@Z,0x00EA066E
?sse2_D3DXPlaneNormalize@@YGPAUD3DXPLANE@@PAU1@PBU1@@Z,0x00E9FF56
?sse2_D3DXQuaternionRotationMatrix@@YGPAUD3DXQUATERNION@@PAU1@PBUD3DXMATRIX@@@Z,0x00EA0F41
?sse2_D3DXQuaternionRotationYawPitchRoll@@YGPAUD3DXQUATERNION@@PAU1@MMM@Z,0x00EA0D0D
?sse2_D3DXVec2TransformArray@@YGPAUD3DXVECTOR4@@PAU1@IPBUD3DXVECTOR2@@IPBUD3DXMATRIX@@I@Z,0x00E9F0C5
?sse2_D3DXVec2TransformCoordArray@@YGPAUD3DXVECTOR2@@PAU1@IPBU1@IPBUD3DXMATRIX@@I@Z,0x00E9F250
?sse2_D3DXVec2TransformNormalArray@@YGPAUD3DXVECTOR2@@PAU1@IPBU1@IPBUD3DXMATRIX@@I@Z,0x00E9F3B6
?sse2_D3DXVec3Normalize@@YGPAUD3DXVECTOR3@@PAU1@PBU1@@Z,0x00E9FEC2
?sse2_D3DXVec3Transform@@YGPAUD3DXVECTOR4@@PAU1@PBUD3DXVECTOR3@@PBUD3DXMATRIX@@@Z,0x00EA09F5
?sse2_D3DXVec3TransformArray@@YGPAUD3DXVECTOR4@@PAU1@IPBUD3DXVECTOR3@@IPBUD3DXMATRIX@@I@Z,0x00E9EEC2
?sse2_D3DXVec3TransformCoord@@YGPAUD3DXVECTOR3@@PAU1@PBU1@PBUD3DXMATRIX@@@Z,0x00EA0AC9
?sse2_D3DXVec3TransformCoordArray@@YGPAUD3DXVECTOR3@@PAU1@IPBU1@IPBUD3DXMATRIX@@I@Z,0x00E9F8CE
?sse2_D3DXVec3TransformNormal@@YGPAUD3DXVECTOR3@@PAU1@PBU1@PBUD3DXMATRIX@@@Z,0x00EA0920
?sse2_D3DXVec3TransformNormalArray@@YGPAUD3DXVECTOR3@@PAU1@IPBU1@IPBUD3DXMATRIX@@I@Z,0x00E9F6FE
?sse2_D3DXVec4Cross@@YGPAUD3DXVECTOR4@@PAU1@PBU1@11@Z,0x00EA03E2
?sse2_D3DXVec4Transform@@YGPAUD3DXVECTOR4@@PAU1@PBU1@PBUD3DXMATRIX@@@Z,0x00E9FCC2
?sse2_D3DXVec4TransformArray@@YGPAUD3DXVECTOR4@@PAU1@IPBU1@IPBUD3DXMATRIX@@I@Z,0x00E9F4C6
?sse_D3DXFloat16To32Array@@YGPAMPAMPBUD3DXFLOAT16@@I@Z,0x00E9EDEE
?sse_D3DXMatrixDeterminant@@YGMPBUD3DXMATRIX@@@Z,0x00E9C435
?sse_D3DXMatrixInverse@@YGPAUD3DXMATRIX@@PAU1@PAMPBU1@@Z,0x00E9B827
?sse_D3DXMatrixMultiply@@YGPAUD3DXMATRIX@@PAU1@PBU1@1@Z,0x00E9B5C1
?sse_D3DXMatrixMultiplyTranspose@@YGPAUD3DXMATRIX@@PAU1@PBU1@1@Z,0x00E9BACF
?sse_D3DXMatrixReflect@@YGPAUD3DXMATRIX@@PAU1@PBUD3DXPLANE@@@Z,0x00E9C6E7
?sse_D3DXMatrixShadow@@YGPAU_D3DMATRIX@@PAU1@PBUD3DXVECTOR4@@PBUD3DXPLANE@@@Z,0x00E9C5F1
?sse_D3DXPSGPTessellateNPatch@@YGXPAUD3DXVECTOR3@@PAUD3DXVECTOR2@@KPAM222K@Z,0x00E9C7BB
?sse_D3DXPSGPUpdateSkinnedMesh@@YGXPBUD3DXMATRIX@@0PAE1KKPAPAE2KKPAMH@Z,0x00E9E734
?sse_D3DXPlaneFromPoints@@YGPAUD3DXPLANE@@PAU1@PBUD3DXVECTOR3@@11@Z,0x00E9C509
?sse_D3DXPlaneIntersectLine@@YGPAUD3DXVECTOR3@@PAU1@PBUD3DXPLANE@@PBU1@2@Z,0x00E9C30E
?sse_D3DXPlaneNormalize@@YGPAUD3DXPLANE@@PAU1@PBU1@@Z,0x00E9B789
?sse_D3DXQuaternionInverse@@YGPAUD3DXQUATERNION@@PAU1@PBU1@@Z,0x00E9B1BF
?sse_D3DXQuaternionMultiply@@YGPAUD3DXQUATERNION@@PAU1@PBU1@1@Z,0x00E9B0AC
?sse_D3DXQuaternionNormalize@@YGPAUD3DXQUATERNION@@PAU1@PBU1@@Z,0x00E9B125
?sse_D3DXQuaternionRotationMatrix@@YGPAUD3DXQUATERNION@@PAU1@PBUD3DXMATRIX@@@Z,0x00E9B2FF
?sse_D3DXQuaternionRotationYawPitchRoll@@YGPAUD3DXQUATERNION@@PAU1@MMM@Z,0x00E9B23D
?sse_D3DXVec2BaryCentric@@YGPAUD3DXVECTOR2@@PAU1@PBU1@11MM@Z,0x00E9C2BC
?sse_D3DXVec2CatmullRom@@YGPAUD3DXVECTOR2@@PAU1@PBU1@111M@Z,0x00E9BF19
?sse_D3DXVec2Hermite@@YGPAUD3DXVECTOR2@@PAU1@PBU1@111M@Z,0x00E9C190
?sse_D3DXVec2Transform@@YGPAUD3DXVECTOR4@@PAU1@PBUD3DXVECTOR2@@PBUD3DXMATRIX@@@Z,0x00E9B429
?sse_D3DXVec2TransformArray@@YGPAUD3DXVECTOR4@@PAU1@IPBUD3DXVECTOR2@@IPBUD3DXMATRIX@@I@Z,0x00E9D5F2
?sse_D3DXVec2TransformCoord@@YGPAUD3DXVECTOR2@@PAU1@PBU1@PBUD3DXMATRIX@@@Z,0x00E9B467
?sse_D3DXVec2TransformCoordArray@@YGPAUD3DXVECTOR2@@PAU1@IPBU1@IPBUD3DXMATRIX@@I@Z,0x00E9D77D
?sse_D3DXVec2TransformNormal@@YGPAUD3DXVECTOR2@@PAU1@PBU1@PBUD3DXMATRIX@@@Z,0x00E9B4BE
?sse_D3DXVec2TransformNormalArray@@YGPAUD3DXVECTOR2@@PAU1@IPBU1@IPBUD3DXMATRIX@@I@Z,0x00E9D8E3
?sse_D3DXVec3BaryCentric@@YGPAUD3DXVECTOR3@@PAU1@PBU1@11MM@Z,0x00E9C216
?sse_D3DXVec3CatmullRom@@YGPAUD3DXVECTOR3@@PAU1@PBU1@111M@Z,0x00E9BE67
?sse_D3DXVec3Hermite@@YGPAUD3DXVECTOR3@@PAU1@PBU1@111M@Z,0x00E9C043
?sse_D3DXVec3Normalize@@YGPAUD3DXVECTOR3@@PAU1@PBU1@@Z,0x00E9B6F5
?sse_D3DXVec3Transform@@YGPAUD3DXVECTOR4@@PAU1@PBUD3DXVECTOR3@@PBUD3DXMATRIX@@@Z,0x00E9CF36
?sse_D3DXVec3TransformArray@@YGPAUD3DXVECTOR4@@PAU1@IPBUD3DXVECTOR3@@IPBUD3DXMATRIX@@I@Z,0x00E9D3EF
?sse_D3DXVec3TransformCoord@@YGPAUD3DXVECTOR3@@PAU1@PBU1@PBUD3DXMATRIX@@@Z,0x00E9D00A
?sse_D3DXVec3TransformCoordArray@@YGPAUD3DXVECTOR3@@PAU1@IPBU1@IPBUD3DXMATRIX@@I@Z,0x00E9DDFB
?sse_D3DXVec3TransformNormal@@YGPAUD3DXVECTOR3@@PAU1@PBU1@PBUD3DXMATRIX@@@Z,0x00E9CE61
?sse_D3DXVec3TransformNormalArray@@YGPAUD3DXVECTOR3@@PAU1@IPBU1@IPBUD3DXMATRIX@@I@Z,0x00E9DC2B
?sse_D3DXVec4BaryCentric@@YGPAUD3DXVECTOR4@@PAU1@PBU1@11MM@Z,0x00E9C273
?sse_D3DXVec4CatmullRom@@YGPAUD3DXVECTOR4@@PAU1@PBU1@111M@Z,0x00E9BF9E
?sse_D3DXVec4Cross@@YGPAUD3DXVECTOR4@@PAU1@PBU1@11@Z,0x00E9BC15
?sse_D3DXVec4Hermite@@YGPAUD3DXVECTOR4@@PAU1@PBU1@111M@Z,0x00E9C0F6
?sse_D3DXVec4Normalize@@YGPAUD3DXVECTOR4@@PAU1@PBU1@@Z,0x00E9BCD5
?sse_D3DXVec4Transform@@YGPAUD3DXVECTOR4@@PAU1@PBU1@PBUD3DXMATRIX@@@Z,0x00E9B4F5
?sse_D3DXVec4TransformArray@@YGPAUD3DXVECTOR4@@PAU1@IPBU1@IPBUD3DXMATRIX@@I@Z,0x00E9D9F3
?stagingRoomPlayerEnum@@YAXPAXHW4RoomType@@HPBDH0@Z,0x00A494B0
?staticTextPlayer@@3PAPAVGameWindow@@A,0x012F37B8
?staticTextSide@@3PAPAVGameWindow@@A,0x012F37D8
?staticTextStatus@@3PAPAVGameWindow@@A,0x012F3818
?staticTextTeam@@3PAPAVGameWindow@@A,0x012F37F8
?streakDrawRegistryHead@FXParticleSystem@@3PAV?$ConcreteModuleClass@V?$ModuleTag@$05$E?STREAK_DRAW_MODULE_KEY@FXParticleSystem@@3QBDB$E?STREAK_DRAW_MODULE_NAME@2@3QBDBVStreakDrawModule@2@VStreakDrawModuleTemplate@2@V?$DefaultParticleModule@$05@2@V?$DefaultParticleModuleTemplate@$05@2@@FXParticleSystem@@@1@A,0x012F6500
?streakDrawSourceAt4@FXParticleSystem@@3PAPAXA,0x012F6CA4
?streakDrawSourceAt8@FXParticleSystem@@3PAPAXA,0x012F6CA0
?streakDrawVtable@FXParticleSystem@@3PAPAXA,0x01110DB8
?supplyTruckSubMachineReadyToLeave@WorkerStateMachine@@SA_NPAVState@@PAX@Z,0x0042D998
?supplyTruckSubMachineWantsToEnter@WorkerStateMachine@@SA_NPAVState@@PAX@Z,0x0040A27C
?symbolTable0@LZHLDecoderStat@@2PAFA,0x012C56A8
?symbolTable0@LZHLEncoderStat@@2PAUSymbol@1@A,0x012C51E0
?t2_lower_table@@3QBDB,0x0112F150
?t2_mask_table@@3QBIB,0x0112EC4C
?t2_upper_table@@3QBDB,0x0112F050
?terrain012F7FE0@@3PAUTerrainDispatch007B6D30@@A,0x012F7FE0
?terrainCollisionRegistryHead@FXParticleSystem@@3PAV?$ConcreteModuleClass@V?$ModuleTag@$07$E?TERRAIN_COLLISION_MODULE_KEY@FXParticleSystem@@3QBDB$E?TERRAIN_COLLISION_MODULE_NAME@2@3QBDBVTerrainCollisionModule@2@VTerrainCollisionModuleTemplate@2@VParticleTerrainCollisionModule@2@VParticleTerrainCollisionModuleTemplate@2@@FXParticleSystem@@@1@A,0x012F6508
?terrainCollisionSourceAt4@FXParticleSystem@@3PAPAXA,0x012F6D2C
?terrainCollisionSourceAt8@FXParticleSystem@@3PAPAXA,0x012F6D28
?terrainCollisionVtable@FXParticleSystem@@3PAPAXA,0x01110EDC
?terrainShader2Stage@@3VTerrainShader2Stage@@A,0x012BC2E8
?terrainShader8Stage@@3VTerrainShader8Stage@@A,0x012BC304
?terrainShaderPixelShader@@3VTerrainShaderPixelShader@@A,0x012BC340
?test_event@@3PAXA,0x0134DCC0
?textEntryGameName@@3PAVGameWindow@@A,0x012F3F14
?textEntryGameNameID@@3W4NameKeyType@@A,0x012F3EF0
?textEntryGamePassword@@3PAVGameWindow@@A,0x012F3F30
?textEntryGamePassword@PopupJoinGameState@@3PAVGameWindow@@A,0x012F3F54
?textEntryGamePasswordID@PopupJoinGameState@@3HA,0x012F3F48
?textEntryGamePasswordID@PopupJoinGameState@@3W4NameKeyType@@A,0x012F3F48
?textEntryReplayNameKey@PopupReplayState@@3W4NameKeyType@@A,0x012F4058
?texture_changes@DX8Wrapper@@0IA,0x01340560
?texture_changes@DX8Wrapper@@1IA,0x01340560
?texture_changes@DX8Wrapper@@2IA,0x01340560
?texture_stage_state_changes@DX8Wrapper@@0IA,0x01340568
?texture_stage_state_changes@DX8Wrapper@@1IA,0x01340568
?texture_stage_state_changes@DX8Wrapper@@2IA,0x01340568
?theAnimateWindowManager@@3PAVAnimateWindowManager@@A,0x012F3880
?theBlockParseList@@3PAUBlockParse@@A,0x0130CE50
?theClumpCompareProcs@SimpleObjectIterator@@0PAP6AMPAVClump@1@0@ZA,0x012AD270
?theDrawString@@3VAsciiString@@A,0x012F257C
?theLayout@@3PAVWindowLayout@@A,0x012F3878
?theLogicRandomLogFile@@3PAU_iobuf@@A,0x012ED4FC
?theWindow@@3PAVGameWindow@@A,0x012F387C
?timeThroughOnline@@3HA,0x012F7168
?tot_out_error@@3PANA,0x01354E00
?transformed_loc@PointGroupClass@@0V?$VectorClass@VVector3@@@@A,0x01341274
?transformed_loc@PointGroupClass@@2V?$VectorClass@VVector3@@@@A,0x01341274
?unselectedImage@@3PBVImage@@B,0x012F4810
?value@BfmeCachedThresholdScaleHolder@@2MB,0x01090DDC
?value@BfmeReportWeightScaleHolder@@2MB,0x0108615C
?vertex_buffer_changes@DX8Wrapper@@0IA,0x01340554
?vertex_buffer_changes@DX8Wrapper@@1IA,0x01340554
?vftable_011296B0@@3HA,0x011296B0
?vftable_01129AF4@@3HA,0x01129AF4
?vftable_01129CB0@@3HA,0x01129CB0
?vftable_01129CB4@@3HA,0x01129CB4
?vftable_01129D30@@3HA,0x01129D30
?vftable_0112B89C@@3HA,0x0112B89C
?vtable01135D68@@3QBDB,0x01135D68
?vtable011360A8@@3QBDB,0x011360A8
?vtable01136698@@3QBDB,0x01136698
?waveTypeInfo@@3PAUwaveInfo@@A,0x012BBC28
?wcerr@_STL@@3V?$basic_ostream@GV?$char_traits@G@_STL@@@1@A,0x0130C010
?wcin@_STL@@3V?$basic_istream@GV?$char_traits@G@_STL@@@1@A,0x0130BFA8
?wclog@_STL@@3V?$basic_ostream@GV?$char_traits@G@_STL@@@1@A,0x0130BD38
?wcout@_STL@@3V?$basic_ostream@GV?$char_traits@G@_STL@@@1@A,0x0130BE70
?white@@3HA,0x012B6B10
?widen8x8@@YAXPBEPAGH@Z,0x00DA7290
?winInitialized@@3_NA,0x012F709A
?wordcatarray@@3PAPADA,0x012D4BE8
?worst_error@@3NA,0x01354938
?x3d_D3DXMatrixAffineTransformation@@YGPAUD3DXMATRIX@@PAU1@MPBUD3DXVECTOR3@@PBUD3DXQUATERNION@@1@Z,0x00EA501E
?x3d_D3DXMatrixInverse@@YGPAUD3DXMATRIX@@PAU1@PAMPBU1@@Z,0x00EA75AB
?x3d_D3DXMatrixInverse_K7@@YGPAUD3DXMATRIX@@PAU1@PAMPBU1@@Z,0x00EA6B9D
?x3d_D3DXMatrixMultiply@@YGPAUD3DXMATRIX@@PAU1@PBU1@1@Z,0x00EA3439
?x3d_D3DXMatrixMultiplyTranspose@@YGPAUD3DXMATRIX@@PAU1@PBU1@1@Z,0x00EA6E7F
?x3d_D3DXMatrixReflect@@YGPAUD3DXMATRIX@@PAU1@PBUD3DXPLANE@@@Z,0x00EA3875
?x3d_D3DXMatrixRotationAxis@@YGPAUD3DXMATRIX@@PAU1@PBUD3DXVECTOR3@@M@Z,0x00EA5552
?x3d_D3DXMatrixRotationQuaternion@@YGPAUD3DXMATRIX@@PAU1@PBUD3DXQUATERNION@@@Z,0x00EA3B5A
?x3d_D3DXMatrixRotationQuaternion_K7@@YGPAUD3DXMATRIX@@PAU1@PBUD3DXQUATERNION@@@Z,0x00EA3C2C
?x3d_D3DXMatrixRotationX@@YGPAUD3DXMATRIX@@PAU1@M@Z,0x00EA3951
?x3d_D3DXMatrixRotationY@@YGPAUD3DXMATRIX@@PAU1@M@Z,0x00EA39B4
?x3d_D3DXMatrixRotationYawPitchRoll@@YGPAUD3DXMATRIX@@PAU1@MMM@Z,0x00EA4E79
?x3d_D3DXMatrixRotationZ@@YGPAUD3DXMATRIX@@PAU1@M@Z,0x00EA3A12
?x3d_D3DXMatrixScaling@@YGPAUD3DXMATRIX@@PAU1@MMM@Z,0x00EA3A6B
?x3d_D3DXMatrixShadow@@YGPAUD3DXMATRIX@@PAU1@PBUD3DXVECTOR4@@PBUD3DXPLANE@@@Z,0x00EA378A
?x3d_D3DXMatrixTranslation@@YGPAUD3DXMATRIX@@PAU1@MMM@Z,0x00EA373A
?x3d_D3DXMatrixTranspose@@YGPAUD3DXMATRIX@@PAU1@PBU1@@Z,0x00EA3AB2
?x3d_D3DXMatrixfDeterminant@@YGMPBUD3DXMATRIX@@@Z,0x00EA366B
?x3d_D3DXPlaneFromPointNormal@@YGPAUD3DXPLANE@@PAU1@PBUD3DXVECTOR3@@1@Z,0x00EA8EA6
?x3d_D3DXPlaneFromPoints@@YGPAUD3DXPLANE@@PAU1@PBUD3DXVECTOR3@@11@Z,0x00EA8EE9
?x3d_D3DXPlaneIntersectLine@@YGPAUD3DXVECTOR3@@PAU1@PBUD3DXPLANE@@PBU1@2@Z,0x00EA8FCD
?x3d_D3DXPlaneNormalize@@YGPAUD3DXPLANE@@PAU1@PBU1@@Z,0x00EA908B
?x3d_D3DXQuaternionBaryCentric@@YGPAUD3DXQUATERNION@@PAU1@PBU1@11MM@Z,0x00EA268F
?x3d_D3DXQuaternionExp@@YGPAUD3DXQUATERNION@@PAU1@PBU1@@Z,0x00EA28B9
?x3d_D3DXQuaternionInverse@@YGPAUD3DXQUATERNION@@PAU1@PBU1@@Z,0x00EA27AE
?x3d_D3DXQuaternionLn@@YGPAUD3DXQUATERNION@@PAU1@PBU1@@Z,0x00EA2812
?x3d_D3DXQuaternionMultiply@@YGPAUD3DXQUATERNION@@PAU1@PBU1@1@Z,0x00EA1EBC
?x3d_D3DXQuaternionNormalize@@YGPAUD3DXQUATERNION@@PAU1@PBU1@@Z,0x00EA1F55
?x3d_D3DXQuaternionRotationAxis@@YGPAUD3DXQUATERNION@@PAU1@PBUD3DXVECTOR3@@M@Z,0x00EA24EC
?x3d_D3DXQuaternionRotationMatrix@@YGPAUD3DXQUATERNION@@PAU1@PBUD3DXMATRIX@@@Z,0x00EA1FF6
?x3d_D3DXQuaternionRotationMatrix_K7@@YGPAUD3DXQUATERNION@@PAU1@PBUD3DXMATRIX@@@Z,0x00EA2212
?x3d_D3DXQuaternionRotationYawPitchRoll@@YGPAUD3DXQUATERNION@@PAU1@MMM@Z,0x00EA2427
?x3d_D3DXQuaternionSlerp@@YGPAUD3DXQUATERNION@@PAU1@PBU1@1M@Z,0x00EA2558
?x3d_D3DXQuaternionSquad@@YGPAUD3DXQUATERNION@@PAU1@PBU1@111M@Z,0x00EA271C
?x3d_D3DXQuaternionSquadSetup@@YGXPAUD3DXQUATERNION@@00PBU1@111@Z,0x00EA2A00
?x3d_D3DXQuaternionToAxisAngle@@YGXPBUD3DXQUATERNION@@PAUD3DXVECTOR3@@PAM@Z,0x00EA1FB2
?x3d_D3DXVec2BaryCentric@@YGPAUD3DXVECTOR2@@PAU1@PBU1@11MM@Z,0x00EA8945
?x3d_D3DXVec2CatmullRom@@YGPAUD3DXVECTOR2@@PAU1@PBU1@111M@Z,0x00EA89D1
?x3d_D3DXVec2Hermite@@YGPAUD3DXVECTOR2@@PAU1@PBU1@111M@Z,0x00EA88AD
?x3d_D3DXVec2Normalize@@YGPAUD3DXVECTOR2@@PAU1@PBU1@@Z,0x00EA898E
?x3d_D3DXVec3BaryCentric@@YGPAUD3DXVECTOR3@@PAU1@PBU1@11MM@Z,0x00EA76FE
?x3d_D3DXVec3CatmullRom@@YGPAUD3DXVECTOR3@@PAU1@PBU1@111M@Z,0x00EA7843
?x3d_D3DXVec3Hermite@@YGPAUD3DXVECTOR3@@PAU1@PBU1@111M@Z,0x00EA776F
?x3d_D3DXVec3Normalize@@YGPAUD3DXVECTOR3@@PAU1@PBU1@@Z,0x00EA769F
?x3d_D3DXVec3Project@@YGPAUD3DXVECTOR3@@PAU1@PBU1@PBU_D3DVIEWPORT9@@PBUD3DXMATRIX@@33@Z,0x00EA7F81
?x3d_D3DXVec3Unproject@@YGPAUD3DXVECTOR3@@PAU1@PBU1@PBU_D3DVIEWPORT9@@PBUD3DXMATRIX@@33@Z,0x00EA8109
?x3d_D3DXVec3Unproject_K7@@YGPAUD3DXVECTOR3@@PAU1@PBU1@PBU_D3DVIEWPORT9@@PBUD3DXMATRIX@@33@Z,0x00EA832F
?x3d_D3DXVec4BaryCentric@@YGPAUD3DXVECTOR4@@PAU1@PBU1@11MM@Z,0x00EA8C8F
?x3d_D3DXVec4CatmullRom@@YGPAUD3DXVECTOR4@@PAU1@PBU1@111M@Z,0x00EA8DC8
?x3d_D3DXVec4Cross@@YGPAUD3DXVECTOR4@@PAU1@PBU1@11@Z,0x00EA8B5D
?x3d_D3DXVec4Hermite@@YGPAUD3DXVECTOR4@@PAU1@PBU1@111M@Z,0x00EA8D00
?x3d_D3DXVec4Normalize@@YGPAUD3DXVECTOR4@@PAU1@PBU1@@Z,0x00EA8AFE
?x86_D3DXMatrixMultiply@@YGPAUD3DXMATRIX@@PAU1@PBU1@1@Z,0x00E5F17B
?x86_D3DXMatrixMultiplyTranspose@@YGPAUD3DXMATRIX@@PAU1@PBU1@1@Z,0x00E5F25E
?x86_D3DXVec2Transform@@YGPAUD3DXVECTOR4@@PAU1@PBUD3DXVECTOR2@@PBUD3DXMATRIX@@@Z,0x00E5EE4B
?x86_D3DXVec2TransformNormal@@YGPAUD3DXVECTOR2@@PAU1@PBU1@PBUD3DXMATRIX@@@Z,0x00E5EEB4
?x86_D3DXVec3Normalize@@YGPAUD3DXVECTOR3@@PAU1@PBU1@@Z,0x00E5F0B1
?x86_D3DXVec3Transform@@YGPAUD3DXVECTOR4@@PAU1@PBUD3DXVECTOR3@@PBUD3DXMATRIX@@@Z,0x00E5EEE9
?x86_D3DXVec3TransformNormal@@YGPAUD3DXVECTOR3@@PAU1@PBU1@PBUD3DXMATRIX@@@Z,0x00E5EF74
?x86_D3DXVec4Transform@@YGPAUD3DXVECTOR4@@PAU1@PBU1@PBUD3DXMATRIX@@@Z,0x00E5EFD3
?x_rgPMTemplateIds@@3PAPBU_GUID@@A,0x012DE848
?x_rgTemplateIds@@3PAPBU_GUID@@A,0x012DE828
?x_szDefaultNames@@3PAPBDA,0x012DE858
_AMDSSE_D3DXPlaneTransformArray@24,0x00EA1080
_AMDSSE_D3DXVec2TransformArray@24,0x00EA1200
_AMDSSE_D3DXVec2TransformCoordArray@24,0x00EA1460
_AMDSSE_D3DXVec2TransformNormalArray@24,0x00EA16C0
_AMDSSE_D3DXVec3TransformArray@24,0x00EA1880
_AMDSSE_D3DXVec3TransformCoordArray@24,0x00EA1920
_AMDSSE_D3DXVec3TransformNormalArray@24,0x00EA1C40
_AMDSSE_D3DXVec4TransformArray@24,0x00EA1140
_AMDX3D_D3DXFloat16To32Array@12,0x00EA8500
_AMDX3D_D3DXFloat32To16Array@12,0x00EA8640
_AODCrushCollideFieldParse,0x0041A122
_AODHordeContainFieldParse,0x004334F6
_AnimalAIUpdateFieldParse,0x00436E30
_ArmorUpgradeFieldParse,0x004484F5
_ArrowStormUpdateModuleData_vtbl,0x010B3668
_AssaultTransportAIUpdateFieldParse,0x0040A35D
_AssistedTargetingUpdateFieldParse,0x00414CC2
_AttributeModifierUpgradeFieldParse,0x004225B6
_AutoHealBehaviorFieldParse,0x0043AF21
_BFMENetworkBackendThreadStart@4,0x00DDB630
_BaseUpgradeFieldParse,0x0042ED57
_BfmeBaseVUQVft,0x01073744
_BfmeItoaImport,0x0135935C
_BloodthirstyUpdateFieldParse,0x0042C822
_BoneFXDamageFieldParse,0x00428D8A
_BoxEmissionVolumeConcrete_vtbl0,0x011111D4
_BoxEmissionVolumeConcrete_vtbl4,0x011111D0
_BoxEmissionVolumeConcrete_vtbl8,0x011111BC
_BridgeTowerBehaviorFieldParse,0x00439A72
_BroadcastStealthUpdateFieldParse,0x004094F3
_CastleUpgradeFieldParse,0x0040D56C
_CategoryModuleTemplate06_sub_vtbl,0x0110FC94
_CategoryModuleTemplate06_vtbl0,0x0110FC80
_CategoryModuleTemplate06_vtbl4,0x0110FC7C
_CategoryModuleTemplate07_vtbl0,0x01073848
_CategoryModuleTemplate07_vtbl4,0x01073844
_CategoryModuleTemplate8_vtbl0,0x01073848
_CategoryModuleTemplate8_vtbl4,0x01073844
_CivilianSpawnUpdateFieldParse,0x0040B825
_CloudBreakSpecialPowerFieldParse,0x0043EC8E
_CommSRPConnect,0x00C16970
_CommSRPListen,0x00C16660
_CommSRPResolve,0x00C15760
_CommSRPSend,0x00C158B0
_CommTCPResolve,0x00C143D0
_ContestableContainFieldParse,0x00415654
_ContestableContainModuleData_vtbl,0x010AFE60
_CritterEmitterUpdateFieldParse,0x004215DA
_CylinderEmissionVolumeConcrete_vtbl0,0x0111122C
_CylinderEmissionVolumeConcrete_vtbl4,0x01111228
_CylinderEmissionVolumeConcrete_vtbl8,0x01111214
_DXFILEOBJ_DeclData,0x0114D9B8
_DXFILEOBJ_EffectDWord,0x0114D988
_DXFILEOBJ_EffectFloats,0x0114D9A8
_DXFILEOBJ_EffectInstance,0x0114D948
_DXFILEOBJ_EffectParamDWord,0x0114D958
_DXFILEOBJ_EffectParamFloats,0x0114D978
_DXFILEOBJ_EffectParamString,0x0114D968
_DXFILEOBJ_EffectString,0x0114D998
_DXFILEOBJ_FVFData,0x0114D9D8
_DXFILEOBJ_FaceAdjacency,0x0114DA58
_DXFILEOBJ_PMInfo,0x0114DA08
_DXFILEOBJ_PatchMesh9,0x0114DA18
_DXFILEOBJ_SkinWeights,0x0114DA48
_DXFILEOBJ_VertexDuplicationIndices,0x0114DA68
_DXFILEOBJ_XSkinMeshHeader,0x0114DA78
_DefaultModuleTemplate00FieldParse,0x01113360
_DefaultModuleTemplate00_sub_vtbl,0x011108CC
_DefaultModuleTemplate00_vtbl0,0x011108B8
_DefaultModuleTemplate00_vtbl4,0x011108B4
_DefaultModuleTemplate01FieldParse,0x01114958
_DefaultModuleTemplate01_sub_vtbl,0x01110C64
_DefaultModuleTemplate01_vtbl0,0x01110C50
_DefaultModuleTemplate01_vtbl4,0x01110C4C
_DefaultModuleTemplate02FieldParse,0x011145B0
_DefaultModuleTemplate05FieldParse,0x01113594
_DefaultModuleTemplate05_sub_vtbl,0x0111094C
_DefaultModuleTemplate05_vtbl0,0x01110938
_DefaultModuleTemplate05_vtbl4,0x01110934
_DefaultModuleTemplate06FieldParse,0x01114768
_DefaultModuleTemplate0AFieldParse,0x01113460
_DefaultModuleTemplate0A_sub_vtbl,0x0111090C
_DefaultModuleTemplate0A_vtbl0,0x011108F8
_DefaultModuleTemplate0A_vtbl4,0x011108F4
_DefaultModuleTemplate0Concrete_vtbl0,0x01110F98
_DefaultModuleTemplate0Concrete_vtbl4,0x01110F94
_DefaultModuleTemplate0Concrete_vtbl8,0x01110F80
_DefaultModuleTemplate1Concrete_vtbl0,0x01110F6C
_DefaultModuleTemplate1Concrete_vtbl4,0x01110F68
_DefaultModuleTemplate1Concrete_vtbl8,0x01110F54
_DefaultModuleTemplate2Concrete_vtbl0,0x01110FF0
_DefaultModuleTemplate2Concrete_vtbl4,0x01110FEC
_DefaultModuleTemplate2Concrete_vtbl8,0x01110FD8
_DefaultModuleTemplate3Concrete_vtbl0,0x01110FC4
_DefaultModuleTemplate3Concrete_vtbl4,0x01110FC0
_DefaultModuleTemplate3Concrete_vtbl8,0x01110FAC
_DefaultModuleTemplate6Concrete_vtbl0,0x01110E0C
_DefaultModuleTemplate6Concrete_vtbl4,0x01110E08
_DefaultModuleTemplate6Concrete_vtbl8,0x01110DF4
_DefaultModuleTemplate6_vtbl0,0x0111101C
_DefaultModuleTemplate6_vtbl4,0x01111018
_DefaultModuleTemplate6_vtbl8,0x01111004
_DefaultModuleTemplate7Concrete_vtbl0,0x01111048
_DefaultModuleTemplate7Concrete_vtbl4,0x01111044
_DefaultModuleTemplate7Concrete_vtbl8,0x01111030
_DefaultProductionExitUpdateFieldParse,0x00423687
_DelayedLuaEventUpdateFieldParse,0x0041B199
_DelayedUpgradeFieldParse,0x00427278
_DeletionUpdateFieldParse,0x0040F83A
_DeployStyleAIUpdateFieldParse,0x00406708
_DestroyEnvironmentUpdateFieldParse,0x00414B87
_DominateEnemySpecialPowerFieldParse,0x00413C23
_DualWeaponBehaviorFieldParse,0x00425B4E
_ElvenWoodSpecialPowerFieldParse,0x00439176
_ElvenWoodSpecialPowerModuleData_vtbl,0x010B4C38
_EmotionTrackerUpdateFieldParse,0x00417FD5
_EntEnragedInitialValueData,0x010BE788
_EnumLocalesProcA@4,0x00C4E210
_EvacuateDamageFieldParse,0x0042DD8A
_ExperienceLevelCreateFieldParse,0x00413719
_FadeAndDieOrnamentUpdateFieldParse,0x004318BD
_FoundationAIUpdateFieldParse,0x004231E6
_FreezingRainSpecialPowerFieldParse,0x0044157E
_GOAGetUniqueID,0x012C83C0
_GPConnectionManagerHostname,0x012D6BE8
_GPSearchManagerHostname,0x012D6C28
_GSIACHostname,0x01352900
_GSIResolveHostnameThread@4,0x00C54860
_GUID_SysKeyboard,0x011BB384
_GUID_SysMouse,0x011BB394
_GateOpenAndCloseBehaviorFieldParse,0x004141E1
_GateProxyBehaviorFieldParse,0x004141E1
_GenBase009EB7D0_vtbl,0x01145744
_GeometryNames,0x012D4CD8
_GeometryUpgradeFieldParse,0x0042A4C3
_GiantBirdSlowDeathBehaviorFieldParse,0x0043C268
_GiveUpgradeUpdateFieldParse,0x00410CEE
_GiveUpgradeUpdateModuleData_vtbl,0x010B53D0
_HealCrateCollideFieldParse,0x00412742
_HijackerUpdateFieldParse,0x00420BDA
_HordeAIUpdateFieldParse,0x0043572E
_HordeContainFieldParse,0x0043DE29
_HordeGarrisonContainFieldParse,0x00405245
_HordeMemberCollideFieldParse,0x004173DC
_HorseHordeContainFieldParse,0x004334F6
_IID_ID3DXBaseMesh,0x0114DAD8
_IID_ID3DXBuffer,0x0114DBC8
_IID_ID3DXConstantTable,0x0114D928
_IID_ID3DXMesh,0x0114DAC8
_IID_ID3DXPMesh,0x0114DAB8
_IID_ID3DXRenderToEnvMap,0x0114DAA8
_IID_ID3DXRenderToSurface,0x0114DAA8
_IID_ID3DXSkinInfo,0x0114DA98
_IID_IDirect3DTexture9,0x0114DCB8
_IID_IDirect3DVolumeTexture9,0x0114DC98
_IID_IDirectInput8,0x011BB4F4
_IID_IDirectXFileData,0x0114DB18
_IID_IDirectXFileDataReference,0x0114DB08
_IID_IUnknown,0x011BC3BC
_LaserUpdate_vftable,0x01115370
_LevelGrantSpecialPowerFieldParse,0x0044128B
_LevelUpUpgradeFieldParse,0x0041CFF8
_LifeEventConcrete_vtbl0,0x01111424
_LifeEventConcrete_vtbl12,0x0111140C
_LifeEventConcrete_vtbl4,0x01111420
_LineEmissionVolumeConcrete_vtbl0,0x011111A8
_LineEmissionVolumeConcrete_vtbl4,0x011111A4
_LineEmissionVolumeConcrete_vtbl8,0x01111190
_LocomotorSetUpgradeFieldParse,0x0044A30E
_Made001E5940_vtbl,0x010CE9CC
_Made001E5A20_vtbl,0x010CE8FC
_ModelConditionUpgradeFieldParse,0x0043B41C
_ModuleTemplate_vtbl0,0x01073758
_MoneyCrateCollideFieldParse,0x0042BAEE
_OathbreakersFadeAwayBehaviorFieldParse,0x0042AEF5
_ObjectCreationUpgradeFieldParse,0x00409D59
_ObjectDefectionHelper_vtbl0,0x0109E574
_ObjectDefectionHelper_vtbl0C,0x0109E4B0
_ObjectDefectionHelper_vtbl10,0x0109E4A0
_OneRingPenaltyUpdateFieldParse,0x0043777C
_PartTheHeavensUpdateFieldParse,0x004248A2
_PassiveAreaEffectBehaviorFieldParse,0x00424D9D
_PorcupineFormationBodyModuleFieldParse,0x0044A061
_ProductionSpeedBonusFieldParse,0x0042D713
_QueueProductionExitUpdateFieldParse,0x00410451
_RadarUpgradeFieldParse,0x00429F41
_RadiusDecalUpdateFieldParse,0x004420F0
_RainOfFireUpdateFieldParse,0x0043F904
_RandomSoundSelectorClientBehaviorFieldParse,0x004260F3
_ReflectDamageFieldParse,0x0040A00B
_RefundDieFieldParse,0x0040F4BB
_RenderObjectDrawCategory_vtbl4,0x0110F97C
_RenderObjectDrawConcrete_vtbl0,0x01111398
_RenderObjectDrawConcrete_vtbl4,0x01111394
_RenderObjectDrawConcrete_vtbl8,0x01111380
_RenderObjectDrawModuleInfo_vtbl,0x011112B8
_RespawnBodyFieldParse,0x0044B650
_RunOffMapBehaviorFieldParse,0x00412F80
_Rva0005B930_CharUpperW9x@4,0x004366BF
_Rva0005DD20_lstrcmpiW9x@8,0x00439239
_Rva0005DE80_CharLowerW9x@4,0x004115AE
_Rva0005E9A0_CompareStringW9x@24,0x004463CB
_Rva0005F680_GetEnvironmentVariableW9x@12,0x0042BF49
_Rva0018A0F0StatePredicate,0x0058A0F0
_Rva007FD170,0x00BFD170
_Rva007FE200,0x00BFE200
_Rva007FE210,0x00BFE210
_Rva007FE250,0x00BFE250
_Rva007FE620,0x00BFE620
_Rva00812690,0x00C12690
_Rva00812DD0,0x00C12DD0
_Rva00812FD0,0x00C12FD0
_Rva008139A0,0x00C139A0
_Rva00813A50,0x00C13A50
_Rva00813D00,0x00C13D00
_Rva00813E30,0x00C13E30
_Rva00813E50,0x00C13E50
_Rva00813F20,0x00C13F20
_Rva00813F90,0x00C13F90
_Rva00814040,0x00C14040
_Rva00814070,0x00C14070
_Rva008140A0,0x00C140A0
_Rva008140D0,0x00C140D0
_Rva008142D0,0x00C142D0
_Rva008143A0,0x00C143A0
_Rva008143F0,0x00C143F0
_Rva00814400,0x00C14400
_Rva00814460,0x00C14460
_Rva008144C0,0x00C144C0
_Rva00814520,0x00C14520
_Rva00814540,0x00C14540
_Rva00814700,0x00C14700
_Rva00814EA0,0x00C14EA0
_Rva00814F70,0x00C14F70
_Rva00814FE0,0x00C14FE0
_Rva008151E0,0x00C151E0
_Rva00815300,0x00C15300
_Rva00815510,0x00C15510
_Rva00815730,0x00C15730
_Rva00815790,0x00C15790
_Rva008157E0,0x00C157E0
_Rva00815830,0x00C15830
_Rva00816520,0x00C16520
_Rva008165F0,0x00C165F0
_Rva00816BF0,0x00C16BF0
_Rva00816E70,0x00C16E70
_Rva008171C0Op,0x00C171C0
_Rva00817210Op,0x00C17210
_Rva00817230Op,0x00C17230
_Rva00817240Op,0x00C17240
_Rva008172C0Op,0x00C172C0
_Rva00817340Op,0x00C17340
_Rva008173A0Op,0x00C173A0
_Rva008173C0Op,0x00C173C0
_Rva00818BF0Op,0x00C18BF0
_Rva00818CB0,0x00C18CB0
_Rva00818D20Op,0x00C18D20
_Rva00818D90Op,0x00C18D90
_Rva00819300Op,0x00C19300
_Rva00819630,0x00C19630
_Rva0081ACD0,0x00C1ACD0
_Rva0081AE20,0x00C1AE20
_Rva0081B790,0x00C1B790
_Rva0081B830,0x00C1B830
_Rva0081B910,0x00C1B910
_Rva0081B9B0,0x00C1B9B0
_Rva0081B9D0,0x00C1B9D0
_Rva0081BA60,0x00C1BA60
_Rva0081BC80,0x00C1BC80
_Rva0081BD40,0x00C1BD40
_Rva0088E100WatchdogThread@4,0x00C8E100
_Rva0088E190TimerTick@16,0x00C8E190
_Rva008A30A0ReleasePtr,0x0133782C
_Rva009BA790,0x00DBA790
_Rva009BD470Vp6FilterSse,0x00DBD470
_Rva009BD750Vp6FilterWide,0x00DBD750
_Rva009BE180Vp6FilterWideV2,0x00DBE180
_Rva009C2320Vp6FilterDiag4,0x00DC2320
_Rva009C2620Vp6FilterDiag4,0x00DC2620
_Rva011139E4_W3D_Extension,0x011139E4
_Rva012C4890,0x012C4890
_Rva012C48B4,0x012C48B4
_Rva012C48D0,0x012C48D0
_Rva012C48E8,0x012C48E8
_Rva012C48F0,0x012C48F0
_Rva012C48F8,0x012C48F8
_Rva012C4924,0x012C4924
_Rva012C4934,0x012C4934
_Rva012C4938,0x012C4938
_Rva012C49B4,0x012C49B4
_Rva012C49D4,0x012C49D4
_Rva012C49F4,0x012C49F4
_Rva012C4A14,0x012C4A14
_Rva012C4A34,0x012C4A34
_Rva012C4A39,0x012C4A39
_Rva012C4A3E,0x012C4A3E
_Rva012C4A40,0x012C4A40
_Rva012C4A80,0x012C4A80
_Rva012C4AAC,0x012C4AAC
_Rva012C4AF0,0x012C4AF0
_Rva012C4B0C,0x012C4B0C
_Rva012C4BD8,0x012C4BD8
_Rva012C4C24,0x012C4C24
_Rva0130ACF9,0x0130ACF9
_Rva01358CCC,0x01358CCC
_Rva01358D00,0x01358D00
_Rva01358DDC,0x01358DDC
_Rva01358E3C,0x01358E3C
_Rva01358E44,0x01358E44
_Rva01358F30,0x01358F30
_SBNullServer,0x0130D520
_SBOverrideMasterServer,0x0130E698
_ScavengerSpecialPowerFieldParse,0x0040F9E3
_ShareBufferClassUnsignedShort_vtbl_final,0x011135AC
_ShareBufferClassUnsignedShort_vtbl_interim,0x0113C110
_ShareExperienceBehaviorFieldParse,0x0043A657
_ShroudCrateCollideFieldParse,0x00412742
_SiegeAIUpdateFieldParse,0x0043D9FB
_SiegeDeploySpecialPower_vtbl0,0x010B7564
_SiegeDeploySpecialPower_vtbl0C,0x010B74A0
_SiegeDeploySpecialPower_vtbl10,0x010B7494
_SiegeDeploySpecialPower_vtbl20,0x010B7468
_SiegeDeploySpecialPower_vtbl24,0x010B73F0
_SiegeEngineContainFieldParse,0x00431A20
_SlaughterHordeContain_vtbl0,0x010B11C0
_SlaughterHordeContain_vtbl0C,0x010B10F8
_SlaughterHordeContain_vtbl10,0x010B10E8
_SlaughterHordeContain_vtbl20,0x010B0F40
_SlaughterHordeContain_vtbl24,0x010B0F20
_SlaughterHordeContain_vtbl28,0x010B0F1C
_SlaughterHordeContain_vtbl2C,0x010B0F0C
_SlaughterHordeContain_vtbl30,0x010B0ED0
_SlaughterHordeContain_vtbl34,0x010B0EC0
_SlaveWatcherBehaviorFieldParse,0x0042C115
_SlavedUpdateFieldParse,0x0043978E
_SpawnBehaviorFieldParse,0x0040AF60
_SpawnPointProductionExitUpdateFieldParse,0x00442979
_SpawnUnitBehaviorFieldParse,0x0040A727
_SpecialAbilityUpdateBase_vtbl20,0x010B7C6C
_SpecialDisguiseUpdateFieldParse,0x0044331A
_SpecialDisguiseUpdateModuleData_vtbl,0x010B7770
_SpecialEnemySenseUpdateFieldParse,0x00434252
_StatsServerHostname,0x012D9090
_StealthUpdateFieldParse,0x0041D8F9
_StealthUpgradeFieldParse,0x00420798
_SubObjectsUpgradeFieldParse,0x00447E65
_SupplyCenterProductionExitUpdateFieldParse,0x004353E6
_SupplyTruckAIUpdateModuleData_vtbl,0x0108A3A8
_TaintSpecialPowerFieldParse,0x0042C8C7
_TemporarilyDefectUpdateFieldParse,0x0043DDE3
_TerrainCollisionConcrete_vtbl0,0x01111450
_TerrainCollisionConcrete_vtbl12,0x01111438
_TerrainCollisionConcrete_vtbl4,0x0111144C
_TheAIParseDefinitionAI,0x012EF214
_ToggleHiddenSpecialAbilityUpdateFieldParse,0x0040955C
_TooltipUpgradeFieldParse,0x004297E9
_TransitionDamageFX_vtbl0,0x010B265C
_TransitionDamageFX_vtbl10,0x010B2588
_TransitionDamageFX_vtblC,0x010B2598
_TransportAIUpdateFieldParse,0x0043572E
_UpgradeSoundSelectorClientBehaviorFieldParse,0x004151A9
_VeterancyCrateCollideFieldParse,0x00412751
_Vp6FilterConst8720,0x012D8720
_Vp6FilterConst8730,0x012D8730
_Vp6FilterConst8740,0x012D8740
_Vp6FilterConst8750,0x012D8750
_Vp6FilterConst8760,0x012D8760
_Vp6FilterConst8770,0x012D8770
_Vp6FilterConst8780,0x012D8780
_Vp6FilterConst8790,0x012D8790
_Vp6FilterConst8840,0x012D8840
_Vp6FilterConst8850,0x012D8850
_Vp6FilterConst8860,0x012D8860
_Vp6FilterConst8870,0x012D8870
_Vp6FilterConst8880,0x012D8880
_Vp6FilterConst8890,0x012D8890
_Vp6FilterConst88A0,0x012D88A0
_Vp6FilterConst88B0,0x012D88B0
_Vp6FilterEdgeTagTable,0x012D8158
_W3AtlParseLocaleAcp@0,0x0041B770
_W3AtlThreadAcp@0,0x00402C34
_W3DBuffDrawFieldParse,0x0041AB2C
_W3DFloorDrawFieldParse,0x00414BAA
_W3DHordeModelDrawFieldParse,0x00427179
_W3DHordeModelDrawModuleData_vtbl,0x01122348
_W3DLightDrawFieldParse,0x0043B5D9
_W3DQuadrupedDrawFieldParse,0x0041E2A9
_W3DScriptedModelDrawFieldParse,0x00422584
_W3DStreakDrawFieldParse,0x0041DAB6
_W3DTankDrawFieldParse,0x0041DAE3
_W3DTruckDrawFieldParse,0x0042DF33
_WanderAIUpdateFieldParse,0x004027DE
_WatchCacheCompare,0x00C65550
_WatchCacheFree,0x00C65590
_WatchCacheHash,0x00C65510
_WatchKeysCompare,0x00C654E0
_WatchKeysFree,0x00C65500
_WatchKeysHash,0x00C654A0
_WeaponChangeSpecialPowerModuleFieldParse,0x0043FD3C
_WeaponFireSpecialAbilityUpdateModuleData_vtbl,0x010B8D98
_WeaponModeSpecialPowerUpdateModuleData_vtbl,0x010C5510
_WeaponStore_vtbl,0x010A13C8
_WideAllocPtr,0x01337828
_WorkerAIUpdateModuleData_vtbl,0x0108A680
__GUID_00000000_0000_0000_0000_000000000000,0x011BC35C
__GUID_00000000_0000_0000_c000_000000000046,0x0113DF10
__GUID_00020400_0000_0000_c000_000000000046,0x011BC38C
__GUID_1cf2b120_547d_101b_8e65_08002b2bd119,0x011BC37C
__GUID_df0b3d60_548f_101b_8e65_08002b2bd119,0x011BC334
__GUID_ee883b17_0778_4b18_a12b_e44c0d298412,0x0113DF00
__TI1?AUXferException@@,0x011DFE5C
__TI1?AVCAtlException@@,0x011DF9A0
__TI1?AVINIException@@,0x011DFC30
__TI1?AVXferException@@,0x011DFE5C
__TI1?AV_com_error@@,0x0125187C
__TI1H,0x012454C0
__TI1I,0x011E0004
__TI2?AVFunctorNotSet@@,0x011E1CE4
__TI2?AVRva0033AF00Exception@@,0x01207858
__TheAIParseDefinitionAI,0x012EF214
___GSIACGamename,0x013528C0
___GSIACResult,0x01352894
___gameMemAllocPtr,0x0130E9B4
___gameMemFreePtr,0x0130E9AC
___imp__atoi,0x01359384
___imp__sprintf,0x0135948C
___imp__tolower,0x013594FC
___onexitbegin,0x01357214
___onexitend,0x01357204
___rg_country,0x012C82D8
___rg_language,0x012C80D0
___rtc_iaa,0x011DF278
___rtc_izz,0x011DF4F4
___rtc_taa,0x011DF5F8
___rtc_tzz,0x011DF874
___security_cookie,0x012DBDB0
__bfmeDynBufXZ,0x01346754
__bfmeDynElemXZ,0x013467F0
__bfmeDynFvfXZ,0x0113BD28
__bfmeDynInUseXZ,0x01346740
__bfmeDynOffsetXZ,0x01346794
__bfmeDynSizeXZ,0x013467B4
__bfmeNullNameXZ,0x01080374
__bfmeScaleCB,0x010EC714
__bfmeString10CF498,0x010CF498
__bfmeTagAPB,0x011DFC30
__bfmeVfAXZ,0x0113E878
__bfmeVfBXZ,0x0113E870
__bfmeVftARCa,0x01073744
__bfmeVftAVBb,0x010ECB78
__bfmeVftAVBc,0x010ECB64
__bfmeVftTC,0x011051EC
__bfmeVftVE,0x0107C7D0
__bfmeVftXB,0x0109BFC8
__dist_code,0x0112DA70
__except_handler3,0x00DF6C50
__imp_??0exception@@QAE@ABV0@@Z,0x01359210
__imp_??0exception@@QAE@XZ,0x01359214
__imp_??1exception@@UAE@XZ,0x01359218
__imp_??3@YAXPAXI@Z,0x01337830
__imp_??3BfmeElemBV@@SAXPAXI@Z,0x01337830
__imp_??3BfmeElemBW@@SAXPAXI@Z,0x01337830
__imp_??_VBfmeElemBV@@SAXPAX@Z,0x0133782C
__imp_??_VBfmeElemBW@@SAXPAX@Z,0x0133782C
__imp_?ClipCursor@@YGHPBUtagRECT@@@Z,0x01358FB0
__imp_?CloseHandle@@YGHPAX@Z,0x01358CCC
__imp_?CreateThread@@YGPAXPAXI00IPAI@Z,0x01358D00
__imp_?GetCPInfo@@YGHIPAURva0084D860CpInfo@@@Z,0x01358D50
__imp_?LoadCursorA@@YGPAXPAXPBD@Z,0x01359030
__imp_?Rva01358EA8@@YGXPAX@Z,0x01358EA8
__imp_?Rva01358F30Sleep@@YGXI@Z,0x01358F30
__imp_?SetCapture@@YGPAXPAX@Z,0x01359068
__imp_?_com_raise_error@@YGXJPAX@Z,0x012E600C
__imp_?_set_se_translator@@YAP6AXIPAU_EXCEPTION_POINTERS@@@ZP6AXI0@Z@Z,0x01359220
__imp_?bfmeAddRefVKV@@YGXPAX@Z,0x01358E5C
__imp_?bfmeAtoi1027@@YAHPAD@Z,0x01359384
__imp_?bfmeAtoiVHG@@YAHPBD@Z,0x01359384
__imp_?bfmeBindTTE@@YAXHPAX@Z,0x0135950C
__imp_?bfmeCallVJU@@YAXPAXH@Z,0x013378A8
__imp_?bfmeClose1012@@YGXPAX@Z,0x01358ECC
__imp_?bfmeClose1033@@YGXH@Z,0x01358CCC
__imp_?bfmeClose1038@@YGHPAX@Z,0x01358ECC
__imp_?bfmeCmp1026@@YAHPAD0H@Z,0x013594BC
__imp_?bfmeCmp1027@@YAHPAD0H@Z,0x013594BC
__imp_?bfmeCopyVGK@@YAXPADPBD@Z,0x0135948C
__imp_?bfmeFindSRA@@YGPAXPAXH@Z,0x01359010
__imp_?bfmeFmt1064@@YAHPADI0H@Z,0x0135932C
__imp_?bfmeFmt1064@@YAHPADI0HH@Z,0x0135932C
__imp_?bfmeFmt1067@@YAHPADI0H@Z,0x0135932C
__imp_?bfmeFmt1073@@YAHPADI0N@Z,0x0135932C
__imp_?bfmeFmt1077@@YAHPADI0ZZ,0x0135932C
__imp_?bfmeFmtD1065@@YAHPADI0N@Z,0x0135932C
__imp_?bfmeFmtFl1074@@YAHPADI0N@Z,0x0135932C
__imp_?bfmeFmtIn1074@@YAHPADI0H@Z,0x0135932C
__imp_?bfmeFopenVIF@@YAPAXPBD0@Z,0x013593BC
__imp_?bfmeFree1035@@YAXPAX@Z,0x013593D4
__imp_?bfmeFree912B@@YGXPAX@Z,0x01358CCC
__imp_?bfmeFreeUEW@@YAXPAXI@Z,0x01337830
__imp_?bfmeFreeUXB@@YAXPAX@Z,0x013593A0
__imp_?bfmeFreeVCW@@YAXPAX@Z,0x0133782C
__imp_?bfmeImport928G@@YGXPAX@Z,0x01358F08
__imp_?bfmeImport930C@@YAXPAX@Z,0x013593D4
__imp_?bfmeInitTTD@@YGJPAXH@Z,0x01359188
__imp_?bfmeLenVGI@@YAIPBG@Z,0x01359524
__imp_?bfmeLock1040@@YGXPAUBfmeCs1040@@@Z,0x01358D18
__imp_?bfmeLockVGP@@YGHPAH@Z,0x01358E54
__imp_?bfmeLogSF@@YAHPAUBfmeFileSF@@PBDZZ,0x013593C0
__imp_?bfmeMake1030@@YGHHHH@Z,0x01358CF4
__imp_?bfmeMakeTGE@@YGPAXH@Z,0x01358F08
__imp_?bfmeMap1044@@YGPAXPAXH@Z,0x013590FC
__imp_?bfmeOpen1043@@YGPAXPAD@Z,0x01358E78
__imp_?bfmeOpenSF@@YAPAUBfmeFileSF@@PBD0@Z,0x013593BC
__imp_?bfmeOpenTTE@@YAHPAX@Z,0x013593F8
__imp_?bfmePrint1025@@YAXHPADH@Z,0x0135948C
__imp_?bfmeReleaseTVA@@YGXPAX@Z,0x01358CCC
__imp_?bfmeReleaseTVB@@YGXPAX@Z,0x013591A8
__imp_?bfmeReleaseVGP@@YGXPAX@Z,0x013591A8
__imp_?bfmeReleaseYE@@YGXPAX@Z,0x01358ECC
__imp_?bfmeRemoveVHR@@YAHPBD@Z,0x01359478
__imp_?bfmeRenameVHS@@YAHPBD0@Z,0x0135947C
__imp_?bfmeSet995A@@YGXHMM@Z,0x0135969C
__imp_?bfmeShowSRA@@YGXPAXHH@Z,0x01358FD0
__imp_?bfmeShutSF@@YAHPAUBfmeFileSF@@@Z,0x013593A0
__imp_?bfmeSpf1065@@YAHPAD0H@Z,0x0135948C
__imp_?bfmeSpf1068@@YAHPAD0H@Z,0x0135948C
__imp_?bfmeSpf1070@@YAHPAD0H@Z,0x0135948C
__imp_?bfmeSpf1071@@YAHPAD0H@Z,0x0135948C
__imp_?bfmeSpf1072@@YAHPAD0H@Z,0x0135948C
__imp_?bfmeTickKE@@YGPAXH@Z,0x01359008
__imp_?bfmeUnlock1040@@YGXPAUBfmeCs1040@@@Z,0x01358E74
__imp_?bfmeWait1012@@YGHPAXH@Z,0x01358F64
__imp_?bfmeWait1036@@YGHPAXH@Z,0x01358F64
__imp_?bfmeWait1037@@YGHPAXH@Z,0x01358F64
__imp_?doFree@BfmeFreeHelper@@QAEXXZ,0x013596D8
__imp_?fwrite@@YAIPBXIIPAX@Z,0x013593F4
__imp_?i_0007b670@@YAXXZ,0x01359218
__imp_?i_00336760@@YAXXZ,0x01359218
__imp_?i_00339090@@YAXXZ,0x01359218
__imp_?i_0081bda2@@YAXXZ,0x01358C90
__imp_?i_0081bda8@@YAXXZ,0x01358C80
__imp_?i_0081bdae@@YAXXZ,0x01358C84
__imp_?i_0081bdb4@@YAXXZ,0x01358C9C
__imp_?i_0081bdba@@YAXXZ,0x01358C98
__imp_?i_0081bdc0@@YAXXZ,0x01358C8C
__imp_?i_0081bdc6@@YAXXZ,0x01358C94
__imp_?i_0081bdcc@@YAXXZ,0x01358CA0
__imp_?i_0081bdd2@@YAXXZ,0x01358C88
__imp_?i_0081bdd8@@YAXXZ,0x01358CA8
__imp_?i_0081bdde@@YAXXZ,0x01359718
__imp_?i_0081bde4@@YAXXZ,0x013596E8
__imp_?i_0081bdea@@YAXXZ,0x01359708
__imp_?i_0081bdf0@@YAXXZ,0x0135970C
__imp_?i_0081bdf6@@YAXXZ,0x013596F0
__imp_?i_0081bdfc@@YAXXZ,0x01359734
__imp_?i_0081be02@@YAXXZ,0x01359700
__imp_?i_0081be08@@YAXXZ,0x013596EC
__imp_?i_0081be0e@@YAXXZ,0x01359704
__imp_?i_0081be14@@YAXXZ,0x0135972C
__imp_?i_0081be1a@@YAXXZ,0x01359740
__imp_?i_0081be20@@YAXXZ,0x0135971C
__imp_?i_0081be26@@YAXXZ,0x01358CBC
__imp_?i_0081be2c@@YAXXZ,0x01359730
__imp_?i_0081be32@@YAXXZ,0x01359718
__imp_?i_0081be38@@YAXXZ,0x013596FC
__imp_?i_0081be3e@@YAXXZ,0x0135972C
__imp_?i_0081be44@@YAXXZ,0x0135973C
__imp_?i_0081be4a@@YAXXZ,0x01359724
__imp_?i_0081be50@@YAXXZ,0x01358CC0
__imp_?i_0081be56@@YAXXZ,0x01358CB4
__imp_?i_0081be5c@@YAXXZ,0x01359714
__imp_?i_0081be62@@YAXXZ,0x01359738
__imp_?i_0081be68@@YAXXZ,0x01359728
__imp_?i_0081be6e@@YAXXZ,0x013596F8
__imp_?i_0081be74@@YAXXZ,0x01358CB8
__imp_?i_0081be7a@@YAXXZ,0x01359710
__imp_?i_0081be80@@YAXXZ,0x01358CB0
__imp_?i_008542e0@@YAXXZ,0x01358E0C
__imp_?i_00879190@@YAXXZ,0x0135945C
__imp_?i_008793a0@@YAXXZ,0x01359398
__imp_?i_008793a0@@YGXH@Z,0x0135939C
__imp_?i_00891690@@YAXXZ,0x01337830
__imp_?i_00891700@@YAXXZ,0x01337830
__imp_?i_00891750@@YAXXZ,0x01337830
__imp_?i_008917f0@@YAXXZ,0x01337830
__imp_?i_00891a80@@YAXXZ,0x01337830
__imp_?i_008926c0@@YAXXZ,0x0133782C
__imp_?i_00894c50@@YAXXZ,0x01337830
__imp_?i_00894d50@@YAXXZ,0x01337830
__imp_?i_008976d0@@YAXXZ,0x01337830
__imp_?i_008979b0@@YAXXZ,0x01337830
__imp_?i_008a05b0@@YAXXZ,0x0133782C
__imp_?i_008bd020@@YAXXZ,0x01337830
__imp_?i_008bd040@@YAXXZ,0x01337830
__imp_?i_008bd0c0@@YAXXZ,0x01337830
__imp_?i_009db580@@YAXXZ,0x01358D7C
__imp_?i_009f6bc2@@YAXXZ,0x013591DC
__imp_?i_009f6bc8@@YAXXZ,0x013591E0
__imp_?i_009f6bce@@YAXXZ,0x01359200
__imp_?i_009f6bd4@@YAXXZ,0x013591F0
__imp_?i_009f6bda@@YAXXZ,0x013591FC
__imp_?i_009f6be0@@YAXXZ,0x013591F8
__imp_?i_009f6be6@@YAXXZ,0x013591F4
__imp_?i_009f6bec@@YAXXZ,0x013591D0
__imp_?i_009f6bf2@@YAXXZ,0x013591D4
__imp_?i_009f6bf8@@YAXXZ,0x013591D8
__imp_?i_009f6bfe@@YAXXZ,0x013591C4
__imp_?i_009f6c04@@YAXXZ,0x013591C8
__imp_?i_009f6c0a@@YAXXZ,0x01359208
__imp_?i_009f6c10@@YAXXZ,0x01359204
__imp_?i_009f6c16@@YAXXZ,0x013591E8
__imp_?i_009f6c1c@@YAXXZ,0x013591EC
__imp_?i_009f6c22@@YAXXZ,0x013591E4
__imp_?i_009f6c34@@YAXXZ,0x0135944C
__imp_?i_009f6c3a@@YAXXZ,0x013593D4
__imp_?i_009f6d00@@YAXXZ,0x01359254
__imp_?i_009f6dd6@@YAXXZ,0x0135925C
__imp_?i_009f6de2@@YAXXZ,0x0135948C
__imp_?i_009f6de8@@YAXXZ,0x013594E0
__imp_?i_009f6dee@@YAXXZ,0x01359384
__imp_?i_009f6dfa@@YAXXZ,0x0135949C
__imp_?i_009f6eae@@YAXXZ,0x013593A0
__imp_?i_009f6eb4@@YAXXZ,0x013593F4
__imp_?i_009f6ec0@@YAXXZ,0x01359360
__imp_?i_009f6ec6@@YAXXZ,0x0135945C
__imp_?i_009f6ed2@@YAXXZ,0x013593B8
__imp_?i_009f6f52@@YAXXZ,0x013594F0
__imp_?i_009f6f7c@@YAXXZ,0x01359524
__imp_?i_009f6f9a@@YAXXZ,0x013594FC
__imp_?i_009f6fa0@@YAXXZ,0x0135933C
__imp_?i_009f6fa6@@YAXXZ,0x01359494
__imp_?i_009f6fac@@YAXXZ,0x01359380
__imp_?i_009f6fb8@@YAXXZ,0x013593E4
__imp_?i_009f6fc4@@YAXXZ,0x013593D0
__imp_?i_009f6fe2@@YAXXZ,0x013594BC
__imp_?i_009f700c@@YAXXZ,0x01359444
__imp_?i_009f7024@@YAXXZ,0x01359410
__imp_?i_009f702a@@YAXXZ,0x013592F8
__imp_?i_009f7030@@YAXXZ,0x01359394
__imp_?i_009f709c@@YAXXZ,0x013594D0
__imp_?i_009f70a2@@YAXXZ,0x01359404
__imp_?i_009f70a8@@YAXXZ,0x01359500
__imp_?i_009f70ae@@YAXXZ,0x01359510
__imp_?i_009f70ba@@YAXXZ,0x013594C0
__imp_?i_009f70c0@@YAXXZ,0x01359420
__imp_?i_009f70cc@@YAXXZ,0x01359240
__imp_?i_009f719c@@YAXXZ,0x01359228
__imp_?i_009f71ae@@YAXXZ,0x01359470
__imp_?i_009f71cc@@YAXXZ,0x013594DC
__imp_?i_009f71d8@@YAXXZ,0x0135932C
__imp_?i_009f71ea@@YAXXZ,0x0135939C
__imp_?i_009f7244@@YAXXZ,0x01359464
__imp_?i_009f75b8@@YAXXZ,0x01359458
__imp_?i_009f75be@@YAXXZ,0x013594A8
__imp_?i_009f75c4@@YAXXZ,0x01359460
__imp_?i_009f75ca@@YAXXZ,0x01359498
__imp_?i_009f75d0@@YAXXZ,0x013594B4
__imp_?i_009f75d6@@YAXXZ,0x01359454
__imp_?i_009f7b8e@@YAXXZ,0x01359418
__imp_?i_009f7b94@@YAXXZ,0x01359400
__imp_?i_009f7b9a@@YAXXZ,0x013594B8
__imp_?i_009f7ba0@@YAXXZ,0x013594A0
__imp_?i_009f7cc6@@YAXXZ,0x01359484
__imp_?i_009f7ccc@@YAXXZ,0x01359474
__imp_?i_009f7d20@@YAXXZ,0x013592CC
__imp_?i_009f7d26@@YAXXZ,0x013592D0
__imp_?i_009f7d7a@@YAXXZ,0x01359344
__imp_?i_009f7d80@@YAXXZ,0x0135946C
__imp_?i_009f7d9e@@YAXXZ,0x01359308
__imp_?i_009f7df2@@YAXXZ,0x013592B0
__imp_?i_009f7e04@@YAXXZ,0x013593DC
__imp_?i_009f7e0a@@YAXXZ,0x01359440
__imp_?i_009f7e10@@YAXXZ,0x0135943C
__imp_?i_009f7e28@@YAXXZ,0x01359408
__imp_?i_009f7e40@@YAXXZ,0x01359328
__imp_?i_009f7e4c@@YAXXZ,0x01359448
__imp_?i_009f7ed4@@YAXXZ,0x0135921C
__imp_?i_009f7ee0@@YAXXZ,0x01359260
__imp_?i_009f7efe@@YAXXZ,0x0135928C
__imp_?i_009f7f92@@YAXXZ,0x013592EC
__imp_?i_009f802e@@YAXXZ,0x01359274
__imp_?i_009f8088@@YAXXZ,0x01359250
__imp_?i_009f8878@@YAXXZ,0x01359550
__imp_?i_009f887e@@YAXXZ,0x01359578
__imp_?i_009f8884@@YAXXZ,0x01359570
__imp_?i_009f888a@@YAXXZ,0x01359564
__imp_?i_009f8890@@YAXXZ,0x0135956C
__imp_?i_009f8896@@YAXXZ,0x01359560
__imp_?i_009f889c@@YAXXZ,0x0135955C
__imp_?i_009f88a2@@YAXXZ,0x01359558
__imp_?i_009f88a8@@YAXXZ,0x01359574
__imp_?i_009f88ae@@YAXXZ,0x01359568
__imp_?i_009f88b4@@YAXXZ,0x01359554
__imp_?i_009f9af0@@YAXXZ,0x013596E0
__imp_?i_009f9b70@@YAXXZ,0x013596F4
__imp_?i_009f9b76@@YAXXZ,0x01359720
__imp_?i_009f9bd4@@YAXXZ,0x012DBEDC
__imp_?i_009f9c76@@YAXXZ,0x012DBEE0
__imp_?i_009f9f56@@YAXXZ,0x012DBDF8
__imp_?i_009f9f80@@YAXXZ,0x012DBE1C
__imp_?i_009f9fcc@@YAXXZ,0x012DBE0C
__imp_?i_009fa00b@@YAXXZ,0x012DBE14
__imp_?i_009fa11f@@YAXXZ,0x012DBEC0
__imp_?i_009fa24e@@YAXXZ,0x012DBEC4
__imp_?i_009fa2be@@YAXXZ,0x012DBDFC
__imp_?i_009fa437@@YAXXZ,0x012DBE20
__imp_?i_009fa44e@@YAXXZ,0x012DBEF4
__imp_?i_009fa4a3@@YAXXZ,0x012DBE10
__imp_?i_009fa9be@@YAXXZ,0x012DBED0
__imp_?i_009facad@@YAXXZ,0x012DBE04
__imp_?i_009fafba@@YAXXZ,0x012DBE8C
__imp_?i_009fb6f4@@YAXXZ,0x012DBE7C
__imp_?i_009fb784@@YAXXZ,0x012DBE60
__imp_?i_009fb802@@YAXXZ,0x012DBE70
__imp_?i_009fb89e@@YAXXZ,0x012DBE74
__imp_?i_009fb93b@@YAXXZ,0x012DBE78
__imp_?i_009fb9f7@@YAXXZ,0x012DBEA0
__imp_?i_009fbb0c@@YAXXZ,0x012DBE90
__imp_?i_009fcb4e@@YAXXZ,0x012DBE5C
__imp_?i_009fcc3a@@YAXXZ,0x012DBE44
__imp_?i_009fcdac@@YAXXZ,0x012DBEA8
__imp_?i_009fce70@@YAXXZ,0x012DBED4
__imp_?i_009fcefe@@YAXXZ,0x012DBED8
__imp_?i_009fcfc0@@YAXXZ,0x012DBE84
__imp_?i_009fd211@@YAXXZ,0x012DBE4C
__imp_?i_009fd37a@@YAXXZ,0x012DBE28
__imp_?i_009fd9a4@@YAXXZ,0x012DBF0C
__imp_?i_00afd504@@YAXXZ,0x01359760
__imp_?i_00afd510@@YAXXZ,0x01359760
__imp_?i_00afd528@@YAXXZ,0x01359768
__imp_?i_00afe3ea@@YAXXZ,0x01358E98
__imp_?i_00afe3f0@@YAXXZ,0x01358E94
__imp_?i_00afe3f6@@YAXXZ,0x01358D04
__imp_?i_00afe426@@YAXXZ,0x01358F44
__imp_?i_00afe432@@YAXXZ,0x01358F40
__imp_?i_00b02898@@YAXXZ,0x01359350
__imp_?i_00b0289e@@YAXXZ,0x013592DC
__imp_?i_00b028c4@@YAXXZ,0x01359340
__imp_?i_00b028ca@@YAXXZ,0x0135934C
__imp_?i_00b028d0@@YAXXZ,0x0135924C
__imp_?i_00b028d6@@YAXXZ,0x01359248
__imp_?i_00b028dc@@YAXXZ,0x0135923C
__imp_?i_00b028e2@@YAXXZ,0x01359238
__imp_?i_00b028e8@@YAXXZ,0x013594F4
__imp_?isspace@@YAHH@Z,0x01359420
__imp_?ntohs@@YGHH@Z,0x0135972C
__imp_?sprintf@@YAHPADPBDZZ,0x0135948C
__imp_?timeGetTime@@YGKXZ,0x01359544
__imp_?vswprintf@@YAHPAGIPBGPAD@Z,0x01359228
__imp__AIL_3D_room_type@4,0x01359580
__imp__AIL_3D_sample_playback_rate@4,0x01359588
__imp__AIL_3D_sample_status@4,0x0135958C
__imp__AIL_allocate_3D_sample_handle@4,0x01359594
__imp__AIL_allocate_sample_handle@4,0x01359598
__imp__AIL_close_stream@4,0x013595A4
__imp__AIL_enumerate_3D_providers@12,0x013595AC
__imp__AIL_enumerate_filters@12,0x013595B0
__imp__AIL_get_preference@4,0x013595B8
__imp__AIL_init_sample@4,0x013595BC
__imp__AIL_lock_mutex@0,0x013595C4
__imp__AIL_mem_free_lock@4,0x013595C8
__imp__AIL_ms_count@0,0x013595CC
__imp__AIL_open_3D_listener@4,0x013595D0
__imp__AIL_open_stream@12,0x013595D8
__imp__AIL_pause_stream@8,0x013595DC
__imp__AIL_quick_handles@12,0x013595E0
__imp__AIL_quick_startup@20,0x013595F0
__imp__AIL_quick_status@4,0x013595F4
__imp__AIL_quick_unload@4,0x013595F8
__imp__AIL_register_3D_EOS_callback@8,0x013595FC
__imp__AIL_register_EOS_callback@8,0x01359600
__imp__AIL_register_stream_callback@8,0x01359604
__imp__AIL_register_timer@4,0x01359608
__imp__AIL_resume_3D_sample@4,0x01359618
__imp__AIL_serve@0,0x01359628
__imp__AIL_service_stream@8,0x0135962C
__imp__AIL_set_3D_position@16,0x01359634
__imp__AIL_set_3D_sample_distances@12,0x01359640
__imp__AIL_set_3D_sample_info@8,0x0135964C
__imp__AIL_set_3D_sample_occlusion@8,0x01359654
__imp__AIL_set_3D_sample_playback_rate@8,0x01359658
__imp__AIL_set_3D_sample_volume@8,0x0135965C
__imp__AIL_set_3D_user_data@12,0x01359664
__imp__AIL_set_file_callbacks@16,0x0135966C
__imp__AIL_set_preference@8,0x01359674
__imp__AIL_set_redist_directory@4,0x01359678
__imp__AIL_set_sample_user_data@12,0x0135968C
__imp__AIL_set_stream_loop_count@8,0x01359694
__imp__AIL_set_stream_ms_position@8,0x01359698
__imp__AIL_set_stream_reverb_levels@12,0x0135969C
__imp__AIL_set_timer_period@8,0x013596A4
__imp__AIL_start_timer@4,0x013596B8
__imp__AIL_startup@0,0x013596BC
__imp__AIL_stop_3D_sample@4,0x013596C0
__imp__AIL_stop_sample@4,0x013596C4
__imp__AIL_stop_timer@4,0x013596C8
__imp__AIL_stream_ms_position@12,0x013596D0
__imp__AIL_unlock_mutex@0,0x013596D8
__imp__AVIFileCreateStreamAIat@12,0x01359750
__imp__AVIFileInitIat@0,0x01359754
__imp__AVIFileOpenIat@16,0x01359758
__imp__AVIFileReadDataIat@16,0x0135975C
__imp__AVIMakeCompressedStreamIat@16,0x01359764
__imp__AdjustWindowRect@12,0x01358F94
__imp__BfmeDecTQ@4,0x01358E54
__imp__BfmeFloorER,0x013593B8
__imp__BfmeMemMove,0x0135945C
__imp__BfmeScaledCountImport,0x01359394
__imp__CharLowerA@4,0x01358F9C
__imp__CharLowerW@4,0x01358FA0
__imp__CharUpperA@4,0x01358FA4
__imp__CharUpperW@4,0x01358FA8
__imp__ClientToScreen@8,0x01358FAC
__imp__ClipCursor@4,0x01358FB0
__imp__CloseHandle@4,0x01358CCC
__imp__CoCreateInstance@20,0x01359180
__imp__CoUninitialize@0,0x0135918C
__imp__CompareStringA@24,0x01358CD0
__imp__CompareStringW@24,0x01358CD4
__imp__CopyFileA@12,0x01358CD8
__imp__CreateCompatibleDC@4,0x013590B8
__imp__CreateDIBSection@24,0x013590BC
__imp__CreateDirectoryA@8,0x01358CDC
__imp__CreateDirectoryW@8,0x01358CE0
__imp__CreateErrorInfo@4,0x01359198
__imp__CreateEventA@16,0x01358CE4
__imp__CreateFileA@28,0x01358CE8
__imp__CreateFileMappingA@24,0x01358CEC
__imp__CreateFileW@28,0x01358CF0
__imp__CreateMutexA@12,0x01358CF4
__imp__CreateProcessA@40,0x01358CFC
__imp__CreateThread@24,0x01358D00
__imp__DebugBreak@0,0x01358D08
__imp__DeleteCriticalSection@4,0x01358D0C
__imp__DeleteDC@4,0x013590C4
__imp__DeleteFileA@4,0x01358D10
__imp__DeleteObject@4,0x013590C8
__imp__DialogBoxIndirectParamA@20,0x01358FC4
__imp__DispatchMessageA@4,0x01358FC8
__imp__DosDateTimeToFileTime@12,0x01358D14
__imp__EnableMenuItem@12,0x01358FD0
__imp__EndDialog@8,0x01358FD4
__imp__EnterCriticalSection@4,0x01358D18
__imp__EnumSystemLocalesA@8,0x01358D1C
__imp__EnumThreadWindows@12,0x01358FDC
__imp__ExitProcess@4,0x01358D20
__imp__FileTimeToDosDateTime@12,0x01358D24
__imp__FindClose@4,0x01358D28
__imp__FindFirstFileA@8,0x01358D2C
__imp__FindNextFileA@8,0x01358D30
__imp__FindResourceA@12,0x01358D34
__imp__FindResourceW@12,0x01358D38
__imp__FormatMessageA@28,0x01358D3C
__imp__FormatMessageW@28,0x01358D40
__imp__FreeConsole@0,0x01358D44
__imp__FreeLibrary@4,0x01358D48
__imp__GdipAllocIat@4,0x013591C0
__imp__GdipCloneImageIat@8,0x013591CC
__imp__GetACP@0,0x01358D4C
__imp__GetAsyncKeyState@4,0x01358FE8
__imp__GetCPInfo@8,0x01358D50
__imp__GetClientRect@8,0x01358FEC
__imp__GetCommandLineA@0,0x01358D5C
__imp__GetComputerNameA@8,0x01358D60
__imp__GetConsoleScreenBufferInfo@8,0x01358D64
__imp__GetCurrentDirectoryA@8,0x01358D6C
__imp__GetCurrentProcess@0,0x01358D70
__imp__GetCurrentProcessId@0,0x01358D74
__imp__GetCurrentThread@0,0x01358D78
__imp__GetCurrentThreadId@0,0x01358D7C
__imp__GetCursorPos@4,0x01358FF0
__imp__GetDC@4,0x01358FF4
__imp__GetDateFormatA@24,0x01358D80
__imp__GetDateFormatW@24,0x01358D84
__imp__GetDesktopWindow@0,0x01358FF8
__imp__GetDlgItem@8,0x01358FFC
__imp__GetDriveTypeA@4,0x01358D8C
__imp__GetEnvironmentStrings@0,0x01358D90
__imp__GetEnvironmentVariableA@12,0x01358D94
__imp__GetEnvironmentVariableW@12,0x01358D98
__imp__GetErrorInfo@8,0x0135919C
__imp__GetExitCodeThread@8,0x01358DA0
__imp__GetFileInformationByHandle@8,0x01358DA4
__imp__GetFileSize@8,0x01358DA8
__imp__GetFullPathNameA@16,0x01358DB0
__imp__GetGlyphIndicesW@20,0x013590D8
__imp__GetKeyState@4,0x01359004
__imp__GetKeyboardLayout@4,0x01359008
__imp__GetLastError@0,0x01358DB4
__imp__GetLocalTime@4,0x01358DB8
__imp__GetLocaleInfoA@16,0x01358DBC
__imp__GetMessageA@16,0x0135900C
__imp__GetModuleFileNameA@12,0x01358DC0
__imp__GetModuleFileNameW@12,0x01358DC4
__imp__GetModuleHandleA@4,0x01358DC8
__imp__GetNumberOfConsoleInputEvents@8,0x01358DCC
__imp__GetObjectA@12,0x013590DC
__imp__GetOverlappedResult@16,0x01358DD0
__imp__GetProcAddress@8,0x01358DD8
__imp__GetProcessHeap@0,0x01358DDC
__imp__GetStdHandle@4,0x01358DE4
__imp__GetStringTypeExA@20,0x01358DE8
__imp__GetStringTypeExW@20,0x01358DEC
__imp__GetSystemInfo@4,0x01358DF4
__imp__GetSystemMenu@8,0x01359010
__imp__GetSystemTimeAsFileTime@4,0x01358DF8
__imp__GetTempFileNameA@16,0x01358DFC
__imp__GetTempPathA@8,0x01358E00
__imp__GetThreadLocale@0,0x01358E04
__imp__GetTickCount@0,0x01358E0C
__imp__GetTimeFormatA@24,0x01358E10
__imp__GetTimeFormatW@24,0x01358E14
__imp__GetTimeZoneInformation@4,0x01358E18
__imp__GetUserNameA@8,0x0135911C
__imp__GetVersion@0,0x01358E1C
__imp__GetVersionExA@4,0x01358E20
__imp__GetVolumeInformationA@32,0x01358E24
__imp__GetWindowLongA@8,0x01359018
__imp__GetWindowRect@8,0x0135901C
__imp__GlobalAlloc@8,0x01358E28
__imp__GlobalFree@4,0x01358E2C
__imp__GlobalMemoryStatus@4,0x01358E30
__imp__GlobalReAlloc@12,0x01358E34
__imp__GlobalSize@4,0x01358E38
__imp__HeapAlloc@12,0x01358E3C
__imp__HeapFree@12,0x01358E44
__imp__InitCommonControls@0,0x01359748
__imp__InitializeCriticalSection@4,0x01358E4C
__imp__InterlockedCompareExchange@12,0x01358E50
__imp__InterlockedDecrement@4,0x01358E54
__imp__InterlockedExchange@8,0x01358E58
__imp__InterlockedExchangeIat@8,0x01358E58
__imp__InterlockedIncrement@4,0x01358E5C
__imp__IsBadCodePtr@4,0x01358E60
__imp__IsBadReadPtr@8,0x01358E64
__imp__IsIconic@4,0x01359020
__imp__IsProcessorFeaturePresent@4,0x01358E68
__imp__IsRectEmpty@4,0x01359024
__imp__KillTimer@8,0x0135902C
__imp__LCMapStringA@24,0x01358E6C
__imp__LeaveCriticalSection@4,0x01358E74
__imp__LoadCursorFromFileA@4,0x01359034
__imp__LoadLibraryA@4,0x01358E78
__imp__LoadResource@8,0x01358E7C
__imp__LocalAlloc@8,0x01358E80
__imp__LocalFree@4,0x01358E84
__imp__LockResource@4,0x01358E88
__imp__MapViewOfFile@20,0x01358E8C
__imp__MapViewOfFileEx@24,0x01358E90
__imp__MessageBoxA@16,0x0135903C
__imp__MessageBoxW@16,0x01359040
__imp__MultiByteToWideChar@24,0x01358EA0
__imp__OleRun@4,0x01359190
__imp__OpenEventA@12,0x01358EA4
__imp__OutputDebugStringA@4,0x01358EA8
__imp__OutputDebugStringW@4,0x01358EAC
__imp__PeekMessageA@20,0x01359044
__imp__QueryPerformanceCounter@4,0x01358EB4
__imp__QueryPerformanceFrequency@4,0x01358EB8
__imp__RaiseException@16,0x01358EBC
__imp__ReadConsoleInputA@16,0x01358EC0
__imp__ReadFile@20,0x01358EC4
__imp__RegCloseKey@4,0x0135912C
__imp__RegCreateKeyExA@36,0x01359130
__imp__RegDeleteKeyA@8,0x01359134
__imp__RegDeleteValueA@8,0x01359138
__imp__RegEnumKeyExA@32,0x0135913C
__imp__RegEnumValueA@32,0x01359140
__imp__RegOpenKeyA@12,0x01359144
__imp__RegOpenKeyExA@20,0x01359148
__imp__RegOpenKeyExW@20,0x0135914C
__imp__RegQueryInfoKeyA@48,0x01359150
__imp__RegQueryValueExA@24,0x01359154
__imp__RegQueryValueExW@24,0x01359158
__imp__RegSetValueExA@24,0x0135915C
__imp__RegSetValueExW@24,0x01359160
__imp__ReleaseDC@8,0x01359058
__imp__ReleaseMutex@4,0x01358ECC
__imp__RemoveDirectoryA@4,0x01358ED0
__imp__ResumeThread@4,0x01358ED4
__imp__Rva006BB530Imported@4,0x01359004
__imp__Rva00891FA0SendRecord,0x01337840
__imp__Rva00891FA0SendText,0x01337844
__imp__Rva01358CCC@4,0x01358CCC
__imp__Rva01358CCCRelease@4,0x01358CCC
__imp__Rva01358CE8@28,0x01358CE8
__imp__Rva01358D00CreateWorker@24,0x01358D00
__imp__Rva01358D0CReset@4,0x01358D0C
__imp__Rva01358D18Enter@4,0x01358D18
__imp__Rva01358D54@12,0x01358D54
__imp__Rva01358D58@8,0x01358D58
__imp__Rva01358D7CCurrentId@0,0x01358D7C
__imp__Rva01358DC8ModuleHandle@4,0x01358DC8
__imp__Rva01358E0CImport@0,0x01358E0C
__imp__Rva01358E0CTick@0,0x01358E0C
__imp__Rva01358E4CInit@4,0x01358E4C
__imp__Rva01358E54@4,0x01358E54
__imp__Rva01358E58Probe@8,0x01358E58
__imp__Rva01358E74Leave@4,0x01358E74
__imp__Rva01358EA8@4,0x01358EA8
__imp__Rva01358EB0@8,0x01358EB0
__imp__Rva01358ECC@4,0x01358ECC
__imp__Rva01358ED8@12,0x01358ED8
__imp__Rva01358EDC@8,0x01358EDC
__imp__Rva01358EE0@8,0x01358EE0
__imp__Rva01358EE4@8,0x01358EE4
__imp__Rva01358F0C@4,0x01358F0C
__imp__Rva01358F20SetPriority@8,0x01358F20
__imp__Rva01358F28@12,0x01358F28
__imp__Rva01358F30Wait@4,0x01358F30
__imp__Rva01358F30WorkerYield@4,0x01358F30
__imp__Rva01358F64Wait@8,0x01358F64
__imp__Rva01358F70Write@20,0x01358F70
__imp__Rva01358FC8DispatchMessage@4,0x01358FC8
__imp__Rva0135900CReadMessage@16,0x0135900C
__imp__Rva01359044DiscardMessage@20,0x01359044
__imp__Rva0135904CPostWorkerMessage@16,0x0135904C
__imp__Rva01359098TranslateMessage@4,0x01359098
__imp__Rva0135961COff@4,0x0135961C
__imp__Rva013596C4On@4,0x013596C4
__imp__SHGetPathFromIDListA@8,0x01359168
__imp__SHGetSpecialFolderLocation@12,0x0135916C
__imp__SHGetSpecialFolderPathA@16,0x01359170
__imp__SHGetSpecialFolderPathW@16,0x01359174
__imp__ScreenToClient@8,0x0135905C
__imp__SelectObject@8,0x013590FC
__imp__SendDlgItemMessageA@20,0x01359060
__imp__SendMessageA@16,0x01359064
__imp__SetBkColor@8,0x01359100
__imp__SetConsoleScreenBufferSize@8,0x01358EF4
__imp__SetConsoleWindowInfo@12,0x01358EFC
__imp__SetCurrentDirectoryA@4,0x01358F00
__imp__SetCursor@4,0x0135906C
__imp__SetCursorPos@8,0x01359070
__imp__SetDIBColorTable@16,0x01359108
__imp__SetDeviceGammaRamp@8,0x0135910C
__imp__SetEndOfFile@4,0x01358F04
__imp__SetErrorInfo@8,0x013591A0
__imp__SetEvent@4,0x01358F0C
__imp__SetFilePointer@16,0x01358F10
__imp__SetFileTime@16,0x01358F14
__imp__SetNamedPipeHandleState@16,0x01358F18
__imp__SetRect@20,0x0135907C
__imp__SetTextColor@8,0x01359110
__imp__SetThreadPriority@8,0x01358F20
__imp__SetTimer@16,0x01359080
__imp__SetUnhandledExceptionFilter@4,0x01358F24
__imp__SetWindowPos@28,0x01359084
__imp__SetWindowTextA@8,0x01359088
__imp__ShellExecuteA@24,0x01359178
__imp__ShowCursor@4,0x01359090
__imp__ShowWindow@8,0x01359094
__imp__SizeofResource@8,0x01358F2C
__imp__Sleep@4,0x01358F30
__imp__SuspendThread@4,0x01358F34
__imp__SysAllocString@4,0x013591A4
__imp__SysFreeString@4,0x013591A8
__imp__SysStringLen@4,0x013591AC
__imp__TerminateProcess@8,0x01358F38
__imp__TerminateThread@8,0x01358F3C
__imp__TranslateMessage@4,0x01359098
__imp__UnmapViewOfFile@4,0x01358F48
__imp__UnregisterClassA@8,0x0135909C
__imp__VariantChangeType@16,0x013591B0
__imp__VariantClear@4,0x013591B4
__imp__VariantInit@4,0x013591B8
__imp__VirtualAlloc@16,0x01358F4C
__imp__VirtualFree@12,0x01358F50
__imp__VirtualProtect@16,0x01358F54
__imp__WSACleanup@0,0x013596E8
__imp__WSAGetLastError@0,0x013596EC
__imp__WSAStartup@8,0x013596F0
__imp__WaitCommEvent@12,0x01358F5C
__imp__WaitForMultipleObjects@16,0x01358F60
__imp__WaitForSingleObject@8,0x01358F64
__imp__WideCharToMultiByte@32,0x01358F68
__imp__WriteConsoleOutputA@20,0x01358F6C
__imp__WriteFile@20,0x01358F70
__imp__WriteProcessMemory@20,0x01358F74
__imp__XcptFilterIat,0x01359258
__imp___AIL_close_3D_listener@4,0x0135959C
__imp___AIL_close_3D_provider@4,0x013595A0
__imp___AIL_sample_playback_rate@4,0x01359620
__imp___AIL_set_3D_room_type@8,0x0135963C
__imp___AIL_set_3D_sample_effects_level@8,0x01359644
__imp___AIL_set_3D_speaker_type@8,0x01359660
__imp___AIL_set_digital_master_room_type@8,0x01359668
__imp___AIL_set_filter_sample_preference@12,0x01359670
__imp___AIL_set_sample_playback_rate@8,0x01359680
__imp___AIL_set_sample_processor@12,0x01359684
__imp___AIL_set_sample_reverb_levels@12,0x01359688
__imp___AIL_set_sample_volume_pan@12,0x01359690
__imp___AIL_set_stream_reverb_levels@12,0x0135969C
__imp____pioinfo,0x01359270
__imp___access,0x01359280
__imp___atoi64,0x01359290
__imp___beginthread,0x01359294
__imp___beginthreadex,0x01359298
__imp___chmod,0x013592A4
__imp___close,0x013592A8
__imp___control87,0x013592AC
__imp___controlfp,0x013592B0
__imp___copysign,0x013592B4
__imp___ecvt,0x013592B8
__imp___errno,0x013592BC
__imp___fcvt,0x013592C8
__imp___fpclass,0x013592D0
__imp___fpreset,0x013592D4
__imp___fstat,0x013592D8
__imp___get_osfhandle,0x013592E0
__imp___getcwd,0x013592E4
__imp___i64toa,0x013592E8
__imp___iob,0x013592F0
__imp___isnan,0x013592F8
__imp___itoa,0x013592FC
__imp___lseek,0x01359300
__imp___mbscmp,0x01359304
__imp___mbslen,0x0135930C
__imp___memicmp,0x01359310
__imp___mkdir,0x01359314
__imp___onexit,0x01359318
__imp___open,0x0135931C
__imp___read,0x01359320
__imp___resetstkoflw,0x01359324
__imp___snprintf,0x0135932C
__imp___stat,0x01359334
__imp___statusfp,0x01359338
__imp___strcmpi,0x0135933C
__imp___strdup,0x01359308
__imp___stricmp,0x0135933C
__imp___strlwr,0x01359344
__imp___strnicmp,0x01359348
__imp___time64,0x01359354
__imp___ui64toa,0x01359358
__imp___ultoa,0x0135935C
__imp___vsnprintf,0x01359360
__imp___vsnwprintf,0x01359228
__imp___wfopen,0x01359368
__imp___write,0x0135936C
__imp___wtoi,0x01359370
__imp__abort,0x01359378
__imp__asctime,0x0135937C
__imp__atof,0x01359380
__imp__atoi,0x01359384
__imp__atol,0x01359388
__imp__bfme006EE640Memmove,0x0135945C
__imp__bfmeApiLK@8,0x013595DC
__imp__bfmeAtoi1027,0x01359384
__imp__bfmeCIasinImport,0x01359234
__imp__bfmeCIpowImport,0x01359244
__imp__bfmeCheckEQH,0x01359510
__imp__bfmeClose1033@4,0x01358CCC
__imp__bfmeCloseDWE@4,0x013590C8
__imp__bfmeCloseDXK@4,0x013591A8
__imp__bfmeCmpDWK,0x0135933C
__imp__bfmeCmpDYF,0x0135933C
__imp__bfmeCpyDYC,0x013593C8
__imp__bfmeCvtDXI,0x01359384
__imp__bfmeDecESG@4,0x01358E54
__imp__bfmeDoDWH@0,0x013596D8
__imp__bfmeEnter1172@4,0x01358D18
__imp__bfmeEnter1179@4,0x01358D18
__imp__bfmeEnterDVC@4,0x01358D18
__imp__bfmeEnterDWA@4,0x01358D18
__imp__bfmeEnterDWD@4,0x01358D18
__imp__bfmeEnterTEA@4,0x01358D18
__imp__bfmeFmtDZE,0x0135948C
__imp__bfmeFmtEAA,0x0135948C
__imp__bfmeFmtEAC,0x0135948C
__imp__bfmeFopenVIF,0x013593BC
__imp__bfmeFree1035,0x013593D4
__imp__bfmeFreeDXC,0x013593A0
__imp__bfmeFreeDYC,0x013593A8
__imp__bfmeFreeUXB,0x013593A0
__imp__bfmeIncDYE@4,0x01358E5C
__imp__bfmeInitDWA@4,0x01358E5C
__imp__bfmeInitDXB@4,0x01358D0C
__imp__bfmeLeave1172@4,0x01358E74
__imp__bfmeLeave1179@4,0x01358E74
__imp__bfmeLeaveDVC@4,0x01358E74
__imp__bfmeLeaveDWD@4,0x01358E74
__imp__bfmeLeaveTEA@4,0x01358E74
__imp__bfmeLenVGI,0x01359524
__imp__bfmeLogSF,0x013593C0
__imp__bfmeMaskDXF@4,0x01358DAC
__imp__bfmeMathGI,0x01359394
__imp__bfmeMathVE,0x01359394
__imp__bfmeNotify1209,0x013378A4
__imp__bfmeNotify1210,0x013378A0
__imp__bfmeNowVNH,0x01359544
__imp__bfmeOnDWJ@4,0x01359090
__imp__bfmeQueryDXE@4,0x013591B4
__imp__bfmeScanDYG,0x01359494
__imp__bfmeSetDWI@8,0x01358F64
__imp__bfmeSignal1179@4,0x01358ECC
__imp__bfmeSnpDZF,0x0135932C
__imp__bfmeSprintfESP,0x0135948C
__imp__bfmeStartDWB@4,0x01358D0C
__imp__bfmeStatusDXD@4,0x0135958C
__imp__bfmeTickDYA@0,0x01359544
__imp__bfmeTickDZC@0,0x01359544
__imp__bfmeUseDWL@4,0x01359210
__imp__bind@12,0x013596FC
__imp__bsearch,0x0135938C
__imp__calloc,0x01359390
__imp__clock,0x01359398
__imp__connect@12,0x01359704
__imp__exit,0x0135939C
__imp__fclose,0x013593A0
__imp__feof,0x013593A4
__imp__fflush,0x013593A8
__imp__fgetc,0x013593F8
__imp__fgetpos,0x013593AC
__imp__fgets,0x013593B0
__imp__fgetwc,0x013593B4
__imp__floor,0x013593B8
__imp__fprintf,0x013593C0
__imp__fputc,0x013593C4
__imp__fputs,0x013593C8
__imp__fread,0x013593D0
__imp__free,0x013593D4
__imp__freopen,0x013593D8
__imp__frexp,0x013593DC
__imp__fscanf,0x013593E0
__imp__fseek,0x013593E4
__imp__fsetpos,0x013593E8
__imp__ftell,0x013593EC
__imp__fwrite,0x013593F4
__imp__galloc,0x0135944C
__imp__getc,0x013593F8
__imp__getenv,0x013593FC
__imp__gethostbyname@4,0x01359708
__imp__gethostname@8,0x0135970C
__imp__getsockname@12,0x01359714
__imp__getsockopt@20,0x01358CB4
__imp__gfree,0x013593D4
__imp__gsifree,0x013593D4
__imp__htonl@4,0x01359718
__imp__htons@4,0x0135972C
__imp__inet_addr@4,0x0135971C
__imp__ioctlsocket@12,0x01359724
__imp__isalnum,0x01359404
__imp__isalpha,0x01359408
__imp__iscntrl,0x0135940C
__imp__isdigit,0x01359410
__imp__islower,0x01359414
__imp__ispunct,0x0135941C
__imp__isspace,0x01359420
__imp__isupper,0x01359424
__imp__iswalnum,0x01359428
__imp__iswalpha,0x0135942C
__imp__iswascii,0x01359430
__imp__iswdigit,0x01359434
__imp__iswspace,0x01359438
__imp__isxdigit,0x0135943C
__imp__itoa,0x013592FC
__imp__ldexp,0x01359440
__imp__localtime,0x01359444
__imp__longjmp,0x01359448
__imp__lstrcmpiA@8,0x01358F78
__imp__lstrcmpiW@8,0x01358F7C
__imp__lstrcpyA@8,0x01358F80
__imp__lstrcpynA@12,0x01358F84
__imp__lstrlenA@4,0x01358F88
__imp__lstrlenW@4,0x01358F8C
__imp__malloc,0x0135944C
__imp__memchr,0x01359450
__imp__ntohl@4,0x01359718
__imp__ntohs@4,0x0135972C
__imp__printf,0x01359464
__imp__puts,0x01359468
__imp__qsort,0x0135946C
__imp__rand,0x01359470
__imp__realloc,0x01359474
__imp__recvfrom@24,0x01358CBC
__imp__remove,0x01359478
__imp__rename,0x0135947C
__imp__rewind,0x01359480
__imp__rva007e5820_import@16,0x01358EBC
__imp__select@20,0x01359730
__imp__send@16,0x01359734
__imp__sendto@24,0x01359738
__imp__setlocale,0x01359484
__imp__setsockopt@20,0x01358CC0
__imp__setvbuf,0x01359488
__imp__shutdown@8,0x0135973C
__imp__socket@12,0x01359740
__imp__sprintf,0x0135948C
__imp__srand,0x01359490
__imp__sscanf,0x01359494
__imp__strcasecmp,0x0135933C
__imp__strchr,0x0135949C
__imp__strcmpi,0x0135933C
__imp__strcoll,0x013594A4
__imp__strcspn,0x013594AC
__imp__strdup,0x01359308
__imp__strftime,0x013594B0
__imp__stricmp,0x0135933C
__imp__strncat,0x013594B8
__imp__strncmp,0x013594BC
__imp__strncpy,0x013594C0
__imp__strpbrk,0x013594C4
__imp__strrchr,0x013594C8
__imp__strspn,0x013594CC
__imp__strtod,0x013594D4
__imp__strtok,0x013594D8
__imp__strtol,0x013594DC
__imp__strtoul,0x013594E0
__imp__strzcat,0x013594B8
__imp__strzcpy,0x013594C0
__imp__swprintf,0x013594E4
__imp__system,0x013594EC
__imp__t2_block_copy,0x0135945C
__imp__time,0x013594F0
__imp__timeBeginPeriod@4,0x0135953C
__imp__timeEndPeriod@4,0x01359540
__imp__timeGetTime@0,0x01359544
__imp__tmpnam,0x013594F8
__imp__tolower,0x013594FC
__imp__toupper,0x01359500
__imp__towlower,0x01359504
__imp__towupper,0x01359508
__imp__u2_import_0135944C,0x0135944C
__imp__u2_import_0135945C,0x0135945C
__imp__u2_import_01359474,0x01359474
__imp__ungetc,0x0135950C
__imp__vsprintf,0x01359510
__imp__wcscat,0x01359514
__imp__wcschr,0x01359518
__imp__wcscmp,0x0135951C
__imp__wcscpy,0x01359520
__imp__wcslen,0x01359524
__imp__wcsncpy,0x01359528
__imp__wcsrchr,0x0135952C
__imp__wcstok,0x01359534
__imp__wsprintfA,0x013590A4
__imp__wvsprintfA@12,0x013590A8
__length_code,0x0112DC70
__real@00000000,0x01075350
__real@0000000000000000,0x01085F58
__real@00800000,0x011482F8
__real@20000000,0x011482FC
__real@2b03126f,0x0113F864
__real@2f800000,0x011366D8
__real@322bcc76,0x011377D0
__real@34000000,0x010BA674
__real@358637bd,0x011377C0
__real@3727c5ac,0x0112100C
__real@37800000,0x011377D4
__real@37800080,0x01149E54
__real@38000100,0x0114A058
__real@393fa927,0x01120C70
__real@3949f623d5a8a733,0x01149578
__real@39800000,0x0115153C
__real@39800801,0x011377C4
__real@39d1b717,0x01149080
__real@3a000000,0x01121AE4
__real@3a23d70a,0x0113A08C
__real@3a800000,0x010F1624
__real@3a802008,0x01149E4C
__real@3aa3d70a,0x010F7604
__real@3aaaaaab,0x010F1620
__real@3ac95e58,0x01149E08
__real@3ada740e,0x010FC410
__real@3b000000,0x011377CC
__real@3b004020,0x0114A0D0
__real@3b50ef9c,0x01149E04
__real@3b800000,0x01138FE4
__real@3b808081,0x0107C64C
__real@3b888889,0x0113EB90
__real@3b95a025,0x01149E0C
__real@3bc79ca10c924223,0x01132790
__real@3bc90fdb,0x011377C8
__real@3bcd17b6,0x01149E10
__real@3bcde32e,0x0113E424
__real@3c000000,0x010888F4
__real@3c010204,0x01121288
__real@3c019bec,0x01149E00
__real@3c03126f,0x0107C6F0
__real@3c23d70a,0x01076C24
__real@3c4ccccd,0x01128AA8
__real@3c800000,0x011514C4
__real@3c820821,0x01149E24
__real@3c888889,0x01088834
__real@3ca3d70a,0x0107C6EC
__real@3cc90fdb,0x0113ACE4
__real@3cee6320,0x010BF48C
__real@3d042108,0x01149E2C
__real@3d088889,0x010CDFF4
__real@3d0d3dcb,0x0107FAA4
__real@3d200000,0x010F653C
__real@3d4ccccd,0x010BA670
__real@3d52f1aa,0x010BF488
__real@3d75c28f,0x01128C34
__real@3d800000,0x0109DF58
__real@3d83126f,0x01121294
__real@3d888889,0x010F3984
__real@3d93a92a,0x01148304
__real@3d9d89d9,0x0111E370
__real@3da00000,0x01120A1C
__real@3da3d70a,0x010A2A50
__real@3daaaaab,0x0111E150
__real@3dcccccd,0x01075C70
__real@3dd67750,0x010B98DC
__real@3de147ae,0x01128C30
__real@3e000000,0x010F15C8
__real@3e028f5c,0x01120D58
__real@3e124925,0x01149E48
__real@3e19999a,0x010B75EC
__real@3e280000,0x010F9BE8
__real@3e2aaa7e,0x01149310
__real@3e2aaaab,0x010EC714
__real@3e32b8c3,0x010AE228
__real@3e400000,0x01149E44
__real@3e4ccccd,0x01080BBC
__real@3e567750,0x010BE0F8
__real@3e59999a,0x01148308
__real@3e800000,0x01083B6C
__real@3e947ae1,0x01120A38
__real@3ea00000,0x01149E40
__real@3eaaaaab,0x01097120
__real@3eb00000,0x010EE468
__real@3eb0c6f7a0b5ed8d,0x01142618
__real@3ec00000,0x01120A30
__real@3ec3ef15,0x0115CC78
__real@3ec90fdb,0x010F15BC
__real@3ecccccd,0x01094A60
__real@3ee00000,0x01151594
__real@3ee4f8b580000000,0x0115B3A8
__real@3ee4f8b588e368f1,0x01132748
__real@3eeb851f,0x01120A0C
__real@3ef0001000100010,0x011513E8
__real@3ef9f6b4176d5bad,0x0114D2E0
__real@3effffde,0x0113E028
__real@3f000000,0x0107533C
__real@3f000001,0x01121004
__real@3f00002000400080,0x0113FD70
__real@3f03d70a,0x01120A44
__real@3f0a8bd4,0x0115CC74
__real@3f0ccccd,0x010B933C
__real@3f100000,0x0111E364
__real@3f19999a,0x01096CF4
__real@3f1a36e2eb1c432d,0x01121758
__real@3f20d97c,0x010F6930
__real@3f266666,0x01120A28
__real@3f2aaaab,0x0109711C
__real@3f300000,0x01120A20
__real@3f333333,0x01075C6C
__real@3f34fdf4,0x01120A14
__real@3f3504f3,0x0109FB74
__real@3f372474,0x01148300
__real@3f400000,0x0109F748
__real@3f490fdb,0x01097118
__real@3f4ccccd,0x01096EC0
__real@3f50624dd2f1a9fc,0x01075D80
__real@3f555555,0x0107534C
__real@3f5db22d,0x0113ACE0
__real@3f5f66f3,0x0111E200
__real@3f666666,0x010A13C0
__real@3f70000000000000,0x011513F0
__real@3f70101010101010,0x0111E2B0
__real@3f733333,0x01099434
__real@3f789374bc6a7efa,0x01128BF8
__real@3f79999a,0x011377DC
__real@3f7ae148,0x01128C04
__real@3f7d70a4,0x01083BFC
__real@3f7f0069,0x0113ACA8
__real@3f800054,0x0113C144
__real@3f847ae147ae147b,0x010AEBD0
__real@3f866666,0x0109D11C
__real@3f880000,0x01120A2C
__real@3f8a01a01a01a01a,0x01141700
__real@3f8a3d71,0x01120A34
__real@3f8a8bd4,0x0115CB2C
__real@3f8ccccd,0x01086134
__real@3f91df46a2529d39,0x0113FD30
__real@3f91df46aaaaaaab,0x0111E168
__real@3f955555,0x01075348
__real@3f9555cbe46f80c1,0x0114D340
__real@3f99999a,0x01094A58
__real@3fa00000,0x010AE858
__real@3fa1111111111111,0x010F0D58
__real@3fa555547fbaf47e,0x0114D2D0
__real@3fa66666,0x010EB40C
__real@3fa73d75,0x0115CC70
__real@3fa999999999999a,0x010EE498
__real@3faaa993,0x0111E368
__real@3faccccd,0x01120A40
__real@3fb302c4d65e4606,0x0114D310
__real@3fb33333,0x010861AC
__real@3fb504f3,0x0115CB38
__real@3fb70a3d70a3d70a,0x01132738
__real@3fb999999999999a,0x010EF068
__real@3fc00000,0x0109B46C
__real@3fc0000000000000,0x01108E18
__real@3fc45f306446f9b4,0x0114D2F0
__real@3fc70edc3bd59924,0x0114D330
__real@3fc90fdb,0x01097114
__real@3fcb851f,0x01120A3C
__real@3fd0000000000000,0x01094A88
__real@3fd51eb851eb851f,0x011277B0
__real@3fd999999999999a,0x01096CF8
__real@3fdc000000000000,0x01149E38
__real@3fdd1758e0000000,0x011511B0
__real@3fddb22d,0x0113ACE8
__real@3fe0000000000000,0x0109B3F0
__real@3fe51eb851eb851f,0x010A4288
__real@3fe66666,0x010AB89C
__real@3fec835e,0x0115CB34
__real@3feccccccccccccd,0x010AF378
__real@3feffee6fb4c3c19,0x0114D320
__real@3ff0000000000000,0x0107C640
__real@3ff3333333333333,0x01149308
__real@3ff47645,0x01120A24
__real@3ff71547652b82fe,0x0114A198
__real@3ff921b485ae2a4a,0x0114D300
__real@3ff921fb60000000,0x010F0320
__real@40000000,0x01088830
__real@4000000000000000,0x0107FD90
__real@40005c28f5c28f5c,0x01131630
__real@4000624dd2f1a9fc,0x01131638
__real@40006a7ef9db22d1,0x01131640
__real@400072b020c49ba6,0x01131648
__real@40007ae147ae147b,0x01131650
__real@400083126e978d50,0x01131658
__real@40008d4fdf3b645a,0x01131660
__real@4000978d4fdf3b64,0x01131668
__real@4000a3d70a3d70a4,0x01131670
__real@4000b020c49ba5e3,0x01131678
__real@4000be76c8b43958,0x01131680
__real@4000ced916872b02,0x01131688
__real@4000e147ae147ae1,0x01131690
__real@4000f5c28f5c28f6,0x01131698
__real@40010c49ba5e353f,0x011316A0
__real@400128f5c28f5c29,0x011316A8
__real@400147ae147ae148,0x011316B0
__real@40016e978d4fdf3b,0x011316B8
__real@400199999999999a,0x01149530
__real@40019ba5e353f7cf,0x011316C0
__real@4001d2f1a9fbe76d,0x011316C8
__real@4002189374bc6a7f,0x011316D0
__real@400272b020c49ba6,0x011316D8
__real@4002eb851eb851ec,0x011316E0
__real@40033333,0x01120A10
__real@40039374bc6a7efa,0x011316E8
__real@4004916872b020c5,0x011316F0
__real@4006353f7ced9168,0x011316F8
__real@40066666,0x010B4BCC
__real@4008000000000000,0x0114D460
__real@400921fb54442d18,0x01132798
__real@400921fb60000000,0x01126CE8
__real@400974bc6a7ef9db,0x01131700
__real@4010000000000000,0x010E9C48
__real@40113645a1cac083,0x01131708
__real@4016cbe4,0x0109710C
__real@401921fb53c8d4f1,0x011416F0
__real@401921fb54442d18,0x011209A0
__real@401921fb60000000,0x01127A28
__real@40200000,0x01098AD4
__real@4020000000000000,0x0113A4C0
__real@4024000000000000,0x010EE488
__real@40273d75,0x0115CB30
__real@40296978d4fdf3b6,0x01131710
__real@4030000000000000,0x01132740
__real@4034000000000000,0x010C29F8
__real@40400000,0x01075338
__real@4040000000000000,0x0107FD80
__real@4049000000000000,0x01094A68
__real@40490fdb,0x01087B14
__real@404ca5dc0d03cf26,0x0114D468
__real@404ca5dc1a63c1f8,0x0113FD38
__real@404ccccd,0x0112843C
__real@4056800000000000,0x0113EB88
__real@406fe00000000000,0x0107F948
__real@406fe01000000000,0x0114D400
__real@4070000000000000,0x0111DC10
__real@407b53d2,0x0109BF20
__real@407f400000000000,0x01159870
__real@40800000,0x01075340
__real@408f400000000000,0x010EE5F0
__real@40a00000,0x01075344
__real@40afede0,0x0109BF1C
__real@40b66666,0x010A6748
__real@40c00000,0x010828C4
__real@40c90fdb,0x01087B10
__real@40d55555,0x01128C08
__real@40e631e000000000,0x01159878
__real@40efffe000000000,0x011513E0
__real@41200000,0x01075C74
__real@41400000,0x010F693C
__real@41480000,0x01099378
__real@41500000,0x0112825C
__real@41700000,0x010888F0
__real@417b53d0,0x0111DC58
__real@417ffffff0000000,0x01141330
__real@41800000,0x01121BA0
__real@41880000,0x010C3B60
__real@41900000,0x01128C38
__real@4191b646,0x01149DE0
__real@41a00000,0x010977E0
__real@41a80000,0x01095F8C
__real@41b2b9b0a15be612,0x011410B0
__real@41c7ba5e,0x01149DF8
__real@41c80000,0x010E1F40
__real@41d80000,0x011213F4
__real@41f00000,0x0108615C
__real@41f0000000000000,0x010AEBC0
__real@41f80000,0x01149E30
__real@41fb53d2,0x011216BC
__real@42055555,0x010F1BC8
__real@42173021,0x01149DE8
__real@42200000,0x01096C50
__real@4247999a,0x0109C348
__real@42480000,0x0107FAA8
__real@424c0000,0x01100B10
__real@42652ee0,0x0109ECC0
__real@426b21ad,0x0113C5B8
__real@42700000,0x0108882C
__real@427c0000,0x01149E28
__real@42800000,0x0111E2BC
__real@4282f646,0x01149DFC
__real@428c0000,0x01116BC4
__real@429467f0,0x01149DEC
__real@42960000,0x01083C4C
__real@42b3cccd,0x01075A00
__real@42bb926f,0x01149DE4
__real@42c60000,0x010B6554
__real@42c80000,0x0107FAC4
__real@42dc0000,0x010F6388
__real@42e00000,0x01149DF0
__real@42f00000,0x0112172C
__real@42fe0000,0x0111D780
__real@43000000,0x0108885C
__real@43008d91,0x01149DF4
__real@43070000,0x011216C4
__real@43160000,0x0109A028
__real@4322f983,0x01121008
__real@43340000,0x01136964
__real@43480000,0x01083C44
__real@437e0000,0x01149E34
__real@437f0000,0x01084068
__real@43800000,0x01138FE0
__real@43820000,0x0112129C
__real@43960000,0x01096088
__real@43b40000,0x01088828
__real@43c30000,0x010F02F0
__real@43fa0000,0x01083BBC
__real@43ff8000,0x0114A0D4
__real@44000000,0x011377D8
__real@44098000,0x01127EBC
__real@441c4000,0x01097070
__real@447a0000,0x01075C68
__real@447fc000,0x01149E50
__real@44a36000,0x01120C74
__real@44e10000,0x01121734
__real@453b8000,0x01096C4C
__real@45aaf800,0x01120C6C
__real@45b5a800,0x01120C78
__real@45f00000,0x01127EB8
__real@461c4000,0x010AEBB8
__real@4647ff38,0x0107C7FC
__real@46800100,0x0115C078
__real@469c4000,0x01136938
__real@46fffe00,0x0114A05C
__real@47742400,0x01088914
__real@477fff00,0x0113A088
__real@47c34f80,0x010B2BB4
__real@47c34ff3,0x0109C350
__real@47c35000,0x01159900
__real@481c4000,0x0111D88C
__real@48742400,0x01097074
__real@497423f0,0x0111E238
__real@49742400,0x0113EE70
__real@4b189680,0x010C381C
__real@4f800000,0x01075358
__real@7f7fffff,0x01084C3C
__real@7fefffffffffffff,0x0112EB98
__real@b4000000,0x010BA678
__real@b8d1b717,0x01136948
__real@ba83126f,0x0112594C
__real@bdcccccd,0x010C2E78
__real@be32b8c3,0x010AE224
__real@be800000,0x010F15C4
__real@be90f02c6b8de73b,0x0114D2E8
__real@bf000000,0x01095F9C
__real@bf20d97c,0x010F6934
__real@bf400000,0x010888F8
__real@bf490fdb,0x01097110
__real@bf555555,0x010F15C0
__real@bf56c13745d11568,0x0114D2D8
__real@bf5db22d,0x01120A18
__real@bf800000,0x0109BF3C
__real@bf932dc60be86b8f,0x0114D318
__real@bfb5cb46bacf7447,0x0114D338
__real@bfc2c75c,0x011214AC
__real@bfc90fdb,0x01097108
__real@bfcb26908d815d63,0x0114D308
__real@bfd523a08398a655,0x0114D328
__real@bfddb22d,0x0113ACEC
__real@bfdffffffc06f3a6,0x0114D2C8
__real@bfe0000000000000,0x0115B7B0
__real@bff0000000000000,0x01095F18
__real@bff921fb60000000,0x010F02F8
__real@c0000000,0x011203E4
__real@c000000000000000,0x0114D2F8
__real@c00921fb60000000,0x01126CF8
__real@c016cbe4,0x01097104
__real@c0400000,0x01121730
__real@c040000000000000,0x011416F8
__real@c0490fdb,0x01087B0C
__real@c04ccccd,0x01128438
__real@c0a00000,0x010A39C4
__real@c0c90fdb,0x010A13C4
__real@c1fb53d2,0x011216C0
__real@c2b3cccd,0x010759AC
__real@c2c80000,0x01081810
_adler32,0x00C26FA0
_alternateEncoding,0x011309BC
_bfmeBaseVftIC,0x010C7450
_bfmeCbAZC,0x00BF4770
_bfmeCbBZC,0x00BF4740
_bfmeCbEMB,0x00C63440
_bfmeCbEOEa,0x0043A760
_bfmeCbEOEb,0x0041F951
_bfmeCbXK,0x00A5BD00
_bfmeConst1075350,0x01075350
_bfmeCtor1030,0x0040E534
_bfmeDtor1030,0x0041F951
_bfmeDtorCbDMA,0x0041364C
_bfmeDtorCbDMC,0x00CF9330
_bfmeDtorCbDME,0x00438D2A
_bfmeDtorCbDSE,0x0041364C
_bfmeDtorDAA,0x0040D828
_bfmeDtorDAB,0x0043D4B0
_bfmeDtorDAC,0x00430652
_bfmeDtorDAD,0x00430652
_bfmeDtorDAE,0x00C91B80
_bfmeEmptyANB,0x0107301C
_bfmeEmptyFGD,0x0107388B
_bfmeFmtDYG,0x010F71E0
_bfmeFmtStrDZE,0x0107C7B4
_bfmeFmtStrDZF,0x0107C7B4
_bfmeFmtStrEAA,0x0107C7B4
_bfmeFmtStrEAC,0x0107C7B4
_bfmeFnA1033,0x004487C0
_bfmeFnB1033,0x0041E0B0
_bfmeGlobalTable12A6918,0x012A6918
_bfmeGuardTableAY,0x0109B558
_bfmeGuardTableAZ,0x0109B558
_bfmeHandler1233,0x00CB91F0
_bfmeHook1052,0x0043695D
_bfmeHook1053,0x004066EA
_bfmeHook1055,0x00C63A70
_bfmeHookA1054,0x00408B39
_bfmeHookB1054,0x00411897
_bfmeInfoDCE,0x010EA6A8
_bfmeInfoDCG,0x01116D70
_bfmeInfoDFI,0x0112B554
_bfmeInfoDFJ,0x0112B554
_bfmeInfoDIE,0x0108B878
_bfmeInfoDIF,0x0108B8B4
_bfmeInfoDIG,0x010A4FB8
_bfmeInfoDIH,0x010B2A24
_bfmeInfoDNC,0x01336E50
_bfmeInfoDND,0x0107301C
_bfmeInfoDNG,0x0107301C
_bfmeKDSM,0x01075350
_bfmeKEZC,0x01075350
_bfmeMsgDZEa,0x01109990
_bfmeMsgDZEb,0x01109AAC
_bfmeMsgDZEc,0x01109AD8
_bfmeMsgDZEd,0x01109B00
_bfmeMsgDZFa,0x01109D0C
_bfmeMsgDZFb,0x01109D4C
_bfmeMsgDZFc,0x01109D68
_bfmeMsgDZFd,0x01109D84
_bfmeMsgEAAa,0x01109968
_bfmeMsgEAAb,0x011099E0
_bfmeMsgEAAc,0x01109A00
_bfmeMsgEAAd,0x01109A34
_bfmeMsgEACa,0x01109B7C
_bfmeMsgEACb,0x01109950
_bfmeObjDAA,0x012EF430
_bfmeObjDAB,0x012F1608
_bfmeObjDAC,0x01341148
_bfmeObjDAD,0x012F8798
_bfmeObjDAE,0x01338480
_bfmeOffEAA,0x01109918
_bfmeOffEAB,0x01105E70
_bfmeOnEAA,0x01109920
_bfmeOnEAB,0x01105E6C
_bfmePathVftIC,0x010C7E28
_bfmeRetailCritterDesyncFlag,0x012F0239
_bfmeRetailCritterDesyncSink,0x012ED4FC
_bfmeStrAEYC,0x01076C18
_bfmeStrBEYC,0x01076C14
_bfmeStrDULa,0x0111D7F0
_bfmeStrDULb,0x0111D800
_bfmeStrDULc,0x0111D810
_bfmeStrDULd,0x0111D820
_bfmeStrDULe,0x0111D834
_bfmeStrDWK,0x010BBAA8
_bfmeStrDYF,0x01080FB4
_bfmeStrEBJ,0x010F1B68
_bfmeStrECE,0x01106F24
_bfmeStrENF,0x01082C44
_bfmeStrERA,0x0107301C
_bfmeTabEAC,0x011098B0
_bfmeTabEYC,0x012A7410
_bfmeTagANB,0x0109E038
_bfmeTagBNH,0x0111DC1C
_bfmeTextAOA,0x01088860
_bfmeTextBME,0x0107301C
_bfmeTextBQF,0x01336E50
_bfmeTextOneAZB,0x01336E54
_bfmeTextTwoAZB,0x01336E50
_bfmeUrlXK,0x0111A0E0
_bfmeVft008B0170,0x01136968
_bfmeVft008B5880,0x01136AF8
_bfmeVft0ZL,0x01112AE8
_bfmeVft1028A,0x0111A174
_bfmeVft1029A,0x01136128
_bfmeVft1030A,0x01129A9C
_bfmeVft1030B,0x0112EB34
_bfmeVft1030C,0x01136D58
_bfmeVft1033D,0x01129A9C
_bfmeVft1043P,0x010E7520
_bfmeVft1045A,0x0112C308
_bfmeVft1045B,0x0112C304
_bfmeVft1050B,0x01128450
_bfmeVft1050F,0x01128D30
_bfmeVft1053A,0x0112BBE8
_bfmeVft1055B,0x011376D0
_bfmeVft1055C,0x01137720
_bfmeVft1ZL,0x01112AE4
_bfmeVft2ZL,0x01112AD0
_bfmeVftAEVJ,0x01112D14
_bfmeVftAEVK,0x01112DBC
_bfmeVftAPA,0x01073734
_bfmeVftARCa,0x01073744
_bfmeVftARCb,0x010EA230
_bfmeVftARCc,0x010EA21C
_bfmeVftASAa,0x010EAD58
_bfmeVftASAb,0x010F3558
_bfmeVftASAc,0x010F3554
_bfmeVftASCa,0x010817AC
_bfmeVftASCb,0x0111BD58
_bfmeVftASCc,0x0111BD54
_bfmeVftAWA,0x0113D098
_bfmeVftBEVJ,0x01112D10
_bfmeVftBEVK,0x01112DB8
_bfmeVftBTB,0x01082DE0
_bfmeVftBWD,0x0108F2E0
_bfmeVftCCF,0x010F9AAC
_bfmeVftCEVJ,0x01112CFC
_bfmeVftCEVK,0x01112DA4
_bfmeVftCIA,0x010827DC
_bfmeVftCJA,0x010827DC
_bfmeVftCNDa,0x01085DE4
_bfmeVftCNDb,0x01085DBC
_bfmeVftCNIa,0x01085DE4
_bfmeVftCNIb,0x01085DBC
_bfmeVftCUAa,0x0110F97C
_bfmeVftCUAb,0x0111126C
_bfmeVftCUBa,0x0110F97C
_bfmeVftCUBb,0x0111126C
_bfmeVftCUCa,0x0110F9AC
_bfmeVftCUCb,0x0111126C
_bfmeVftCUDa,0x0110F9AC
_bfmeVftCUDb,0x0111126C
_bfmeVftCUEa,0x0110F9CC
_bfmeVftCUEb,0x0111126C
_bfmeVftCUFa,0x0110F9CC
_bfmeVftCUFb,0x0111126C
_bfmeVftCVE,0x0111B6A0
_bfmeVftDFA,0x0112FBDC
_bfmeVftDFG,0x0112FBDC
_bfmeVftDFH,0x0112FBDC
_bfmeVftDJA1,0x01073744
_bfmeVftDJA2,0x0110FA14
_bfmeVftDJA3,0x01110834
_bfmeVftDJA4,0x0111126C
_bfmeVftDJB1,0x01073744
_bfmeVftDJB2,0x01073760
_bfmeVftDJB3,0x0111081C
_bfmeVftDJB4,0x0111126C
_bfmeVftDJC1,0x01073744
_bfmeVftDJC2,0x0110F9E4
_bfmeVftDJC3,0x0111082C
_bfmeVftDJC4,0x0111126C
_bfmeVftDJD1,0x01073744
_bfmeVftDJD2,0x0110F978
_bfmeVftDJD3,0x01110898
_bfmeVftDJD4,0x0111126C
_bfmeVftDJE1,0x01073744
_bfmeVftDJE2,0x0110F9E8
_bfmeVftDJE3,0x0111089C
_bfmeVftDJE4,0x0111126C
_bfmeVftDJF1,0x01073744
_bfmeVftDJF2,0x0110F9E8
_bfmeVftDJF3,0x0111089C
_bfmeVftDJF4,0x0111126C
_bfmeVftDMB,0x01073744
_bfmeVftDMD,0x01073758
_bfmeVftDME,0x01129258
_bfmeVftDUJa,0x0111BD58
_bfmeVftDUJb,0x0111BD54
_bfmeVftDUJc,0x010817AC
_bfmeVftDWL,0x010E75B4
_bfmeVftEAX,0x01128880
_bfmeVftEAZ,0x010FA338
_bfmeVftEOA,0x01075B08
_bfmeVftERA,0x010EC77C
_bfmeVftGS,0x010968B0
_bfmeVftSE,0x0110C64C
_bfmeVftSF,0x0110C878
_bfmeVftSG,0x0110C920
_bfmeVftSH,0x0112824C
_bfmeVftSI,0x0111CE80
_bfmeVftSJ,0x0111DF58
_bfmeVftSK,0x01120918
_bfmeVftSnapshotBase,0x01073744
_bfmeVftTA,0x011283DC
_bfmeVftTB,0x01137220
_bfmeVftTC,0x011051EC
_bfmeVftTD,0x01082DE0
_bfmeVftTE,0x0108F3E8
_bfmeVftTF,0x0111936C
_bfmeVftTG,0x01137270
_bfmeVftTH,0x0109DEF0
_bfmeVftTI,0x010CD9B0
_bfmeVftTJ,0x01121BA8
_bfmeVftTK,0x01143B3C
_bfmeVftTL,0x0112FBDC
_bfmeVftUA,0x010E7524
_bfmeVftUB,0x01145744
_bfmeVftUC,0x0112D210
_bfmeVftUD,0x01158598
_bfmeVftUE,0x01158808
_bfmeVftUF,0x01158A78
_bfmeVftVB,0x01073728
_bfmeVftVC,0x010E75B0
_bfmeVftVD,0x010EE4EC
_bfmeVftVE,0x0107C7D0
_bfmeVftVF,0x0112BC0C
_bfmeVftVG,0x010C0D90
_bfmeVftVH,0x010E1F3C
_bfmeVftXB,0x0109BFC8
_bfmeVftXN,0x010EC760
_bfmeVftYX,0x0113DEE4
_bfmeVftableAT,0x0109B370
_bfmeVftableAU,0x01096348
_bfmeVftableAV,0x01098188
_bfmeVftableAW,0x0109B748
_bfmeVftableAX,0x0109AE00
_bfmeVftableAY,0x0109B650
_bfmeVftableAZ,0x0109B7A0
_bfmeVftableBA,0x0109A7B0
_bfmeVftableBB,0x0109A6C0
_bfmeVftableBC,0x0109A2F0
_bfmeVftableBG,0x01115C60
_bfmeVftableBX,0x01073744
_bfmeVftableBZ,0x01073744
_bfmeVftableCB,0x01073744
_bfmeVisitXM,0x00C72650
_bfmeVtERHa,0x01122EA8
_bfmeVtERHb,0x01122DD8
_bfmeVtblEVD,0x010F3920
_bfmeWaterTracksObjVft,0x0112824C
_bfmeWeaponVftIA,0x010A13F4
_bfme_memmove_ptr,0x0135945C
_bopfuncs,0x012D90EC
_bucketfuncs,0x012D90D0
_c_dfDIKeyboard,0x011460B4
_c_dfDIMouse,0x011462BC
_ciCallbackFree,0x00C6FD80
_ciChannelCompare,0x00C71710
_ciChannelFree,0x00C71720
_ciChannelHash,0x00C716D0
_ciEnteringChannelComparator,0x00C718B0
_ciEnumUsersCallback,0x00C61100
_ciGetUserBasicInfoMap,0x00C727B0
_ciKillEnumChannelsCallback,0x00C6D850
_ciQuitEnumChannelsCallback,0x00C6D770
_ciSetQuietModeEnumJoinedChannelsA,0x00C60710
_ciUserCompare,0x00C71790
_ciUserFree,0x00C717A0
_ciUserHash,0x00C71750
_ciVersionID,0x012C88E0
_cp000,0x004330E6
_cp001,0x00403B5C
_cp002,0x004120A3
_cp003,0x0041C99F
_cp004,0x004183AE
_cp005,0x00410253
_cp006,0x0041173E
_cp007,0x0043EBF3
_cp008,0x00401E56
_cp009,0x0040B294
_cp010,0x00427DC7
_cp011,0x0040A637
_cp012,0x0042CC28
_cp013,0x00434F09
_cp014,0x00436FC5
_cp015,0x0043C67D
_cp016,0x004457F0
_cp017,0x0041C6A2
_cp018,0x0044859A
_cp019,0x00435CFB
_cp020,0x0041906F
_cp021,0x0043E149
_cp022,0x0044B240
_cp023,0x00406361
_cp024,0x0041E51F
_cp025,0x0043558F
_cp026,0x0043D2D0
_cp027,0x00405079
_cp028,0x00411A59
_cp029,0x0043F53A
_cp030,0x0042003B
_cp031,0x0043DFC8
_cp032,0x0040B0E1
_cp033,0x0041BD01
_cp034,0x0040813E
_cp035,0x00414948
_cp036,0x0041BA3B
_cp037,0x00417620
_cp038,0x004213CD
_cp039,0x0042CCF0
_cp040,0x00435882
_cp041,0x0042711F
_cp042,0x004064A6
_cp043,0x004418A8
_cp044,0x00425AEF
_cp045,0x004185A7
_cp046,0x0041A78A
_cp047,0x004379F2
_cp048,0x00419E2F
_cp049,0x0043A008
_cp050,0x00421995
_cp051,0x0043A576
_cp052,0x0042BB98
_cp053,0x0040E133
_cp054,0x00434E55
_cp055,0x00444E22
_cp056,0x0043BCFA
_cp057,0x0041A9D8
_cp058,0x0042CFDE
_cp059,0x00442B63
_cp060,0x00401154
_cp061,0x0043EA3B
_cp062,0x00419B4B
_cp063,0x00427D54
_cp064,0x0042B134
_cp065,0x004151D1
_cp066,0x0043EAE5
_cp067,0x0040E566
_cp068,0x004212B5
_cp069,0x0041D101
_cp070,0x0041E5B0
_cp071,0x004063C5
_cp072,0x00447762
_cp073,0x00414F5B
_cp074,0x00443C11
_cp075,0x00419B73
_cp076,0x00426BC0
_cp077,0x0040720C
_cp078,0x0042CB88
_cp079,0x00415BEF
_cp080,0x0042C7F5
_cp081,0x0042670B
_cp082,0x00425AB3
_cp083,0x004216BB
_cp084,0x0040C865
_cp085,0x00427FC0
_cp086,0x00443C02
_cp087,0x0043657F
_cp088,0x0041C53A
_cp089,0x0043202E
_cp090,0x00409575
_cp091,0x0042EDBB
_cp092,0x0042006D
_cp093,0x0042F031
_cp094,0x0042EC6C
_cp095,0x004294BF
_cp096,0x00432F38
_cp097,0x00425F54
_cp098,0x00434E7D
_cp099,0x00412F2B
_cp100,0x00427BE2
_cp101,0x0042EA82
_cp102,0x00402108
_cp103,0x0044735C
_cp104,0x00440E8A
_cp105,0x0044A859
_cp106,0x0042F3BF
_cp107,0x004273EA
_cp108,0x00412CD3
_cp109,0x004118C4
_cp110,0x0042BEE5
_cp111,0x00411CC0
_cp112,0x0042A761
_cp113,0x00445A16
_cp114,0x0041E286
_cp115,0x0040D580
_cp116,0x0041B1BC
_cp117,0x00445822
_cp118,0x00435427
_cp119,0x00401CD0
_cp120,0x0043C5C9
_cp121,0x00407EC3
_cp122,0x0042B97C
_cp123,0x004333DE
_cp124,0x0040E2DC
_cp125,0x0043D997
_cp126,0x0040606E
_cp127,0x00417F71
_cp128,0x00430F35
_cp129,0x004141FF
_cp130,0x00416D83
_cp131,0x00429D98
_cp132,0x0040E6B0
_cp133,0x004437E3
_cp134,0x0042635A
_cp135,0x0042D100
_cp136,0x004325CE
_cp137,0x00445241
_cp138,0x0040E601
_cp139,0x0041E763
_cp140,0x004152BC
_cp141,0x004359C2
_cp142,0x0040ABF5
_cp143,0x0044476F
_cp144,0x0042F13F
_cp145,0x0044026E
_cp146,0x00445331
_cp147,0x004386F4
_cp148,0x00447A87
_cp149,0x00449580
_cp150,0x004428D4
_cp151,0x00423EB6
_cp152,0x0043C975
_cp153,0x0041E236
_cp154,0x00430C7E
_cp155,0x0042C8B8
_cp156,0x0040ABEB
_cp157,0x004409F3
_cp158,0x004203E7
_cp159,0x00438186
_cp160,0x0040C0E0
_cp161,0x00449855
_cp162,0x0042C359
_cp163,0x004129DB
_cp164,0x0044A552
_cp165,0x0042229B
_cp166,0x0044A552
_cp167,0x00423BEB
_cp168,0x00433D2F
_cp169,0x00447A05
_cp170,0x0042FC43
_cp171,0x00428DDA
_cp172,0x0043ED42
_cp173,0x00448144
_cp174,0x004443A5
_cp175,0x00403D73
_cp176,0x0043963A
_cp177,0x00408AD5
_cp178,0x00430F08
_cp179,0x00439815
_cp180,0x00412F49
_cp181,0x0043C34E
_cp182,0x00407103
_cp183,0x00401B8B
_cp184,0x0040516E
_cp185,0x004383DE
_cp186,0x0043E4C3
_cp187,0x0041BDA1
_cp188,0x0042AA95
_cp189,0x004265F8
_cp190,0x0041AC26
_cp191,0x00443581
_cp192,0x0043F4C2
_cp193,0x0043281C
_cp194,0x004268F0
_cp195,0x004048DB
_cp196,0x0042B206
_cp197,0x004316BF
_cp198,0x004159CE
_cp199,0x0042B3DC
_cp200,0x004459C1
_cp201,0x00446FB5
_cp202,0x00415E97
_cp203,0x0041B491
_cp204,0x00424DE8
_cp205,0x004054E8
_cp206,0x004399A0
_cp207,0x0044A0CA
_cp208,0x0044A002
_cp209,0x0040736A
_cp210,0x00409E71
_cp211,0x00413205
_cp212,0x00445A2A
_cp213,0x0042EC62
_cp214,0x004262D3
_cp215,0x00416360
_cp216,0x00422773
_cp217,0x00412F94
_cp218,0x0042554F
_cp219,0x0040A678
_cp220,0x00413EE4
_cp221,0x0042CA3E
_cp222,0x0040B415
_cp223,0x004225FC
_cp224,0x0041A52D
_cp225,0x00422BCE
_cp226,0x00439E0A
_cp227,0x00403F7B
_cp228,0x00422AE3
_cp229,0x0042394D
_cp230,0x00409B24
_cp231,0x0043ACCE
_cp232,0x00420842
_cp233,0x00442C6C
_cp234,0x00449346
_cp235,0x0042C9EE
_cp236,0x0043B4B2
_cp237,0x004167BB
_cp238,0x004408B8
_cp239,0x0043FCB0
_cp240,0x0042E3CA
_cp241,0x0042E316
_cp242,0x0044109C
_cp243,0x004447D8
_cp244,0x00443F68
_cp245,0x0042C7A5
_cp246,0x0043279F
_d3dx__dist_code,0x0115C6F0
_d3dx__length_code,0x0115C8F0
_d3dx_adler32@12,0x00ECDDB0
_d3dx_inflate_mask,0x012E5FC8
_d3dx_z_errmsg,0x012E4E94
_d3dx_zcalloc@12,0x00ECF661
_d3dx_zcfree@8,0x00ECF67D
_defaultEncoding,0x011309B8
_dp000,0x00409241
_dp001,0x00444ACB
_dp002,0x0044372F
_dp003,0x0041C2DD
_dp004,0x00421292
_dp005,0x004468D5
_dp006,0x0040CCFC
_dp007,0x0041F0FA
_dp008,0x0044797E
_dp009,0x004366B5
_dp010,0x0042D704
_dp011,0x0042C4E9
_dp012,0x004431D5
_dp013,0x0044AC5F
_dp014,0x004121E8
_dp015,0x00441C4F
_dp016,0x004077A2
_dp017,0x00422B5B
_dp018,0x0043DB3B
_dp019,0x0041F299
_dp020,0x004193B2
_dp021,0x0042ED84
_dp022,0x0043FF0D
_dp023,0x00418D8B
_dp024,0x00402B30
_dp025,0x0043F611
_dp026,0x00442078
_dp027,0x0040DE4A
_dp028,0x0040773E
_dp029,0x00418E76
_dp030,0x00441C6D
_dp031,0x0041DEF8
_dp032,0x00436C41
_dp033,0x00402437
_dp034,0x0042C651
_dp035,0x00446420
_dp036,0x00433CEE
_dp037,0x0042B17A
_dp038,0x00416482
_dp039,0x00409C23
_dp040,0x00424708
_dp041,0x00419709
_dp042,0x00410721
_dp043,0x0041D48F
_dp044,0x0043FB8E
_dp045,0x0043A31E
_dp046,0x00416757
_dp047,0x00408BAC
_dp048,0x00403E9F
_dp049,0x00448F40
_dp050,0x0044AE30
_dp051,0x0042B0CB
_dp052,0x0040B096
_dp053,0x0041A86B
_dp054,0x00406717
_dp055,0x00431F43
_dp056,0x0043EE28
_dp057,0x00406AD2
_dp058,0x0041E655
_dp059,0x0041E3B7
_dp060,0x0044796A
_dp061,0x0044B1F0
_dp062,0x0041A86B
_dp063,0x004024B4
_dp064,0x00418656
_dp065,0x0044870C
_dp066,0x00431E71
_dp067,0x00422CA0
_dp068,0x00403157
_dp069,0x0042AB53
_dp070,0x004306CA
_dp071,0x004334A1
_dp072,0x0042F1E4
_dp073,0x00420D56
_dp074,0x0041BC84
_dp075,0x00419A60
_dp076,0x00405614
_dp077,0x0041FE65
_dp078,0x00449CF6
_dp079,0x00416C5C
_dp080,0x0041BA09
_dp081,0x004210E9
_dp082,0x0043C236
_dp083,0x00406A96
_dp084,0x00449C2E
_dp085,0x004291EA
_dp086,0x0040D2DD
_dp087,0x0041CF94
_dp088,0x00404B3D
_dp089,0x0043FB7F
_dp090,0x0041F10E
_dp091,0x0042BD87
_dp092,0x0041B0C2
_dp093,0x00413D72
_dp094,0x0042225F
_dp095,0x0044ABB5
_dp096,0x00418AD9
_dp097,0x0041A352
_dp098,0x00433C85
_dp099,0x00428AEC
_dp100,0x0040F8BC
_dp101,0x00435E63
_dp102,0x0044B4E8
_dp103,0x00408968
_dp104,0x004043F4
_dp105,0x0041964B
_dp106,0x00431E76
_dp107,0x00407239
_dp108,0x00406A23
_dp109,0x0041AB4A
_dp110,0x0040DA12
_dp111,0x0044AA93
_dp112,0x004498B4
_dp113,0x0040D832
_dp114,0x0042DF42
_dp115,0x0041D0D9
_dp116,0x0042EC76
_dp117,0x00420013
_dp118,0x00413859
_dp119,0x0043C885
_dp120,0x00404750
_dp121,0x0044AB24
_dp122,0x00428A60
_dp123,0x0040D19D
_dp124,0x0042B0FD
_dp125,0x004485E5
_dp126,0x0040FFF1
_dp127,0x00410C44
_dp128,0x0044181C
_dp129,0x0041638D
_dp130,0x00429654
_dp131,0x00415A32
_dp132,0x0042261A
_dp133,0x00439554
_dp134,0x00446736
_dp135,0x00442A46
_dp136,0x00446F3D
_dp137,0x0042A20C
_dp138,0x0043DCDF
_dp139,0x0042BD87
_dp140,0x00421A8F
_dp141,0x0042FE23
_dp142,0x0042E7B2
_dp143,0x0043706F
_dp144,0x00435EFE
_dp145,0x0040E3C7
_dp146,0x00444111
_dp147,0x004010AF
_dp148,0x0040CCFC
_dp149,0x004414C5
_dp150,0x0042FB6C
_dp151,0x00411CC5
_dp152,0x0041D32C
_dp153,0x00401D2F
_dp154,0x00415B54
_dp155,0x004118E2
_dp156,0x004016D1
_dp157,0x0043F823
_dp158,0x004308C8
_dp159,0x0040B8BB
_dp160,0x004318D1
_dp161,0x0043388E
_dp162,0x004419F7
_dp163,0x0040810C
_dp164,0x0040B8BB
_dp165,0x0040B8BB
_dp166,0x0040B8BB
_dp167,0x0042C17E
_dp168,0x00423B05
_dp169,0x0043E83D
_dp170,0x004087BA
_dp171,0x0040F9D4
_dp172,0x0040D332
_dp173,0x0040B8BB
_dp174,0x0042F11C
_dp175,0x0042D5BA
_dp176,0x00442DB6
_dp177,0x0042BF7B
_dp178,0x0042B9B3
_dp179,0x0043CE4D
_dp180,0x0041F0FA
_dp181,0x0041F0FA
_dp182,0x0041F0FA
_dp183,0x0041F0FA
_dp184,0x00418C82
_dp185,0x00419A79
_dp186,0x0043D857
_dp187,0x00445CAA
_dp188,0x0041F721
_dp189,0x0044A700
_dp190,0x0040E827
_dp191,0x0043C939
_dp192,0x00418DDB
_dp193,0x00449B8E
_dp194,0x0042BA12
_dp195,0x004402AF
_dp196,0x0042BA12
_dp197,0x004163D8
_dp198,0x004074AA
_dp199,0x00414DD5
_dp200,0x0043B516
_dp201,0x0041F0FA
_dp202,0x004196C3
_dp203,0x004196C3
_dp204,0x004196C3
_dp205,0x004464CF
_dp206,0x00416AF9
_dp207,0x0042FFB8
_dp208,0x00403C60
_dp209,0x00432B37
_dp210,0x004196C3
_dp211,0x0041D066
_dp212,0x0043BC87
_dp213,0x0042B47C
_dp214,0x00443293
_dp215,0x0043D645
_dp216,0x00419740
_dp217,0x00417062
_dp218,0x00403251
_dp219,0x00412D50
_dp220,0x00415505
_dp221,0x0043B886
_dp222,0x0040549D
_dp223,0x0040A75E
_dp224,0x0041F0B9
_dp225,0x00442AEB
_dp226,0x00446C72
_dp227,0x0040E327
_dp228,0x00441FBA
_dp229,0x0041DCF5
_dp230,0x00414B64
_dp231,0x00417B25
_dp232,0x0041E9B1
_dp233,0x00402EA5
_dp234,0x0041C34B
_dp235,0x004045AC
_dp236,0x00443F86
_dp237,0x0041BCA2
_dp238,0x00421B43
_dp239,0x0041F348
_dp240,0x0041F0FA
_dp241,0x0041F0FA
_dp242,0x0041F39D
_dp243,0x0043D9DD
_dp244,0x00415780
_dp245,0x0040187F
_dp246,0x00407F1D
_fd031,0x0043D7C6
_fd032,0x0042A89C
_fd033,0x0040B861
_fd035,0x00430602
_g_BfmeColorConverter,0x012D7198
_g_BfmeRender2DZ,0x01346DD8
_g_NAMEKEY_empty_string,0x0107388B
_g_Rva0112A010HexHigh,0x0112A010
_g_Rva0112A110Hex,0x0112A110
_g_Rva0112A210Fold,0x0112A210
_g_Rva0112A310Class,0x0112A310
_g_Rva0112A530MonthDays,0x0112A530
_g_Rva0112C8D0,0x0112C8D0
_g_Rva0112CB48,0x0112CB48
_g_Rva012C391CSeparator,0x012C391C
_g_Rva012C392CSuffix,0x012C392C
_g_Rva012C3950DefaultKey,0x012C3950
_g_Rva012C3C60Message,0x012C3C60
_g_Rva012C3C7CMessage,0x012C3C7C
_g_Rva012C3C88Format,0x012C3C88
_g_Rva012C3CDCDraining,0x012C3CDC
_g_Rva012C3CE0Message,0x012C3CE0
_g_Rva012C3D04Format,0x012C3D04
_g_Rva012C3D0CFormat,0x012C3D0C
_g_Rva012C3D14Format,0x012C3D14
_g_Rva012C3D1CFormat,0x012C3D1C
_g_Rva012C3D24Offset,0x012C3D24
_g_Rva012C47A4,0x012C47A4
_g_Rva012C4998HexDigits,0x012C4998
_g_Rva012C499CTag,0x012C499C
_g_Rva012C4B38Message,0x012C4B38
_g_Rva012C4B64Message,0x012C4B64
_g_Rva012C4B98Message,0x012C4B98
_g_Rva012C4D48Message,0x012C4D48
_g_Rva012C4DF4,0x012C4DF4
_g_Rva012C4DF8Message,0x012C4DF8
_g_Rva012C4F88Name,0x012C4F88
_g_Rva012D4FD0AssertCrashTemplate,0x012D4FD0
_g_Rva0130A5ACEmpty,0x0130A5AC
_g_Rva0130AB54Version,0x0130AB54
_g_Rva0130AB58Head,0x0130AB58
_g_Rva0130AB5CKillList,0x0130AB5C
_g_Rva0130AB60,0x0130AB60
_g_Rva0130AB64,0x0130AB64
_g_Rva0130AB68Default,0x0130AB68
_g_Rva0130AB90,0x0130AB90
_g_Rva0130AC90,0x0130AC90
_g_Rva0130ACB4,0x0130ACB4
_g_Rva0130ACB8Thread,0x0130ACB8
_g_Rva0130ACBCGroupMask,0x0130ACBC
_g_Rva0130ACC8Text,0x0130ACC8
_g_Rva0130ACE8,0x0130ACE8
_g_Rva0130ACEC,0x0130ACEC
_g_Rva0130ACF0,0x0130ACF0
_g_Rva0130ACF4,0x0130ACF4
_g_Rva0130ACFAFilter,0x0130ACFA
_g_Rva0130ACFCRefCount,0x0130ACFC
_g_Rva0130AD00Module,0x0130AD00
_g_Rva0130AD08Count,0x0130AD08
_g_Rva0130AF38Lock,0x0130AF38
_g_Rva0130B188List,0x0130B188
_g_Rva013373BCTimerTicks,0x013373BC
_g_Rva013373C0DialogClosed,0x013373C0
_g_Rva013373C4DialogGeneration,0x013373C4
_g_Rva01358EA8Print,0x01358EA8
_g_SBRefStrList,0x0130D51C
_g_bfmeCallback1226,0x0133783C
_g_bfmeClockBK,0x012F0898
_g_bfmeCount1179,0x01340588
_g_bfmeCounterBZ,0x0134FAAC
_g_bfmeCs1179,0x0133F4E8
_g_bfmeD1206,0x01337A08
_g_bfmeD8F0Source,0x010BDCC0
_g_bfmeDefaultBU,0x01075334
_g_bfmeDefaultString1284,0x012D5298
_g_bfmeDirtyZR,0x012EF418
_g_bfmeDone1182,0x0134D058
_g_bfmeDualDispatchSource,0x010BD158
_g_bfmeEmpty1191,0x0107388B
_g_bfmeEmptyAscii,0x0107388B
_g_bfmeEmptyString1285,0x012D5298
_g_bfmeEv1179,0x0133F540
_g_bfmeExtendedZM,0x01081238
_g_bfmeFifthEB,0x012D7194
_g_bfmeFirstEB,0x01346DDC
_g_bfmeFlagVSF,0x012ED4E9
_g_bfmeFlagZM,0x012F1B23
_g_bfmeFmt1191,0x013593C0
_g_bfmeFmtA1191,0x01091074
_g_bfmeFmtB1191,0x01091070
_g_bfmeFmtC1191,0x0109106C
_g_bfmeFn1182,0x01359420
_g_bfmeFormatYA,0x0107C7B4
_g_bfmeFourthEB,0x012D7190
_g_bfmeFreeList1149,0x0130B210
_g_bfmeFreeList1150,0x0130B1C0
_g_bfmeG1144,0x012ED5C8
_g_bfmeG1148,0x012ED5C8
_g_bfmeG1196,0x012ED5C8
_g_bfmeGameCW,0x012F706C
_g_bfmeGridWaterHandle,0x012EF4D4
_g_bfmeGuardXH,0x0130B254
_g_bfmeH1144,0x012ED5AC
_g_bfmeHeadEQB,0x0130B198
_g_bfmeHeapCur1149,0x0130B208
_g_bfmeHeapCur1150,0x0130B1BC
_g_bfmeHeapEnd1149,0x0130B204
_g_bfmeHeapEnd1150,0x0130B1B8
_g_bfmeHeapSize1149,0x0130B200
_g_bfmeHeapSize1150,0x0130B1B4
_g_bfmeHostVSF,0x012ED4F0
_g_bfmeK1127,0x01075350
_g_bfmeLimitsDF,0x012F401C
_g_bfmeList1199,0x012F3350
_g_bfmeNameAZC,0x0130A7A0
_g_bfmeNameBZC,0x0130A77C
_g_bfmeNameItemZO,0x010F5E40
_g_bfmeNameVSF,0x012ED4EC
_g_bfmeNameZO,0x010F5E30
_g_bfmeNowVNH,0x01359544
_g_bfmeO1145,0x01340534
_g_bfmeO1146,0x012F1600
_g_bfmeOffsetDF,0x01098AD4
_g_bfmeOtherBN,0x012EF1D8
_g_bfmeOwner1179,0x01340584
_g_bfmeOwnerBR,0x012F060C
_g_bfmePolygonTriggerTable,0x012ACB50
_g_bfmeRegistryVNF,0x01337810
_g_bfmeRouteKeys1282,0x01338480
_g_bfmeSITable,0x012F77A8
_g_bfmeScaleBK,0x01075C70
_g_bfmeSecondEB,0x01346DE0
_g_bfmeSideNameA1294,0x010804D8
_g_bfmeSideNameB1294,0x010804D0
_g_bfmeSideNameC1294,0x010804BC
_g_bfmeSideNameD1294,0x010804C4
_g_bfmeSingleZM,0x01080FC0
_g_bfmeState56AD10A,0x012F1028
_g_bfmeState56AD10B,0x012F0898
_g_bfmeStateDF,0x012F7048
_g_bfmeStateDO,0x012F1028
_g_bfmeTab1182,0x0134CC58
_g_bfmeTerrainVisual,0x012F7014
_g_bfmeThirdEB,0x012D718C
_g_bfmeV1134,0x010F0AE0
_g_bfmeV1137A,0x01120FD4
_g_bfmeV1137B,0x0111E23C
_g_bfmeV1137C,0x0110CA7C
_g_bfmeV1140A,0x0110C64C
_g_bfmeV1140B,0x0110C814
_g_bfmeV1159,0x01126B14
_g_bfmeV1187,0x0112C768
_g_bfmeV1188,0x011128D0
_g_bfmeV1189,0x0111291C
_g_bfmeV1196,0x0109FB78
_g_bfmeVA1199,0x010F9AD8
_g_bfmeVB1199,0x010F9B60
_g_buckets,0x013571EC
_g_cursorResources,0x012F77A8
_g_guardTargetTypeThrowInfo,0x011DFE5C
_g_heightMapRenderObjVtableAtC8,0x0111DC74
_g_heightMapRenderObjVtableAtCC,0x0111DC60
_g_heightMapRenderObjVtableAtEight,0x0111DC80
_g_heightMapRenderObjVtableAtZero,0x0111DC88
_g_lanGameGadgets,0x012F3C00
_g_lookup,0x0135933C
_g_pathfindCellInfoPool,0x012F1094
_g_rva00339a80Vtable,0x010E75C0
_g_rva005c5100ThrowInfo,0x011DFE5C
_g_rva0088E000MessageText,0x01336EAC
_g_rva0088E000WindowText,0x01336EB0
_g_rva0130E988LoadLibraryA,0x0130E988
_g_rva0130E998,0x0130E998
_g_rva0130E99C,0x0130E99C
_g_rva0130E9A0,0x0130E9A0
_g_rva0130E9A4,0x0130E9A4
_g_rva0130E9A8,0x0130E9A8
_g_rva0130E9B0,0x0130E9B0
_g_rva01336CE8,0x01336CE8
_g_terrainCollisionEventFXListStore,0x012F144C
_g_theNameKeyGenerator,0x012ED600
_g_theVeterancyNames,0x012A9FB4
_g_xferExceptionThrowInfo,0x011DFE5C
_g_zeroLocomotorSpeed,0x01075350
_ghiFreeConnection,0x00C7B180
_ghiProxyAddress,0x01356634
_ghiProxyPort,0x01356628
_ghiThrottleBufferSize,0x012D4CD0
_ghiThrottleTimeDelay,0x012D4CD4
_gsiSocketInterface,0x0130E628
_inflate_mask,0x012C6F70
_jpeg_std_message_table,0x0114F490
_locale_buffer_0084ECA0,0x0130C4E8
_locale_buffer_0084ECE0,0x0130C0D8
_locale_buffer_0084EED0,0x0130C390
_locale_buffer_0084EF00,0x0130C53C
_luaK_opproperties,0x01141230
_luaO_nilobject,0x011408F0
_luaO_typenames,0x01140900
_luaT_eventname,0x01140A60
_lua_setcallhook,0x00D96270
_lua_setlinehook,0x00D96280
_numServerMessageTypes,0x012C8AE0
_piBroadcastKeyChangedA,0x00C6B950
_piChannelKickedA,0x00C6B570
_piChannelMessageA,0x00C6B430
_piChannelModeChangedA,0x00C6B9D0
_piChannelNewUserListA,0x00C6B8D0
_piChannelTopicChangedA,0x00C6B860
_piChannelUserChangedNickA,0x00C6B810
_piChannelUserJoinedA,0x00C6B5E0
_piChannelUserPartedA,0x00C6B710
_piCleanseGlobalCacheMap,0x00C65820
_piCleanseRoomCacheMap,0x00C65890
_piConnectConnectCallback,0x00C5F1D0
_piConnectFillInUserCallbackA,0x00C5F2B0
_piConnectNickErrorCallbackA,0x00C5F280
_piCreateAutoMatchRoomCallback,0x00C644A0
_piCreateStagingRoomEnterChannelCallbackA,0x00C5F660
_piCreateStagingRoomEnumUsersCallbackA,0x00C5F4F0
_piGetChannelKeysCallbackA,0x00C5FEB0
_piGetGlobalKeysCallbackA,0x00C5FD80
_piGetPlayerInfoCallbackA,0x00C5FAF0
_piGetRoomKeysCallbackA,0x00C65DB0
_piIsCallbackFinishedCompareCallback,0x00C5E1F0
_piJoinAutoMatchRoomCallback,0x00C642D0
_piJoinRoomEnumUsersCallbackA,0x00C5F8A0
_piKeysGetGlobalKeysCallbackA,0x00C65D60
_piOldMangleStagingRooms,0x01352830
_piPickXpingPlayerMap,0x00C62C80
_piPingPlayerLeftRoomTableMapFn,0x00C62F10
_piPinged,0x00C62750
_piPingerReply,0x00C628D0
_piPlayerChangedNickMap,0x00C65C80
_piQRAddErrorCallback,0x00C666A0
_piQRCountCallback,0x00C66650
_piQRKeyListCallback,0x00C66590
_piQRNatNegotiateCallback,0x00C66710
_piQRPlayerKeyCallback,0x00C664B0
_piQRPublicAddressCallback,0x00C66740
_piQRServerKeyCallback,0x00C66380
_piQRTeamKeyCallback,0x00C66560
_piRemoveExistingKeysMap,0x00C65970
_piSBAutoMatchEngineCallback,0x00C64AE0
_piSBAutoMatchListCallback,0x00C64960
_piSBGamesEngineCallback,0x00C646A0
_piSBGamesListCallback,0x00C64570
_piSBGroupsListCallback,0x00C64700
_piSBQueryVersion,0x012C88E4
_piSetupKeysMap,0x00C65D40
_piUTMCommand,0x0130E6A0
_piUTMParameters,0x0130E6A8
_piUserModeChangedA,0x00C6B990
_piXpingTableCompareFn,0x00C625E0
_piXpingTableElementFreeFn,0x00C62680
_piXpingTableHashFn,0x00C62540
_q4Fields001E6240,0x010CED70
_qr2_hostname,0x01352840
_qr2_registered_key_list,0x012C84E8
_rva0060bbd0Vftable,0x01115E60
_rva00618600Names,0x012AA020
_rva00618600Vft,0x01116D64
_serverMessageTypes,0x012C8930
_static_qr2_rec,0x012C83C8
_x3d_D3DXPlaneTransform@12,0x00EA90EF
_x3d_D3DXVec2Transform@12,0x00EA87BB
_x3d_D3DXVec2TransformCoord@12,0x00EA8849
_x3d_D3DXVec2TransformNormal@12,0x00EA8810
_x3d_D3DXVec3Transform@12,0x00EA75C7
_x3d_D3DXVec3TransformCoord@12,0x00EA7F7C
_x3d_D3DXVec3TransformNormal@12,0x00EA7638
_x3d_D3DXVec4Transform@12,0x00EA8A7C
_z_errmsg,0x012C5E40
_zcalloc,0x00C28BE0
_zcfree,0x00C28C00
??_7DX8_CleanupHook@@6B@,0x0111D868
??_7PartitionFilterPolygonTrigger@@6B@,0x01095714
?g_012F075C@@3_NA,0x012F075C
?g_012F075D@@3_NA,0x012F075D
?g_0113304C@@3IA,0x0113304C
?g_01133050@@3IA,0x01133050
?g_01133054@@3IA,0x01133054
?g_010EAB48@@3PADA,0x010EAB48
?g_010E1F40@@3MB,0x010E1F40
?ElementDtorArrayCallback@@YAXXZ,0x00CF7BD0
?g_0109B46C@@3MB,0x0109B46C
?TheFXListFieldParse@@3QBUFieldParse@@B,0x010F2118
?g_008578E6@@3PADA,0x008578E6
?g_008E25E0@@YAXXZ,0x008E25E0
_bfmeVftHordeContainModuleDataBase,0x01073744
_bfmeVftSnapshot,0x01073744
_bfmeVftModuleTemplate,0x01073758
_bfmeVftCategoryModuleInfo8,0x0107375C
_bfmeVftV3Vt0107375C,0x0107375C
_bfmeVftCategoryModuleInfo0,0x01073760
_bfmeVftV3Vt01073760,0x01073760
_bfmeVftParticleSystemInfo,0x01073878
_bfmeVftGameSlot,0x01075D50
_bfmeVftOverridable,0x0107FCB0
_bfmeVftAudioEventInfo,0x010818CC
_bfmeVftPartitionFilter,0x01083B5C
_bfmeVftRva0025ED50RootFilter,0x01083B80
?g_01084130@@3QBUFieldParse@@B,0x01084130
?g_010847E0@@3QBDB,0x010847E0
_bfmeVftDamageInfoOutput,0x01085DBC
_bfmeVftPartitionFilterRelationship,0x01085DC0
_bfmeVftPartitionFilterSameMapStatus,0x01085DD0
_bfmeVftRva0025ED50ObjectFilter,0x01085DD0
_bfmeVftDamageInfoInput,0x01085DE0
_bfmeVftRadarObject,0x01088838
_bfmeVftLargeGroupAudioUpdateModuleDataBase,0x010896B8
_bfmeVftRva00605710Root,0x0108971C
_bfmeVftBfmeObjEQT,0x010956B0
?g_010956C4@@3PAPBXA,0x010956C4
_bfmeVftRva00149F20VptrZeroObject,0x010956E4
_bfmeVftPartitionFilterPolygonTrigger,0x01095714
_bfmeVftRva00260180SelfFilter,0x01095724
?g_010959F4@@3QBDB,0x010959F4
_bfmeVftRva001DCBB0Filter,0x0109685C
_bfmeVftPartitionFilterPlayerAffiliation,0x0109689C
_bfmeVftTeamInQueue,0x01096940
_bfmeVftRva0016AB00TailDtor,0x01097168
_bfmeVftRva0016D590VptrZeroObject,0x01097744
_bfmeVftFailureState,0x01097950
_bfmeVftAIAttackAimAtTargetState,0x01097C60
_bfmeVftAIWaitUntilFinishedFiringState,0x01097D40
_bfmeVftAIAttackFireWeaponState,0x01097DC0
?g_0109A4C0@@3QBIB,0x0109A4C0
?g_0109D860@@3PADA,0x0109D860
_bfmeVftGen_001BA9E0,0x0109DF3C
?g_0109FC28@@3QBDB,0x0109FC28
_bfmeVftPartitionFilterValidCommandButtonTarget,0x010A1A5C
_bfmeVftBfmeBasePB0,0x010A257C
_bfmeVftCreateModuleInterface,0x010A372C
_bfmeVftDynamicPortalBehaviourBase5,0x010A3844
_bfmeVftDynamicPortalBehaviourBase4,0x010A3854
_bfmeVftDynamicPortalBehaviourModuleInterface,0x010A3858
_bfmeVftDynamicPortalBehaviourUpgradeMux,0x010A3868
_bfmeVftDynamicPortalBehaviourInterface,0x010A38B8
_bfmeVftDynamicPortalBehaviourObjectModule,0x010A397C
_bfmeVftRva00265150RJFilter,0x010A5158
_bfmeVftExitInterface,0x010ABF08
_bfmeVftRva002D0480NestedDtor_ThirdMixin,0x010CB654
?g_010CB690@@3PAPBXA,0x010CB690
?g_010CB6A0@@3PAPBXA,0x010CB6A0
?g_010CB764@@3PAPBXA,0x010CB764
_bfmeVftPartitionFilterThing,0x010CFFD0
_bfmeVftOrCondition,0x010E84D8
?g_010EC738@@3HA,0x010EC738
_bfmeVftRva003B7190Record,0x010EC760
_bfmeVftBfmeOwnVUO,0x010EC774
?g_010EDC48@@3QBUFieldParse@@B,0x010EDC48
_bfmeVftLivingWorldRegionManager,0x010EE010
_bfmeVftLargeGroupAudioHordeContainModuleDataBase,0x010EE128
_bfmeVftLargeGroupAudioRva004948B0Base,0x010EE13C
_bfmeVftFXList,0x010F3550
_bfmeVftOnlineChatGlobalFunctorWrapper,0x010F6F90
_bfmeVftS4Owner,0x010F7114
_bfmeVft_bfme_AptGameWindowGen_dtor_004654c0Base,0x010F7118
_bfmeVft_bfme_AptGameWindowGameWindow,0x010F711C
_bfmeVftW3DGameWindow,0x010F7160
?g_010F76AC@@3QBUFieldParse@@B,0x010F76AC
_bfmeVftRva0047CF90,0x010F77D0
?g_010F9830@@3QBEB,0x010F9830
_bfmeVftRva0050FD90,0x01104FF8
?g_01105FCC@@3PAPBXA,0x01105FCC
_bfmeVftBfmeAptGameWindow,0x01106F08
?g_0110D63C@@3PAPAXA,0x0110D63C
?g_0110DDFC@@3PAPAXA,0x0110DDFC
?g_0110F778@@3QBUFieldParse@@B,0x0110F778
_bfmeVftV3Vt0110F978,0x0110F978
_bfmeVftCategoryModuleInfo6,0x0110F97C
_bfmeVftCategoryModuleInfo5,0x0110F9AC
_bfmeVftCategoryModuleInfo4,0x0110F9CC
_bfmeVftCategoryModuleInfo3,0x0110F9E4
_bfmeVftV3Vt0110F9E4,0x0110F9E4
_bfmeVftCategoryModuleInfo2,0x0110F9E8
_bfmeVftV3Vt0110F9E8,0x0110F9E8
_bfmeVftCategoryModuleInfo7,0x0110FA14
_bfmeVftV3Vt0110FA14,0x0110FA14
?g_0110FA18@@3PAPAXA,0x0110FA18
_bfmeVftLifeEventModuleTemplate_LifeEventCategoryBaseB,0x0111128C
_bfmeVftLifeEventModuleTemplate_LifeEventCategoryBaseA,0x01111290
_bfmeVftLifeEventModuleTemplate,0x011112A4
_bfmeVftTerrainCollisionModuleTemplate_TerrainCollisionCategoryBaseB,0x0111130C
_bfmeVftTerrainCollisionModuleTemplate_TerrainCollisionCategoryBaseA,0x01111310
_bfmeVftTerrainCollisionModuleTemplate,0x01111324
_bfmeVftRva005EB2F0_V3Slot2,0x01111D3C
_bfmeVftRva005EB2F0_V3Slot1W,0x01111D50
_bfmeVftRva005EB2F0_V3Slot0N,0x01111D54
_bfmeVftV3Vt01111D90,0x01111D90
_bfmeVftRva005EA560_V3Slot2,0x01111F54
_bfmeVftRva005EA560_V3Slot1,0x01111F68
_bfmeVftRva005EA560_V3Slot0N,0x01111F6C
_bfmeVftRva005EAF40_V3Slot2,0x0111212C
_bfmeVftRva005EAF40_V3Slot1W,0x01112140
_bfmeVftRva005EAF40_V3Slot0N,0x01112144
_bfmeVftRva005EA400_V3Slot1,0x01112B04
_bfmeVftRva005EA400_V3Slot0N,0x01112B08
_bfmeVftRva005EA430_V3Vt0110F978,0x01112B24
_bfmeVftRva005EA430_V3Vt01111D90,0x01112B28
_bfmeVftRva005EA590,0x01112B3C
_bfmeVftRva005EA590_Rva005EA6C0Part1,0x01112B50
_bfmeVftRva005EA590_Rva005EA6C0Part0,0x01112B54
_bfmeVftRva005EA6C0_V3Slot1,0x01112B70
_bfmeVftRva005EA6C0_V3Slot0N,0x01112B74
_bfmeVftRva005EA6F0_V3Vt01073760,0x01112B90
_bfmeVftRva005EA6F0_V3Vt01111D90,0x01112B94
_bfmeVftRva005EA920_V3Slot1,0x01112BD4
_bfmeVftRva005EA920_V3Slot0N,0x01112BD8
_bfmeVftRva005EA9B0_V3Vt0110F9E4,0x01112BEC
_bfmeVftRva005EA9B0_V3Vt01111D90,0x01112BF0
_bfmeVftRva005EAB80_V3Slot1,0x01112C50
_bfmeVftRva005EAB80_V3Slot0N,0x01112C54
_bfmeVftRva005EABB0_V3Vt0110F9E8,0x01112C88
_bfmeVftRva005EABB0_V3Vt01111D90,0x01112C8C
_bfmeVftRva005EADE0_V3Slot1,0x01112CCC
_bfmeVftRva005EADE0_V3Slot0N,0x01112CD0
_bfmeVftRva005EAE70_V3Vt0110FA14,0x01112CE4
_bfmeVftRva005EAE70_V3Vt01111D90,0x01112CE8
_bfmeVftRva005EB050_V3Vt0107375C,0x01112D28
_bfmeVftRva005EB050_V3Vt01111D90,0x01112D2C
_bfmeVftRva005EB090_V3Vt0107375C,0x01112D40
_bfmeVftRva005EB090_V3Vt01111D90,0x01112D44
_bfmeVftRva005EBD40_V3Vt0110F97C,0x01112FCC
_bfmeVftRva005EBD40_V3Head14,0x01112FD0
_bfmeVftRva005EBD40,0x01112FF4
_bfmeVftRva0063A8D0,0x01118E58
_bfmeVftNetCommandMsg,0x0111A20C
_g_0111A5A0,0x0111A5A0
?g_0111CA98@@3PAPBXA,0x0111CA98
?g_0111CAAC@@3PAPBXA,0x0111CAAC
_bfmeVftRva006F5BE0MultiTailDtorTailMixinA,0x0111FF70
_bfmeVftRva006F5BE0MultiTailDtorRva0093BE00MultiBase,0x0111FF78
?g_011207C0@@3QBQBXB,0x011207C0
_bfmeVftRva006FCAD0,0x01120850
_bfmeVftTerrainTracksRenderObjClass,0x011212A4
_bfmeVftBfmeBaseCC,0x0112162C
?g_011240A0@@3QBUFieldParse@@B,0x011240A0
?g_01124420@@3QBUFieldParse@@B,0x01124420
_bfmeVftW3DVolumetricShadow,0x011284CC
_bfmeVftRva007F6D60Member2C,0x011296B0
_bfmeVftRva007F6D60Child,0x0112B5C4
?g_0112B680@@3PAPBXA,0x0112B680
?g_0112B7F0@@3PAPBXA,0x0112B7F0
?g_0112B7F8@@3PAPBXA,0x0112B7F8
?g_0112B800@@3PAPBXA,0x0112B800
_bfmeVftRva00803080,0x0112B89C
_bfmeVftRva007F9C50_Base8,0x0112BACC
_bfmeVftRva007F9C50_Base4,0x0112BAD0
_bfmeVftRva007F9C50_Base0,0x0112BAE0
_bfmeVftRva00803890Owner,0x0112C738
_bfmeVftBasicStreambufChar,0x0112EBD4
_bfmeVftBasicIstreamUShort,0x0112F2FC
_bfmeVftBasicOstreamUShort,0x0112F30C
_bfmeVftRva008B46D0HeaderedDeleting,0x01136A90
_bfmeVftTexBufferClass,0x0113C340
?g_0113C5CC@@3PAPBXA,0x0113C5CC
_bfmeVftVectorClassBfmeHandleCX,0x0113C5FC
_bfmeVftDynamicVectorClassVertexMaterialClass,0x0113C614
_bfmeVftDynamicVectorClassBfmeHandleCX,0x0113C62C
_bfmeVftDynamicVectorClassShaderClass,0x0113C644
_bfmeVftPolyRemover,0x0113D01C
_bfmeVftPipe,0x011453D0
_bfmeVftGenericNode,0x01145484
?g_01239CE0@@3HA,0x01239CE0
?g_012B76F4@@3HA,0x012B76F4
?g_012B7860@@3QBQBDB,0x012B7860
?g_012B7888@@3QBQBDB,0x012B7888
?g_012B7D7C@@3RBDB,0x012B7D7C
?g_012BA144@@3EA,0x012BA144
?g_012BB604@@3QBQBDB,0x012BB604
?g_012C3B30@@3PAXA,0x012C3B30
?g_012D6DF8@@3_NA,0x012D6DF8
?g_012D6DE0@@3DA,0x012D6DE0
?g_012D8C10@@3QBEB,0x012D8C10
?g_012F02D4@@3HA,0x012F02D4
?g_012F08A4@@3V?$StringBase@D@@A,0x012F08A4
?g_012F08A8@@3V?$StringBase@D@@A,0x012F08A8
?g_012F358C@@3PAVGameWindow@@A,0x012F358C
?g_012F3590@@3PAVGameWindow@@A,0x012F3590
?g_012F35D8@@3PAVGameWindow@@A,0x012F35D8
?g_012F35DC@@3PAVGameWindow@@A,0x012F35DC
?g_012F35E0@@3PAVGameWindow@@A,0x012F35E0
?g_012F35E4@@3PAVGameWindow@@A,0x012F35E4
?g_012F35E8@@3PAVGameWindow@@A,0x012F35E8
?g_012F35EC@@3PAVGameWindow@@A,0x012F35EC
?g_012F35F0@@3PAVGameWindow@@A,0x012F35F0
?g_012F3AC0@@3PAVGameWindow@@A,0x012F3AC0
?g_012F4801@@3EA,0x012F4801
?g_012F4804@@3PBDB,0x012F4804
?g_012F4994@@3HA,0x012F4994
?g_012F750C@@3HA,0x012F750C
?g_012F7718@@3IA,0x012F7718
?g_01309838@@3EA,0x01309838
?g_0130A5F4@@3PBDB,0x0130A5F4
?g_013382F8@@3PAVRva008ACAC0Releaseable@@A,0x013382F8
?g_013382FC@@3PAVRva008ACAC0Releaseable@@A,0x013382FC
?g_01338300@@3PAVRva008ACAC0Releaseable@@A,0x01338300
?g_01338304@@3PAVRva008ACAC0Releaseable@@A,0x01338304
?g_01338308@@3PAVRva008ACAC0Releaseable@@A,0x01338308
?g_0133830C@@3PAVRva008ACAC0Releaseable@@A,0x0133830C
?g_01338310@@3PAVRva008ACAC0Releaseable@@A,0x01338310
?g_01338314@@3PAVRva008ACAC0Releaseable@@A,0x01338314
?g_01338318@@3PAVRva008ACAC0Releaseable@@A,0x01338318
?g_0133831C@@3PAVRva008ACAC0Releaseable@@A,0x0133831C
?g_01338320@@3PAVRva008ACAC0Releaseable@@A,0x01338320
?g_01338324@@3PAVRva008ACAC0Releaseable@@A,0x01338324
?g_01338328@@3PAVRva008ACAC0Releaseable@@A,0x01338328
?g_0133832C@@3PAVRva008ACAC0Releaseable@@A,0x0133832C
?g_01338330@@3PAVRva008ACAC0Releaseable@@A,0x01338330
?g_01338334@@3PAVRva008ACAC0Releaseable@@A,0x01338334
?g_01338338@@3PAVRva008ACAC0Releaseable@@A,0x01338338
?g_0133833C@@3PAVRva008ACAC0Releaseable@@A,0x0133833C
?g_01338340@@3PAVRva008ACAC0Releaseable@@A,0x01338340
?g_01338344@@3PAVRva008ACAC0Releaseable@@A,0x01338344
?g_01338348@@3PAVRva008ACAC0Releaseable@@A,0x01338348
?g_0133834C@@3PAVRva008ACAC0Releaseable@@A,0x0133834C
?g_01338350@@3PAVRva008ACAC0Releaseable@@A,0x01338350
?g_01338354@@3PAVRva008ACAC0Releaseable@@A,0x01338354
?g_01338358@@3PAVRva008ACAC0Releaseable@@A,0x01338358
?g_0133835C@@3PAVRva008ACAC0Releaseable@@A,0x0133835C
?g_0133F500@@3PAEA,0x0133F500
?g_0134050C@@3_NA,0x0134050C
?g_01340570@@3IA,0x01340570
?g_01340598@@3IA,0x01340598
?g_0134059C@@3IA,0x0134059C
?g_013405A0@@3IA,0x013405A0
?g_013405A4@@3IA,0x013405A4
?g_013405A8@@3IA,0x013405A8
?g_013405AC@@3IA,0x013405AC
?g_013405B0@@3IA,0x013405B0
?g_013405B4@@3IA,0x013405B4
?g_013405B8@@3IA,0x013405B8
?g_013405BC@@3IA,0x013405BC
?g_013405CC@@3PAXA,0x013405CC
?g_013405D0@@3PAXA,0x013405D0
?g_rva008C8350Builtin851C@@3PADA,0x0133851C
?g_rva008C8350Builtin86F4@@3PADA,0x013386F4
?g_rva008C8350Builtin860C@@3PADA,0x0133860C
?g_rva008C8350Builtin855C@@3PADA,0x0133855C
_g_012F0898,0x012F0898
?g_012B7E30@@3PBDB,0x012B7E30
_g_012F7014,0x012F7014
?g_012AC510@@3QBQBDB,0x012AC510
??_C@_0L@LGMACKMP@StartFrame?$AA@,0x0110C6BC
??_C@_08LGGHHKEP@EndFrame?$AA@,0x0110C6B0
??_C@_0BF@HFNHGOKC@FadeInUnfrozenSounds?$AA@,0x0110C7A8
??_C@_06BKKJGDHO@Window?$AA@,0x010F95E0
??_C@_08LFFNAJE@FireOnce?$AA@,0x010A9D54
??_C@_03OGACKNPE@BOX?$AA@,0x011103D0
??_C@_04LFMILBJH@LINE?$AA@,0x011103D4
??_C@_04OKGDLNCL@NONE?$AA@,0x010736D8
??_C@_05ELNMJPED@ALPHA?$AA@,0x010F2788
??_C@_05LPOHGNAJ@ORTHO?$AA@,0x01110414
??_C@_05NKNPLGBO@POINT?$AA@,0x010739B8
??_C@_06FKFPCBEF@SPHERE?$AA@,0x011103C8
??_C@_06GLHNNMNH@STREAK?$AA@,0x0111044C
??_C@_06NPDGGFMN@SMUDGE?$AA@,0x01110430
??_C@_07NOCECAHK@OUTWARD?$AA@,0x011103DC
??_C@_07PBGGLDJP@BUILDUP?$AA@,0x0111037C
??_C@_08BCBFCBGI@CYLINDER?$AA@,0x011103BC
??_C@_08CLGLKNDC@ADDITIVE?$AA@,0x010F277C
??_C@_08FOLAHAHG@CRITICAL?$AA@,0x01081784
??_C@_08IFAKNICE@PARTICLE?$AA@,0x01110460
??_C@_08LDEOAAGM@MULTIPLY?$AA@,0x011104CC
??_C@_08NKJCBOGG@CONSTANT?$AA@,0x0107FCF4
??_C@_08NOHMCFMI@DRAWABLE?$AA@,0x01110454
??_C@_09CNKKGCPJ@W3D_ALPHA?$AA@,0x0111047C
??_C@_09GANPOLNL@SPHERICAL?$AA@,0x01110408
??_C@_0BA@LECGKCHH@VOLUME_PARTICLE?$AA@,0x01110438
??_C@_0BA@MNNCBJIP@DEATH_EXPLOSION?$AA@,0x01110344
??_C@_0BB@CGFOLNGN@TERRAIN_PARTICLE?$AA@,0x0111041C
??_C@_0BB@OBFJLGNE@WEAPON_EXPLOSION?$AA@,0x011103A8
??_C@_0BE@MAEPDEGL@ALPHA_NO_DEPTH_TEST?$AA@,0x01110498
??_C@_0BE@MNNPGDMF@ADDITIVE_ALPHA_TEST?$AA@,0x011104E8
??_C@_0BH@IAKIBIGP@ADDITIVE_NO_DEPTH_TEST?$AA@,0x011104B0
??_C@_0L@DHBJCPPH@DUST_TRAIL?$AA@,0x01110388
??_C@_0L@EBMCPKGO@ALPHA_TEST?$AA@,0x011104D8
??_C@_0L@HPBHFJKN@SCORCHMARK?$AA@,0x01110398
??_C@_0M@CKACIBKA@AREA_EFFECT?$AA@,0x01110314
??_C@_0M@CKCKOCGP@W3D_DIFFUSE?$AA@,0x01110488
??_C@_0M@KFAOPBP@CYLINDRICAL?$AA@,0x011103E8
??_C@_0N@LPCCNCNA@WEAPON_TRAIL?$AA@,0x01110324
??_C@_0N@LPFMPDII@DEBRIS_TRAIL?$AA@,0x0111036C
??_C@_0N@MIMPELGB@W3D_EMISSIVE?$AA@,0x0111046C
??_C@_0O@FNDOPDEA@SEMI_CONSTANT?$AA@,0x01110334
??_C@_0O@IDGFKAGB@HEMISPHERICAL?$AA@,0x011103F8
??_C@_0O@OOIOMGOG@ALWAYS_RENDER?$AA@,0x01110304
??_C@_0P@OIDKBKFK@UNIT_DAMAGE_FX?$AA@,0x01110358
?s_bitNameList@?$BitFlags@$0LF@@@0PAPBDA,0x012AA068
??_C@_08OOPLBCBC@OBSTACLE?$AA@,0x010887B8
??_C@_0L@BGJAAOOG@SELECTABLE?$AA@,0x010887A8
??_C@_08DCCMPGEL@IMMOBILE?$AA@,0x010733E8
??_C@_0L@MKPFKDLE@CAN_ATTACK?$AA@,0x01073680
??_C@_0BH@GDDOHLAF@STICK_TO_TERRAIN_SLOPE?$AA@,0x0108878C
??_C@_0BF@PJBGKOEC@CAN_CAST_REFLECTIONS?$AA@,0x01088770
??_C@_09IFNKCNPE@SHRUBBERY?$AA@,0x01088764
??_C@_09FNLMCHNE@STRUCTURE?$AA@,0x010739E8
??_C@_08BDOCHFEG@INFANTRY?$AA@,0x01088758
??_C@_07LFHEPKAA@CAVALRY?$AA@,0x0108874C
??_C@_07GKFEMEDF@MONSTER?$AA@,0x01088740
??_C@_07DKGAOOBA@MACHINE?$AA@,0x01088734
??_C@_08BAPAGPFO@AIRCRAFT?$AA@,0x01088728
??_C@_0N@NHGLLCBJ@HUGE_VEHICLE?$AA@,0x01088718
??_C@_05FKDLEGIF@DOZER?$AA@,0x01088710
??_C@_0M@MAJFCKBO@SWARM_DOZER?$AA@,0x01088700
??_C@_09JFGCCJGD@HARVESTER?$AA@,0x010886F4
??_C@_0O@IHIIHAHN@COMMANDCENTER?$AA@,0x010886E4
??_C@_0O@BLIGIAHB@CASTLE_CENTER?$AA@,0x010886D4
??_C@_08HDOOMBPG@SALVAGER?$AA@,0x010886C8
??_C@_0BA@OOGKINLB@WEAPON_SALVAGER?$AA@,0x010886B4
??_C@_09MBLMILGL@TRANSPORT?$AA@,0x010886A8
??_C@_06EJAPDIHK@BRIDGE?$AA@,0x010886A0
??_C@_0BA@OBLICKEO@LANDMARK_BRIDGE?$AA@,0x0108868C
??_C@_0N@CMOHCADI@BRIDGE_TOWER?$AA@,0x0108867C
??_C@_0L@KIKPEEPF@PROJECTILE?$AA@,0x0108866C
??_C@_07JPBNCAME@PRELOAD?$AA@,0x01088660
??_C@_0M@GDHIKCEP@NO_GARRISON?$AA@,0x01088650
??_C@_0M@HDFGFDPI@CASTLE_KEEP?$AA@,0x01088640
??_C@_0M@GPEGAAJB@WAVE_EFFECT?$AA@,0x01088630
??_C@_0L@DOFFJIFK@NO_COLLIDE?$AA@,0x01088620
??_C@_0L@FPIKMGAP@REPAIR_PAD?$AA@,0x01088610
??_C@_08BDCEAIFD@HEAL_PAD?$AA@,0x01088604
??_C@_0BB@BJEOFNEM@STEALTH_GARRISON?$AA@,0x010885F0
??_C@_0BI@INIKDBGC@SUPPLY_GATHERING_CENTER?$AA@,0x010885D4
??_C@_08JPDKFIKO@AIRFIELD?$AA@,0x010885C8
??_C@_0O@ECJAENLO@DRAWABLE_ONLY?$AA@,0x010885B8
??_C@_0BF@CPGNDAPD@MP_COUNT_FOR_VICTORY?$AA@,0x0108859C
??_C@_0N@POGBALDE@REBUILD_HOLE?$AA@,0x0108858C
??_C@_05PKDFAPGJ@SCORE?$AA@,0x01088584
??_C@_0N@ICMBIIOJ@SCORE_CREATE?$AA@,0x01088574
??_C@_0O@EPOCPFGO@SCORE_DESTROY?$AA@,0x01088564
??_C@_0N@FFADCGNI@NO_HEAL_ICON?$AA@,0x01088554
??_C@_0L@JJDBMKIA@CAN_RAPPEL?$AA@,0x01088544
??_C@_0N@FIPIDJCI@PARACHUTABLE?$AA@,0x01088534
??_C@_0BA@BEMCFCKB@CAN_BE_REPULSED?$AA@,0x01088520
??_C@_09JICGPCCF@MOB_NEXUS?$AA@,0x01088514
??_C@_0P@PBPJBIPO@IGNORED_IN_GUI?$AA@,0x01088500
??_C@_05EADBLIEB@CRATE?$AA@,0x010884F8
??_C@_0L@JJDPKAGO@CAPTURABLE?$AA@,0x010884E8
??_C@_0BB@KNLIGLPP@CLEARED_BY_BUILD?$AA@,0x010884D4
??_C@_0O@FFEGHABC@SMALL_MISSILE?$AA@,0x010884C4
??_C@_0P@ELNEHFHC@ALWAYS_VISIBLE?$AA@,0x010884B0
??_C@_0N@OALANAAF@UNATTACKABLE?$AA@,0x01073334
??_C@_04IIKIJICH@MINE?$AA@,0x010884A8
??_C@_0P@KPBDPHCE@CLEANUP_HAZARD?$AA@,0x01088494
??_C@_0BD@EDKDDPNB@PORTABLE_STRUCTURE?$AA@,0x0108847C
??_C@_0BC@LCNPIBPI@ALWAYS_SELECTABLE?$AA@,0x01088464
??_C@_0BL@CJJPAPIK@ATTACK_NEEDS_LINE_OF_SIGHT?$AA@,0x01088444
??_C@_0BE@KEEBHMBG@WALK_ON_TOP_OF_WALL?$AA@,0x0108842C
??_C@_0P@EIEAANGB@DEFENSIVE_WALL?$AA@,0x01088418
??_C@_08MEGBHMCO@FS_POWER?$AA@,0x0108840C
??_C@_0L@NLKKNOJF@FS_FACTORY?$AA@,0x010883FC
??_C@_0BA@KICKFAKL@FS_BASE_DEFENSE?$AA@,0x010883E8
??_C@_0O@GKOBBGID@FS_TECHNOLOGY?$AA@,0x010883D8
??_C@_0BF@JNEFPANG@AIRCRAFT_PATH_AROUND?$AA@,0x010883BC
??_C@_0BB@DLFCKDEF@LOW_OVERLAPPABLE?$AA@,0x010883A8
??_C@_0BA@EDPGCIBF@FORCEATTACKABLE?$AA@,0x01088394
??_C@_0BA@PBGICHPB@AUTO_RALLYPOINT?$AA@,0x01088380
??_C@_0M@FDJDCIPK@OATHBREAKER?$AA@,0x01088370
??_C@_07HPGADLLF@POWERED?$AA@,0x01088364
??_C@_0BE@BHLBPEEM@PRODUCED_AT_HELIPAD?$AA@,0x0108834C
??_C@_05KMFKNJGM@DRONE?$AA@,0x01088344
??_C@_0BK@GECEMBPI@CAN_SEE_THROUGH_STRUCTURE?$AA@,0x01088324
??_C@_0BC@GOIOKFNJ@BALLISTIC_MISSILE?$AA@,0x0108830C
??_C@_0O@JBLBPNKD@CLICK_THROUGH?$AA@,0x010882FC
??_C@_0BJ@EDBMCLNC@SUPPLY_SOURCE_ON_PREVIEW?$AA@,0x010882DC
??_C@_09GCNACFAF@PARACHUTE?$AA@,0x010882D0
??_C@_0BN@GDHMKEDP@GARRISONABLE_UNTIL_DESTROYED?$AA@,0x010882AC
??_C@_04HHBGDEAH@BOAT?$AA@,0x010882A4
??_C@_0BC@PLHMCNGK@IMMUNE_TO_CAPTURE?$AA@,0x0108828C
??_C@_04MHIAAGJA@HULK?$AA@,0x01088284
??_C@_0BO@CGMKEJDE@SHOW_PORTRAIT_WHEN_CONTROLLED?$AA@,0x01088260
??_C@_0BH@LOPHHBPE@SPAWNS_ARE_THE_WEAPONS?$AA@,0x01088244
??_C@_0BL@OJMPMGAM@CANNOT_BUILD_NEAR_SUPPLIES?$AA@,0x01088224
??_C@_0O@HBCJNOIF@SUPPLY_SOURCE?$AA@,0x01088214
??_C@_0O@GMDBPKOE@REVEAL_TO_ALL?$AA@,0x01088204
??_C@_09INNEEJBA@DISGUISER?$AA@,0x010881F8
??_C@_05JMIMCJFB@INERT?$AA@,0x010881F0
??_C@_04OFENBKHB@HERO?$AA@,0x010741B8
??_C@_0BD@NGAMBOIP@IGNORES_SELECT_ALL?$AA@,0x010881D8
??_C@_0BJ@KJFFLJMM@DONT_AUTO_CRUSH_INFANTRY?$AA@,0x010881B8
??_C@_0M@PBPAKDGE@SIEGE_TOWER?$AA@,0x010881A8
??_C@_04GOBFFCKL@TREE?$AA@,0x010881A0
??_C@_05GFJIDBHI@SHRUB?$AA@,0x01088198
??_C@_04FPHEAMCC@CLUB?$AA@,0x0107499C
??_C@_04NJCIHJHF@ROCK?$AA@,0x01088190
??_C@_0O@EBFCOANF@THROWN_OBJECT?$AA@,0x01088180
??_C@_0O@FKAKPJNG@GRAB_AND_KILL?$AA@,0x01088170
??_C@_0P@NJCJFEAD@OPTIMIZED_PROP?$AA@,0x0108815C
??_C@_0M@FGIHBOJA@ENVIRONMENT?$AA@,0x0108814C
??_C@_0BJ@OEBCCOKO@DEFLECT_BY_SPECIAL_POWER?$AA@,0x0108812C
??_C@_0BC@NDMPGJLB@WORKING_PASSENGER?$AA@,0x01088114
??_C@_0BA@GDNAMLCL@BASE_FOUNDATION?$AA@,0x01088100
??_C@_0BF@LJABHNBF@NEED_BASE_FOUNDATION?$AA@,0x010880E4
??_C@_0BE@IPGPGFBL@REACT_WHEN_SELECTED?$AA@,0x010880CC
??_C@_05DIMGFOLI@GIMLI?$AA@,0x010880C4
??_C@_03KJKAIOJA@ORC?$AA@,0x010880C0
??_C@_05OMAMEALA@HORDE?$AA@,0x010880B8
??_C@_0M@JKFGEBNL@COMBO_HORDE?$AA@,0x010880A8
??_C@_0N@PCOIOJA@NONOCCLUDING?$AA@,0x01088098
??_C@_0BC@GCPDCGBO@NO_FREEWILL_ENTER?$AA@,0x01088080
??_C@_0BE@GMHKDCHO@CAN_USE_SIEGE_TOWER?$AA@,0x01088068
??_C@_0BG@PLCOFNAK@CAN_RIDE_SIEGE_LADDER?$AA@,0x0108804C
??_C@_0BA@LOLNGOGD@TACTICAL_MARKER?$AA@,0x01088038
??_C@_0BI@EFKMIINL@PATH_THROUGH_EACH_OTHER?$AA@,0x0108801C
??_C@_0BE@FFHBGHOP@NOTIFY_OF_PREATTACK?$AA@,0x01088004
??_C@_08CKFJCEIM@GARRISON?$AA@,0x01087FF8
??_C@_0M@ILKLNAHO@MELEE_HORDE?$AA@,0x01087FE8
??_C@_09IFNMAJ@BASE_SITE?$AA@,0x01087FDC
??_C@_0BG@GJKLOFHN@INERT_SHROUD_REVEALER?$AA@,0x01087FC0
??_C@_07ENNLLDJH@OCL_BIT?$AA@,0x01087FB4
??_C@_0L@NBHLFIMK@SPELL_BOOK?$AA@,0x01087FA4
??_C@_0L@LDGMFDGN@DEPRECATED?$AA@,0x01087F94
??_C@_0BG@MJOBLFBD@PATH_THROUGH_INFANTRY?$AA@,0x01087F78
??_C@_0BG@PDKFIEJI@NO_FORMATION_MOVEMENT?$AA@,0x01087F5C
??_C@_0BA@CKPBDBFI@NO_BASE_CAPTURE?$AA@,0x01087F48
??_C@_0N@CLOONGOJ@ARMY_SUMMARY?$AA@,0x01087F38
??_C@_06FJMLBGKG@HOBBIT?$AA@,0x01087F30
??_C@_0BD@LOMBHJNL@NOT_AUTOACQUIRABLE?$AA@,0x01087F18
??_C@_04NBNAPFOF@URUK?$AA@,0x0107558C
??_C@_0N@IAJGCEOI@CHUNK_VENDOR?$AA@,0x01087F08
??_C@_06HOIGNFAG@ARCHER?$AA@,0x01087F00
??_C@_09LNCJLPNN@MOVE_ONLY?$AA@,0x01087EF4
??_C@_0BB@BAFIPKC@FS_CASH_PRODUCER?$AA@,0x01087EE0
??_C@_0M@KLPIELAC@ROCK_VENDOR?$AA@,0x01087ED0
??_C@_0O@NPDBCEHH@BLOCKING_GATE?$AA@,0x01087EC0
??_C@_0BH@KJADMEMN@CAN_RIDE_BATTERING_RAM?$AA@,0x01087EA4
??_C@_0N@CKANOGCP@SIEGE_LADDER?$AA@,0x01087E94
??_C@_0N@KJBLHPEF@MINE_TRIGGER?$AA@,0x01087E84
??_C@_04DFAJOFKK@BUFF?$AA@,0x01087E7C
??_C@_0O@LLHDFNJN@GRAB_AND_DROP?$AA@,0x010732C8
??_C@_06EHCIAFCM@PORTER?$AA@,0x01087E74
??_C@_05PMJNCFAH@SCARY?$AA@,0x01087E6C
??_C@_0BA@IHIPPIMM@CRITTER_EMITTER?$AA@,0x01087E58
??_C@_09MJIBBKAK@SALT_LICK?$AA@,0x01087E4C
??_C@_0BB@DANAMHI@CAN_ATTACK_WALLS?$AA@,0x01087E38
??_C@_0BD@NHEBLHNJ@IGNORE_FOR_VICTORY?$AA@,0x01087E20
??_C@_0BA@PEIJFGJC@DO_NOT_CLASSIFY?$AA@,0x01087E0C
??_C@_0N@GNCDICAE@WALL_UPGRADE?$AA@,0x01087DFC
??_C@_0N@HLKMFDFN@ARMY_OF_DEAD?$AA@,0x01087DEC
??_C@_05POHOEKGJ@TAINT?$AA@,0x01087DE4
??_C@_0BI@GOECODFJ@BASE_DEFENSE_FOUNDATION?$AA@,0x01087DC8
??_C@_0N@EPMDFAP@NOT_SELLABLE?$AA@,0x01087DB8
??_C@_06CKBODCNC@WEBBED?$AA@,0x01087DB0
??_C@_0BB@DNMKLJGE@____OBSOLETE____?$AA@,0x01087D9C
??_C@_0P@JBEJDDEF@BUILD_FOR_FREE?$AA@,0x01087D88
??_C@_0BP@PJGOGMID@IGNORE_FOR_EVA_SPEECH_POSITION?$AA@,0x01087D60
??_C@_0N@JOCMKKHF@MADE_OF_WOOD?$AA@,0x01087D50
??_C@_0O@BFBDICDJ@MADE_OF_METAL?$AA@,0x01087D40
??_C@_0O@CMMJHDAK@MADE_OF_STONE?$AA@,0x01087D30
??_C@_0N@MCDLDKIJ@MADE_OF_DIRT?$AA@,0x01087D20
??_C@_0BL@FHEBLNNJ@FACE_AWAY_FROM_CASTLE_KEEP?$AA@,0x01087D00
??_C@_06BHNHCEMD@BANNER?$AA@,0x01087CF8
??_C@_0BC@LDMOMCFL@I_WANT_TO_EAT_YOU?$AA@,0x01087CE0
??_C@_0BC@GPIBBEDL@INDUSTRY_AFFECTED?$AA@,0x01087CC8
??_C@_07DPNDKDEF@GANDALF?$AA@,0x01087CBC
??_C@_07CHMCJHNF@ARAGORN?$AA@,0x01087CB0
??_C@_0P@OOJOGCCH@HAS_HEALTH_BAR?$AA@,0x01087C9C
??_C@_0M@NEHDEBEI@BIG_MONSTER?$AA@,0x01087C8C
??_C@_0O@BKAOBBEK@DEPLOYED_MINE?$AA@,0x01087C7C
??_C@_0BB@KJCIPLLI@CANNOT_RETALIATE?$AA@,0x01087C68
??_C@_05OFACAAEF@CREEP?$AA@,0x01087C60
??_C@_0M@BBECIKIP@TAINTEFFECT?$AA@,0x01087C50
??_C@_05HNMKLENA@TROLL?$AA@,0x01087C48
??_C@_0BI@PEONGPGK@VITAL_FOR_BASE_SURVIVAL?$AA@,0x01087C2C
??_C@_0BN@BAGPFAIO@DO_NOT_PICK_ME_WHEN_BUILDING?$AA@,0x01087C08
??_C@_08JKNJEDPH@SUMMONED?$AA@,0x01087BFC
??_C@_0P@GIKDDPOM@HIDE_IF_FOGGED?$AA@,0x01087BE8
??_C@_0BI@DFOIOOMH@ALWAYS_SHOW_HOUSE_COLOR?$AA@,0x01087BCC
??_C@_0P@GIIAJGHB@MOVE_FOR_NOONE?$AA@,0x01087BB8
?g_rva012F7178PatchCheckLayoutActive@@3EC,0x012F7178
?g_Va012F70A4@@3_NC,0x012F70A4
?okFunc@@3P6AXXZA,0x012F70A8
?cancelFunc@@3P6AXXZA,0x012F70AC
?reOpenPlayerInfoFlag@@3_NC,0x012F70B0
?BfmeDynamicVBSlots@@3PAVBFMEVertexFVFInfo@@A,0x013467F0
?g_binaryDeepCRC@@3DA,0x012ED4E7
?g_aptPalantirClosed@@3EA,0x012B7D84
?g_aptLivingWorldVisible@@3EA,0x012F499C
?g_aptLivingWorldInitialized@@3EA,0x012F499D
?g_aptPalantirCallbacksRegistered@@3EA,0x012F4AFC
?g_aptPalantirShowRequested@@3EA,0x012F4AFD
?g_aptPalantirCloseRequested@@3EA,0x012F4AFE
?s_bitNameList@?$BitFlags@$05@@0PAPBDA,0x012A6858
?s_bitNameList@?$BitFlags@$0BN@@@0PAPBDA,0x012AD6B0
?s_bitNameList@?$BitFlags@$0BDA@@@0PAPBDA,0x012A6918
?s_bitNameList@?$BitFlags@$0FG@@@0PAPBDA,0x012A6670
?s_bitNameList@?$BitFlags@$0HE@@@0PAPBDA,0x012A8D40
?s_bitNameList@?$BitFlags@$0L@@@0PAPBDA,0x012A68D8
?s_bitNameList@?$BitFlags@$09@@0PAPBDA,0x012A687C
??_C@_09HKHNEOPH@BACK_AWAY?$AA@,0x01073964
??_C@_0N@KALDBFI@AVOID_SCARER?$AA@,0x01073954
??_C@_04IMMGDCFE@IDLE?$AA@,0x0107394C
??_C@_0P@IMFJFEN@RUN_AWAY_PANIC?$AA@,0x01073938
??_C@_0M@MDGNBLPH@FACE_OBJECT?$AA@,0x01073928
??_C@_07LPPCNILH@QUARREL?$AA@,0x0107391C
??_C@_07GGANFPIE@VETERAN?$AA@,0x01073AA0
??_C@_05IMAMFKFA@ELITE?$AA@,0x01073A98
??_C@_0P@MINCIFE@PLAYER_UPGRADE?$AA@,0x01073A84
??_C@_0BD@DCHKPEBI@PASSENGER_TYPE_ONE?$AA@,0x010A1580
??_C@_0BD@FMHKFEPD@PASSENGER_TYPE_TWO?$AA@,0x010A1568
??_C@_0L@EJHBNMOF@GARRISONED?$AA@,0x01074FE8
??_C@_0M@CIMOHEPP@CLOSE_RANGE?$AA@,0x010A1558
??_C@_07DPAEGDME@RAMPAGE?$AA@,0x010A154C
??_C@_0BE@JFOJDJGK@CONTESTING_BUILDING?$AA@,0x01073464
??_C@_0O@NOHOIOGE@WEAPON_RIDER1?$AA@,0x010A153C
??_C@_0O@PFFDNNKH@WEAPON_RIDER2?$AA@,0x010A152C
??_C@_0O@OMEIOMOG@WEAPON_RIDER3?$AA@,0x010A151C
??_C@_0O@KDAJHKCB@WEAPON_RIDER4?$AA@,0x010A150C
??_C@_0O@LKBCELGA@WEAPON_RIDER5?$AA@,0x010A14FC
??_C@_0O@JBDPBIKD@WEAPON_RIDER6?$AA@,0x010A14EC
??_C@_0O@IICECJOC@WEAPON_RIDER7?$AA@,0x010A14DC
??_C@_0O@PLMDFCN@WEAPON_RIDER8?$AA@,0x010A14CC
??_C@_0M@KPHPJIJ@SPECIAL_ONE?$AA@,0x010A14BC
??_C@_0M@GEPHFJGC@SPECIAL_TWO?$AA@,0x010A14AC
??_C@_09ILDGPDFC@CONTAINED?$AA@,0x010A14A0
??_C@_07IHKNNAIJ@MOUNTED?$AA@,0x01074218
??_C@_07CPMGJPJA@ENRAGED?$AA@,0x010733A4
??_C@_0BA@JNNIHJFO@SPECIAL_UPGRADE?$AA@,0x010A148C
??_C@_0BD@CJGCCNGA@WEAPONSET_TOGGLE_1?$AA@,0x01073DEC
??_C@_0BD@CEPHOKD@WEAPONSET_TOGGLE_2?$AA@,0x01073DD4
??_C@_0BD@BLFEEPOC@WEAPONSET_TOGGLE_3?$AA@,0x01073DBC
??_C@_0BE@NIIMOEDF@WEAPONSET_HERO_MODE?$AA@,0x01073DA4
??_C@_0BI@EMMGIDBI@WEAPONSET_ONE_RING_MODE?$AA@,0x010A1470
??_C@_07POOJDNKJ@TOPPLED?$AA@,0x01075060
??_C@_0N@FLJCFNOP@FRONTCRUSHED?$AA@,0x01075050
??_C@_0M@OKLCFDJO@BACKCRUSHED?$AA@,0x01075040
??_C@_07OHKEFPKJ@DAMAGED?$AA@,0x01075034
??_C@_0O@BIBJLEDL@REALLYDAMAGED?$AA@,0x01075024
??_C@_06GNDKBFCA@RUBBLE?$AA@,0x0107501C
??_C@_0BA@FHAJBFAP@SPECIAL_DAMAGED?$AA@,0x01075008
??_C@_05IIBBCLNE@NIGHT?$AA@,0x01075000
??_C@_04LDJJJDJJ@SNOW?$AA@,0x01074FF8
??_C@_0M@LJJJIEGC@PARACHUTING?$AA@,0x01073618
??_C@_09KPEKJEPB@ENEMYNEAR?$AA@,0x01074FDC
??_C@_0BC@BHPLCIEF@WEAPONSET_VETERAN?$AA@,0x01074FC4
??_C@_0BA@MMILGBLO@WEAPONSET_ELITE?$AA@,0x01074FB0
??_C@_0P@LNHNJCJL@WEAPONSET_HERO?$AA@,0x01074F9C
??_C@_0BN@MDNOLCFH@WEAPONSET_PASSENGER_TYPE_ONE?$AA@,0x01074F78
??_C@_0BN@KNNOBCLM@WEAPONSET_PASSENGER_TYPE_TWO?$AA@,0x01074F54
??_C@_0BJ@GEDHODBG@WEAPONSET_PLAYER_UPGRADE?$AA@,0x01074F34
??_C@_0BA@FCPGMIBB@WEAPONSTATE_ONE?$AA@,0x01074F20
??_C@_0BA@DMPGGIPK@WEAPONSTATE_TWO?$AA@,0x01074F0C
??_C@_0BC@BGKGKHNB@WEAPONSTATE_THREE?$AA@,0x01074EF4
??_C@_0P@LMLJEFPB@DOOR_1_OPENING?$AA@,0x01074EE0
??_C@_0P@HCIDNGFB@DOOR_1_CLOSING?$AA@,0x01074ECC
??_C@_0BE@OMJDPFLD@DOOR_1_WAITING_OPEN?$AA@,0x01074EB4
??_C@_0BI@GKGNODK@DOOR_1_WAITING_TO_CLOSE?$AA@,0x01074E98
??_C@_0P@FHIOPOPC@DOOR_2_OPENING?$AA@,0x01074E84
??_C@_0P@JJLEGNFC@DOOR_2_CLOSING?$AA@,0x01074E70
??_C@_0BE@PNOOJPMK@DOOR_2_WAITING_OPEN?$AA@,0x01074E58
??_C@_0BI@KFPAFIJD@DOOR_2_WAITING_TO_CLOSE?$AA@,0x01074E3C
??_C@_0P@LIEMJFMM@DOOR_3_OPENING?$AA@,0x01074E28
??_C@_0P@HGHGAGGM@DOOR_3_CLOSING?$AA@,0x01074E14
??_C@_0BE@EEBFEECC@DOOR_3_WAITING_OPEN?$AA@,0x01074DFC
??_C@_0BI@HCBCNIML@DOOR_3_WAITING_TO_CLOSE?$AA@,0x01074DE0
??_C@_0P@FKJAIOLF@DOOR_4_OPENING?$AA@,0x01074DCC
??_C@_0P@JEKKBNBF@DOOR_4_CLOSING?$AA@,0x01074DB8
??_C@_0BE@NPBEELDI@DOOR_4_WAITING_OPEN?$AA@,0x01074DA0
??_C@_0BI@DICMFDIA@DOOR_4_WAITING_TO_CLOSE?$AA@,0x01074D84
??_C@_09PEGMBHLJ@ATTACKING?$AA@,0x01074D78
??_C@_0BE@HLILNMK@ATTACKING_STRUCTURE?$AA@,0x01074D60
??_C@_0M@DGMPNPOE@PREATTACK_A?$AA@,0x01074D50
??_C@_08HBDDHKEF@FIRING_A?$AA@,0x01074D44
??_C@_0BG@HBNFJLOD@FIRING_OR_PREATTACK_A?$AA@,0x01074D28
??_C@_0BG@CDGEHOIJ@FIRING_OR_RELOADING_A?$AA@,0x01074D0C
??_C@_0BH@FEMNNALE@BETWEEN_FIRING_SHOTS_A?$AA@,0x01074CF0
??_C@_0M@GEHODKIO@RELOADING_A?$AA@,0x01074CE0
??_C@_0M@BNOCIMCH@PREATTACK_B?$AA@,0x01074CD0
??_C@_08FKBOCJIG@FIRING_B?$AA@,0x01074CC4
??_C@_0BG@FKPIMICA@FIRING_OR_PREATTACK_B?$AA@,0x01074CA8
??_C@_0BG@IEJCNEK@FIRING_OR_RELOADING_B?$AA@,0x01074C8C
??_C@_0BH@HPOAIDHH@BETWEEN_FIRING_SHOTS_B?$AA@,0x01074C70
??_C@_0M@EPFDGJEN@RELOADING_B?$AA@,0x01074C60
??_C@_0M@EPJLNGG@PREATTACK_C?$AA@,0x01074C50
??_C@_08EDAFBIMH@FIRING_C?$AA@,0x01074C44
??_C@_0BG@EDODPJGB@FIRING_OR_PREATTACK_C?$AA@,0x01074C28
??_C@_0BG@BBFCBMAL@FIRING_OR_RELOADING_C?$AA@,0x01074C0C
??_C@_0BH@GGPLLCDG@BETWEEN_FIRING_SHOTS_C?$AA@,0x01074BF0
??_C@_0M@FGEIFIAM@RELOADING_C?$AA@,0x01074BE0
??_C@_0O@GNDLPAAG@TURRET_ROTATE?$AA@,0x01074BD0
??_C@_0M@DNDHHEP@POST_RUBBLE?$AA@,0x01074BC0
??_C@_0O@PJNGJNMP@POST_COLLAPSE?$AA@,0x01074BB0
??_C@_06CNDCNIFF@MOVING?$AA@,0x01074BA8
??_C@_05MMNHNFCD@DYING?$AA@,0x01074BA0
??_C@_0O@FFEDGHGL@EMOTION_ALERT?$AA@,0x01074B90
??_C@_0P@GLCJNBBA@EMOTION_AFRAID?$AA@,0x01074B7C
??_C@_0P@ICOCCBMD@EMOTION_TERROR?$AA@,0x01074B68
??_C@_0O@KHKIDNOC@EMOTION_PANIC?$AA@,0x01074B58
??_C@_0BG@HIOLHNGN@AWAITING_CONSTRUCTION?$AA@,0x01074B3C
??_C@_0BG@IHOBIIKI@PARTIALLY_CONSTRUCTED?$AA@,0x01074B20
??_C@_0BL@GIBCILHO@ACTIVELY_BEING_CONSTRUCTED?$AA@,0x01074B00
??_C@_0CA@BJDPBNGJ@UNIT_ACTIVELY_BEING_CONSTRUCTED?$AA@,0x01074AD8
??_C@_05DEBNJJOB@PRONE?$AA@,0x01074AD0
??_C@_08DLIMECHK@FREEFALL?$AA@,0x01074AC4
??_C@_0BG@IEMHGAPF@ACTIVELY_CONSTRUCTING?$AA@,0x01074AA8
??_C@_0BG@MGMIOADF@CONSTRUCTION_COMPLETE?$AA@,0x01074A8C
??_C@_0BA@OBPCFHMP@RADAR_EXTENDING?$AA@,0x01074A78
??_C@_0P@FCBCGIPD@RADAR_UPGRADED?$AA@,0x01074A64
??_C@_09EMDJJNF@PANICKING?$AA@,0x01074A58
??_C@_06BCAJJIPO@AFLAME?$AA@,0x010735F8
??_C@_0L@OPFLFKPD@SMOLDERING?$AA@,0x01074A48
??_C@_06DGBIKLBK@BURNED?$AA@,0x010735F0
??_C@_07IGJGDE@DOCKING?$AA@,0x01074A3C
??_C@_0BC@KLLFDFEJ@DOCKING_BEGINNING?$AA@,0x01074A24
??_C@_0P@IALDEBLG@DOCKING_ACTIVE?$AA@,0x01074A10
??_C@_0P@IIIBHBLD@DOCKING_ENDING?$AA@,0x010749FC
??_C@_08PIPBIEIH@CARRYING?$AA@,0x010749F0
??_C@_07CEBLIJJA@FLOODED?$AA@,0x010749E4
??_C@_06IMJHPMIM@LOADED?$AA@,0x010749DC
??_C@_09OFFFGMAE@PASSENGER?$AA@,0x010749D0
??_C@_0BB@CFKHIJMM@TRANSPORT_MOVING?$AA@,0x010749BC
??_C@_0BC@PAGBBKFM@TRANSPORT_STOPPED?$AA@,0x010749A4
??_C@_0P@GHCALMLG@JETAFTERBURNER?$AA@,0x01074988
??_C@_0L@EMJDLGGO@JETEXHAUST?$AA@,0x01074978
??_C@_07KIEINCLI@PACKING?$AA@,0x0107496C
??_C@_09BOJKHGNC@PREPARING?$AA@,0x01074960
??_C@_09GHINPADO@UNPACKING?$AA@,0x01074954
??_C@_0P@OJEJOCIL@PACKING_TYPE_1?$AA@,0x01074940
??_C@_0P@MCGELBEI@PACKING_TYPE_2?$AA@,0x0107492C
??_C@_0P@NLHPIAAJ@PACKING_TYPE_3?$AA@,0x01074918
??_C@_08COFIBMOJ@DEPLOYED?$AA@,0x01073344
??_C@_0L@PNPCNPCG@OVER_WATER?$AA@,0x01074908
??_C@_0BF@DIEOIIKA@POWER_PLANT_UPGRADED?$AA@,0x010748EC
??_C@_08ODJNEPLP@CLIMBING?$AA@,0x010748E0
??_C@_04GIIMALDH@SOLD?$AA@,0x01073590
??_C@_0L@DCCMLPOG@RAPPELLING?$AA@,0x010748D0
??_C@_05EDNAFOPE@ARMED?$AA@,0x010748C8
??_C@_0BG@COJHAOMM@POWER_PLANT_UPGRADING?$AA@,0x010748AC
??_C@_0BB@BDMBJFEJ@SPECIAL_CHEERING?$AA@,0x01074898
??_C@_0BF@CPJJHMCH@CONTINUOUS_FIRE_SLOW?$AA@,0x0107487C
??_C@_0BF@BMNPJOFM@CONTINUOUS_FIRE_MEAN?$AA@,0x01074860
??_C@_0BF@ELOCLFNP@CONTINUOUS_FIRE_FAST?$AA@,0x01074844
??_C@_0N@DHPODKPG@RAISING_FLAG?$AA@,0x01074834
??_C@_08NMKHPHAO@CAPTURED?$AA@,0x01074828
??_C@_0BC@GGCGBEBM@EXPLODED_FLAILING?$AA@,0x01074810
??_C@_0BC@LJIBFNEH@EXPLODED_BOUNCING?$AA@,0x010747F8
??_C@_08CLBIJHDE@SPLATTED?$AA@,0x010747EC
??_C@_0P@CMCIAHLA@USING_WEAPON_A?$AA@,0x010747D8
??_C@_0P@HAFFEHD@USING_WEAPON_B?$AA@,0x010747C4
??_C@_0P@BOBOGFDC@USING_WEAPON_C?$AA@,0x010747B0
??_C@_08DMODJPMH@PREORDER?$AA@,0x010747A4
??_C@_0BB@GCFOGMIG@STUNNED_FLAILING?$AA@,0x01074790
??_C@_07LEOBIMFP@STUNNED?$AA@,0x01074784
??_C@_06ENIMHHMO@WANDER?$AA@,0x0107477C
??_C@_07FDNLGJHE@WALKING?$AA@,0x01074770
??_C@_08GOFIDABM@CHARGING?$AA@,0x01074764
??_C@_09PBKJIBFK@TURN_LEFT?$AA@,0x01074758
??_C@_0L@EDEDKKA@TURN_RIGHT?$AA@,0x01074748
??_C@_0L@CLKPNNNJ@ACCELERATE?$AA@,0x01074738
??_C@_0L@FHOGABNM@DECELERATE?$AA@,0x01074728
??_C@_0BF@MBEKCADO@TURN_LEFT_HIGH_SPEED?$AA@,0x0107470C
??_C@_0BG@FAGBNAFP@TURN_RIGHT_HIGH_SPEED?$AA@,0x010746F0
??_C@_0BA@ECOGOKJC@DESTROYED_FRONT?$AA@,0x010746DC
??_C@_0BA@MKIFINB@DESTROYED_RIGHT?$AA@,0x010746C8
??_C@_0P@PLDFDIFE@DESTROYED_BACK?$AA@,0x010746B4
??_C@_0P@PGNNBH@DESTROYED_LEFT?$AA@,0x010746A0
??_C@_0BF@ONLMJIPL@WEAPONSET_GARRISONED?$AA@,0x01074684
??_C@_0BD@MGHGOFGM@WEAPONLOCK_PRIMARY?$AA@,0x0107466C
??_C@_0BF@LDPLNODE@WEAPONLOCK_SECONDARY?$AA@,0x01074650
??_C@_0BE@DLKABDID@WEAPONLOCK_TERTIARY?$AA@,0x01074638
??_C@_07NHLDBIHA@DEATH_1?$AA@,0x010734B8
??_C@_07PMJOELLD@DEATH_2?$AA@,0x010734AC
??_C@_07OFIFHKPC@DEATH_3?$AA@,0x010734A0
??_C@_07KKMEOMDF@DEATH_4?$AA@,0x01073494
??_C@_05NJGHDHCG@DECAY?$AA@,0x01074630
??_C@_0BC@BKCLIHJM@THROWN_PROJECTILE?$AA@,0x01074618
??_C@_0N@JJBGPKMD@ABOUT_TO_HIT?$AA@,0x01074608
??_C@_0L@LFHMBCMO@BACKING_UP?$AA@,0x010745F8
??_C@_07HMNNAMLI@ENGAGED?$AA@,0x010745EC
??_C@_0BG@PJHLOKFJ@DEFLECT_SPECIAL_POWER?$AA@,0x010745D0
??_C@_0BG@NCGFIENI@WEAPONSET_CLOSE_RANGE?$AA@,0x010745B4
??_C@_0BI@NMEFBNBF@WEAPONSTATE_CLOSE_RANGE?$AA@,0x01074598
??_C@_0BC@EOPCBEAF@WEAPONSET_RAMPAGE?$AA@,0x01074580
??_C@_0BH@MDFEEHK@RAMPAGE_ANIMATION_ONLY?$AA@,0x01074564
??_C@_0BE@NEILFION@STUNNED_STANDING_UP?$AA@,0x0107454C
??_C@_07KFGIIDGJ@REACT_1?$AA@,0x01074540
??_C@_07IOEFNAKK@REACT_2?$AA@,0x01074534
??_C@_07JHFOOBOL@REACT_3?$AA@,0x01074528
??_C@_07NIBPHHCM@REACT_4?$AA@,0x0107451C
??_C@_07MBAEEGGN@REACT_5?$AA@,0x01074510
??_C@_07OKCJBFKO@REACT_6?$AA@,0x01074504
??_C@_08FGBCKBPP@SELECTED?$AA@,0x010744F8
??_C@_08JDKKDPDK@GUARDING?$AA@,0x010744EC
??_C@_0N@FCGNHAAF@HIT_REACTION?$AA@,0x010744DC
??_C@_0M@FAOOEPHE@HIT_LEVEL_1?$AA@,0x010744CC
??_C@_0M@HLMDBMLH@HIT_LEVEL_2?$AA@,0x010744BC
??_C@_0M@GCNICNPG@HIT_LEVEL_3?$AA@,0x010744AC
??_C@_0BE@MKGEEPAA@GRAB_BUILDING_CHUNK?$AA@,0x01074494
??_C@_07LDNPNNHE@DEATH_5?$AA@,0x01073488
??_C@_08PNCDNBDP@AIM_HIGH?$AA@,0x01074488
??_C@_0N@HBBKEKFD@AIM_STRAIGHT?$AA@,0x01074478
??_C@_07PIACHFAM@AIM_LOW?$AA@,0x0107446C
??_C@_08IMBFBNEO@AIM_NEAR?$AA@,0x01074460
??_C@_07OAFGEMCH@AIM_FAR?$AA@,0x01074454
??_C@_06GOPDHOJL@DIVING?$AA@,0x0107444C
??_C@_06MJMOOCOH@USER_1?$AA@,0x01074444
??_C@_06OCODLBCE@USER_2?$AA@,0x0107443C
??_C@_06PLPIIAGF@USER_3?$AA@,0x01074434
??_C@_06LELJBGKC@USER_4?$AA@,0x0107442C
??_C@_06KNKCCHOD@USER_5?$AA@,0x01074424
??_C@_08FKLEHAGA@SWOOPING?$AA@,0x01074418
??_C@_0M@KJFFNNHJ@BURNT_MODEL?$AA@,0x01074408
??_C@_0O@CHKIJFJE@BURNT_TEXTURE?$AA@,0x010743F8
??_C@_0BO@HDHLMBCN@WEAPONSET_CONTESTING_BUILDING?$AA@,0x010743D4
??_C@_05KOLFGEDA@DEBUG?$AA@,0x010743CC
??_C@_0BG@EJNBFEFM@PASSENGER_VARIATION_1?$AA@,0x010743B0
??_C@_0BG@GCPMAHJP@PASSENGER_VARIATION_2?$AA@,0x01074394
??_C@_0BG@HLOHDGNO@PASSENGER_VARIATION_3?$AA@,0x01074378
??_C@_0BG@DEKGKABJ@PASSENGER_VARIATION_4?$AA@,0x0107435C
??_C@_0BG@CNLNJBFI@PASSENGER_VARIATION_5?$AA@,0x01074340
??_C@_0BA@HNFICDMM@EMOTION_GUNG_HO?$AA@,0x0107432C
??_C@_0BE@LKEIFJGB@EMOTION_LOOK_TO_SKY?$AA@,0x01074314
??_C@_0BE@CNBMPFGL@EMOTION_CELEBRATING?$AA@,0x010742FC
??_C@_0P@EAMEJLLD@EMOTION_AMUSED?$AA@,0x010742E8
??_C@_0BE@OBHPBAPM@EMOTION_MORALE_HIGH?$AA@,0x010742D0
??_C@_0BD@MIKCNEFN@EMOTION_MORALE_LOW?$AA@,0x010742B8
??_C@_0O@OKAIDBNH@EMOTION_COWER?$AA@,0x010742A8
??_C@_0BG@CEOJOODA@USING_SPECIAL_ABILITY?$AA@,0x0107428C
??_C@_0O@IFHMJHMG@WORLD_BUILDER?$AA@,0x0107427C
??_C@_0O@BCHEFEOH@SIEGE_CONTAIN?$AA@,0x0107426C
??_C@_07ILJOLDJG@LEVELED?$AA@,0x01074260
??_C@_0BA@IMDENKAG@SPECIAL_POWER_1?$AA@,0x0107424C
??_C@_0BA@KHBJIJMF@SPECIAL_POWER_2?$AA@,0x01074238
??_C@_0BA@LOACLIIE@SPECIAL_POWER_3?$AA@,0x01074224
??_C@_0BA@NBELHDND@OATH_FULLFILLED?$AA@,0x01074204
??_C@_0M@NMDHJJGA@RESURRECTED?$AA@,0x010741F4
??_C@_0BB@LAEGABAM@DESTROYED_WEAPON?$AA@,0x010741E0
??_C@_0L@EDKEELDK@JUST_BUILT?$AA@,0x010741D0
??_C@_0L@CNPBKIAJ@BASE_BUILD?$AA@,0x010741C0
??_C@_06FGFCCIFB@RIDER1?$AA@,0x0107342C
??_C@_06HNHPHLJC@RIDER2?$AA@,0x01073424
??_C@_06GEGEEKND@RIDER3?$AA@,0x0107341C
??_C@_06CLCFNMBE@RIDER4?$AA@,0x01073414
??_C@_06DCDOONFF@RIDER5?$AA@,0x0107340C
??_C@_06BJBDLOJG@RIDER6?$AA@,0x01073404
??_C@_06IIPNH@RIDER7?$AA@,0x010733FC
??_C@_06IHJAJDBI@RIDER8?$AA@,0x010733F4
??_C@_0BB@BBKAGABF@WEAPONSET_RIDER1?$AA@,0x010741A4
??_C@_0BB@DKINDDNG@WEAPONSET_RIDER2?$AA@,0x01074190
??_C@_0BB@CDJGACJH@WEAPONSET_RIDER3?$AA@,0x0107417C
??_C@_0BB@GMNHJEFA@WEAPONSET_RIDER4?$AA@,0x01074168
??_C@_0BB@HFMMKFBB@WEAPONSET_RIDER5?$AA@,0x01074154
??_C@_0BB@FOOBPGNC@WEAPONSET_RIDER6?$AA@,0x01074140
??_C@_0BB@EHPKMHJD@WEAPONSET_RIDER7?$AA@,0x0107412C
??_C@_0BB@MAGCNLFM@WEAPONSET_RIDER8?$AA@,0x01074118
??_C@_0BG@PAFMAJKO@WEAPONSET_SPECIAL_ONE?$AA@,0x010740FC
??_C@_0BG@JOFMKJEF@WEAPONSET_SPECIAL_TWO?$AA@,0x010740E0
??_C@_06MOLGLOEH@WADING?$AA@,0x010740D8
??_C@_08OMNMLHGC@SWIMMING?$AA@,0x010740CC
??_C@_0BE@JHLGIADE@WEAPONSET_CONTAINED?$AA@,0x010740B4
??_C@_0BG@FCAFONGL@WEAPONSTATE_CONTAINED?$AA@,0x01074098
??_C@_0M@EJLNCMOK@HORDE_EMPTY?$AA@,0x01074088
??_C@_0BD@FHIKJCBN@SPECIAL_WEAPON_ONE?$AA@,0x01074070
??_C@_0BD@DJIKDCPG@SPECIAL_WEAPON_TWO?$AA@,0x01074058
??_C@_0BF@DBKNFFEL@SPECIAL_WEAPON_THREE?$AA@,0x0107403C
??_C@_0BC@PGFLKHEI@WEAPONSET_MOUNTED?$AA@,0x01074024
??_C@_06FOBHKECC@EATING?$AA@,0x0107401C
??_C@_0BA@HDJPJAFO@CHANT_FOR_GROND?$AA@,0x01074008
??_C@_0BC@FODAOIFB@WEAPONSET_ENRAGED?$AA@,0x01073FF0
??_C@_0BK@FGCODCJ@WEAPONSET_SPECIAL_UPGRADE?$AA@,0x01073FD0
??_C@_0BA@MCCKAKKC@RUNNING_OFF_MAP?$AA@,0x01073FBC
??_C@_08KONCOFLA@ONE_RING?$AA@,0x01073FB0
??_C@_0BC@PCACAICD@PRIMARY_FORMATION?$AA@,0x01073F98
??_C@_0BE@FPIPAJDG@ALTERNATE_FORMATION?$AA@,0x01073F80
??_C@_0BE@NIAGPHCM@HARVEST_PREPARATION?$AA@,0x01073F68
??_C@_0P@EIPPIJIA@HARVEST_ACTION?$AA@,0x01073F54
??_C@_0BD@BDMEIECB@SPECIAL_ENEMY_NEAR?$AA@,0x01073F3C
??_C@_06JMIOFMHI@HIDDEN?$AA@,0x010735B4
??_C@_0BA@BBEMIELD@PUTTING_ON_RING?$AA@,0x01073F28
??_C@_0BA@HDKCHNAN@TAKING_OFF_RING?$AA@,0x01073F14
??_C@_0BE@BHMECPKF@UPGRADE_BOILING_OIL?$AA@,0x01073EFC
??_C@_0BB@FILOMOGA@UPGRADE_GARRISON?$AA@,0x01073EE8
??_C@_0BF@DIJHGFIP@UPGRADE_POSTERN_GATE?$AA@,0x01073ECC
??_C@_0BC@FODPCFFP@UPGRADE_TREBUCHET?$AA@,0x01073EB4
??_C@_0BK@MNODBILL@UPGRADE_NUMENOR_STONEWORK?$AA@,0x01073E94
??_C@_0P@BOPKDOGL@UPGRADE_BLANK2?$AA@,0x01073E80
??_C@_0P@HOBAPCK@UPGRADE_BLANK3?$AA@,0x01073E6C
??_C@_0P@EIKAJJON@UPGRADE_BLANK4?$AA@,0x01073E58
??_C@_06LBHGEHPN@DRILL0?$AA@,0x01073E50
??_C@_06KIGNHGLM@DRILL1?$AA@,0x01073E48
??_C@_06IDEACFHP@DRILL2?$AA@,0x01073E40
??_C@_06JKFLBEDO@DRILL3?$AA@,0x01073E38
??_C@_06NFBKICPJ@DRILL4?$AA@,0x01073E30
??_C@_09OHKCMIKM@RIDERLESS?$AA@,0x01073448
??_C@_07DGNMDNOA@DRAFTED?$AA@,0x01073E24
??_C@_0P@NCLNHMAB@UPGRADED_ARMOR?$AA@,0x01073E10
??_C@_09JBEMPMMH@DISGUISED?$AA@,0x01073E04
??_C@_0BB@LIAEGICB@DOCKING_PRE_DOCK?$AA@,0x01073D90
??_C@_0P@OGMNDHJC@TURRET_ANGLE_0?$AA@,0x01073D7C
??_C@_0BA@MOHADCCD@TURRET_ANGLE_90?$AA@,0x01073D68
??_C@_0BB@LGEIEOOE@TURRET_ANGLE_180?$AA@,0x01073D54
??_C@_0BB@KPKBKGDH@TURRET_ANGLE_270?$AA@,0x01073D40
??_C@_0BG@CNKBAHPA@USING_COMBO_LOCOMOTOR?$AA@,0x01073D24
??_C@_09CKPOBMJB@WAR_CHANT?$AA@,0x01073D18
??_C@_0BE@JLPBDJGJ@EMOTION_QUARRELSOME?$AA@,0x01073D00
??_C@_0BF@LJJHJAMM@QUARRELSOME_FIGHTING?$AA@,0x01073CE4
??_C@_0P@JOEJIHOP@UNCONTROLLABLE?$AA@,0x01073CD0
??_C@_0BA@MHGPOHBB@INITIAL_ENRAGED?$AA@,0x01073CBC
??_C@_0BB@OGDJGPGI@ARMORSET_VETERAN?$AA@,0x01073CA8
??_C@_0P@FCLPFGB@ARMORSET_ELITE?$AA@,0x01073C94
??_C@_0O@BBMJMLOI@ARMORSET_HERO?$AA@,0x01073C84
??_C@_0CC@OAACLIHO@ARMORSET_WEAK_VERSUS_BASEDEFENSE@,0x01073C5C
??_C@_0BN@DNDHCOEO@ARMORSET_ALTERNATE_FORMATION?$AA@,0x01073C38
??_C@_0BB@HJJOAGF@ARMORSET_MOUNTED?$AA@,0x01073C24
??_C@_0BI@HFAPELOH@ARMORSET_PLAYER_UPGRADE?$AA@,0x01073C08
??_C@_0BK@HKKBLFMA@ARMORSET_PLAYER_UPGRADE_2?$AA@,0x01073BE8
??_C@_0BK@GDLKIEIB@ARMORSET_PLAYER_UPGRADE_3?$AA@,0x01073BC8
??_C@_0BH@NAENIPAF@ARMORSET_UNBESIEGEABLE?$AA@,0x01073BAC
??_C@_0BB@MMFDOLKA@EMOTION_TAUNTING?$AA@,0x01073B98
??_C@_0N@DANPHKIM@EMOTION_DOOM?$AA@,0x01073B88
??_C@_0BB@CEELFOCE@EMOTION_POINTING?$AA@,0x01073B74
??_C@_0BA@HGKDMNPJ@WEAPON_TOGGLING?$AA@,0x01073B60
??_C@_0N@CPDDOBPO@INVULNERABLE?$AA@,0x01073B50
??_C@_08KFDJDABJ@MARCHING?$AA@,0x01073B44
??_C@_0BG@PBDMOIJ@UPGRADE_ECONOMY_BONUS?$AA@,0x01073B28
??_C@_0BG@NLCOGACE@COMING_OUT_OF_FACTORY?$AA@,0x01073B0C
??_C@_0CD@EFLFMFKB@DESTROYED_WHILST_BEING_CONSTRUCT@,0x01073AE0
??_C@_0L@EAJGOHPP@COLLAPSING?$AA@,0x01073AD0
??_C@_0BO@PIADKPDE@EMOTION_UNCONTROLLABLY_AFRAID?$AA@,0x01073AAC
??_C@_09NMLGKMPM@DESTROYED?$AA@,0x01073690
??_C@_0BD@KBPMBLGB@UNDER_CONSTRUCTION?$AA@,0x01073668
??_C@_0N@LPJEBJAE@UNSELECTABLE?$AA@,0x01073658
??_C@_0O@DAHEDHCF@NO_COLLISIONS?$AA@,0x01073648
??_C@_09OLCCEKAO@NO_ATTACK?$AA@,0x0107363C
??_C@_0BA@DBDCHHGP@AIRBORNE_TARGET?$AA@,0x01073628
??_C@_08OMEJNOPE@REPULSOR?$AA@,0x0107360C
??_C@_08NPBDFIPJ@HIJACKED?$AA@,0x01073600
??_C@_03CAOHMAID@WET?$AA@,0x010735EC
??_C@_0BB@HLIFFCND@IS_FIRING_WEAPON?$AA@,0x010735D8
??_C@_0L@NBEADJLF@IS_BRAKING?$AA@,0x010735C8
??_C@_09OLAEBOBI@STEALTHED?$AA@,0x010735BC
??_C@_08MKICFMOO@DETECTED?$AA@,0x010735A8
??_C@_0M@ENGLFEEI@CAN_STEALTH?$AA@,0x01073598
??_C@_0BC@KPCMKKBA@UNDERGOING_REPAIR?$AA@,0x01073578
??_C@_0P@HBKLLHMG@RECONSTRUCTING?$AA@,0x01073564
??_C@_0N@ICCJADBA@IS_ATTACKING?$AA@,0x01073554
??_C@_0BA@JPHFAKDJ@NO_AUTO_ACQUIRE?$AA@,0x01073540
??_C@_0O@KEPCGKII@USING_ABILITY?$AA@,0x01073530
??_C@_0BB@GAMEIKJO@IS_AIMING_WEAPON?$AA@,0x0107351C
??_C@_0BC@ILCCPPKL@NO_ATTACK_FROM_AI?$AA@,0x01073504
??_C@_0BB@MMIPBJGE@IGNORING_STEALTH?$AA@,0x010734F0
??_C@_0BD@PKLICFCA@IS_MELEE_ATTACKING?$AA@,0x010734D8
??_C@_0BA@JMGIJDL@GUARD_SELECTION?$AA@,0x010734C4
??_C@_09FFDIJJM@CONTESTED?$AA@,0x0107347C
??_C@_0N@OPJJEEPC@HORDE_MEMBER?$AA@,0x01073454
??_C@_0P@NFOHMDH@RIDER_IS_PILOT?$AA@,0x01073434
??_C@_0N@LMFEOBLO@FLEE_OFF_MAP?$AA@,0x010733D8
??_C@_0N@KJGNENAC@NOT_IN_WORLD?$AA@,0x010733C8
??_C@_09PIOJEKAF@INAUDIBLE?$AA@,0x010733BC
??_C@_08DNAMBPKO@CHANTING?$AA@,0x010733B0
??_C@_0CA@POPGHJBH@CREATE_DRAWABLE_WITH_LOW_DETAIL?$AA@,0x0107337C
??_C@_07KJLGIIOC@SINKING?$AA@,0x01073370
??_C@_09PEMHNLBM@RAMPAGING?$AA@,0x01073364
??_C@_0BA@EJHBHBLJ@INSIDE_GARRISON?$AA@,0x01073350
??_C@_08FNMCHCML@ENCLOSED?$AA@,0x01073328
??_C@_0BF@OFIIDADJ@TEMPORARILY_DEFECTED?$AA@,0x0107330C
??_C@_06HPFJBFBL@TAGGED?$AA@,0x01073304
??_C@_09CBIBOBGM@DEPLOYING?$AA@,0x010732F8
??_C@_0N@KEDEEFPD@BLOODTHIRSTY?$AA@,0x010732E8
??_C@_0O@DOGOBCOK@PORTER_TAGGED?$AA@,0x010732D8
??_C@_0N@OLPADJCE@STAND_GROUND?$AA@,0x010732B8
??_C@_0BG@EFPBPGCM@UNCONTROLLABLY_SCARED?$AA@,0x0107329C
??_C@_0CL@GHNGGPFB@SPECIAL_ABILITY_PACKING_UNPACKIN@,0x01073268
??_C@_0O@KCNIKJGI@PLEASE_EAT_ME?$AA@,0x01073258
??_C@_0M@BKAHFHKK@UPDATING_AI?$AA@,0x01073248
??_C@_0P@BOKOEFIP@HUNT_WHEN_IDLE?$AA@,0x01073234
??_C@_0BC@MNGCFGB@IGNORE_AI_COMMAND?$AA@,0x0107321C
??_C@_0BJ@NKOACHAF@RUNNING_DOWN_FROM_BEHIND?$AA@,0x010731FC
??_C@_0N@BFKPINLB@DO_NOT_SCORE?$AA@,0x010731EC
??_C@_0BA@COKIKHIP@CAN_NOT_WALK_ON?$AA@,0x010731D8
??_C@_0P@IHPDFMCD@MARCH_OF_DEATH?$AA@,0x010731C4
??_C@_0P@JEPCAKMG@DO_NOT_PICK_ME?$AA@,0x010731B0
??_C@_0BJ@CLFEHHNF@INHERITED_FROM_ALLY_TEAM?$AA@,0x01073190
??_C@_0BB@KOLMEBEE@SWITCHED_WEAPONS?$AA@,0x0107317C
??_C@_0P@FOCFHHBI@END_FIRE_STATE?$AA@,0x01073168
??_C@_0L@KNADABIJ@BOOKENDING?$AA@,0x01073158
??_C@_0BB@IHFDBBMJ@ELVISH_EXPRESSLY?$AA@,0x01073144
??_C@_0O@JBMHOINL@INSIDE_CASTLE?$AA@,0x01073134
??_C@_0BF@MCKMDLJL@BUILD_BEING_CANCELED?$AA@,0x01073118
??_C@_0BA@INEOPMAK@SPECIAL_INVALID?$AA@,0x01085CAC
??_C@_0BF@OLIDHAPO@SPECIAL_DAISY_CUTTER?$AA@,0x01085C90
??_C@_0BJ@EJNJADKA@SPECIAL_PARADROP_AMERICA?$AA@,0x01085C70
??_C@_0BE@MOBBHJAC@SPECIAL_CARPET_BOMB?$AA@,0x01085C58
??_C@_0BG@EKDLCHAP@SPECIAL_CLUSTER_MINES?$AA@,0x01085C3C
??_C@_0BH@CLFHAOEK@SPECIAL_UP_FOR_GRABS_2?$AA@,0x01085C20
??_C@_0BH@DCEMDPAL@SPECIAL_UP_FOR_GRABS_3?$AA@,0x01085C04
??_C@_0BH@HNANKJMM@SPECIAL_UP_FOR_GRABS_4?$AA@,0x01085BE8
??_C@_0BI@ILBLCHIL@SPECIAL_NEUTRON_MISSILE?$AA@,0x01085BCC
??_C@_0BF@MMAHOENP@SPECIAL_UP_FOR_GRABS?$AA@,0x01085BB0
??_C@_0BB@BEMJEKJP@SPECIAL_DEFECTOR?$AA@,0x01085B9C
??_C@_0BE@BHDCIBOK@SPECIAL_TERROR_CELL?$AA@,0x01085B84
??_C@_0P@MGEBGCNJ@SPECIAL_AMBUSH?$AA@,0x01085B70
??_C@_0BK@JDANPAHJ@SPECIAL_BLACK_MARKET_NUKE?$AA@,0x01085B50
??_C@_0BF@DNFLAIIM@SPECIAL_ANTHRAX_BOMB?$AA@,0x01085B34
??_C@_0BD@JBDDNBPC@SPECIAL_SCUD_STORM?$AA@,0x01085B1C
??_C@_0BN@BJKEAENH@SPECIAL_PRINCE_OF_DOL_ARMOTH?$AA@,0x01085AF8
??_C@_0BD@OHFDJKLN@SPECIAL_CRATE_DROP?$AA@,0x01085AE0
??_C@_0BP@CPMBJAHA@SPECIAL_A10_THUNDERBOLT_STRIKE?$AA@,0x01085AB8
??_C@_0BM@MOLFPFEM@SPECIAL_DETONATE_DIRTY_NUKE?$AA@,0x01085A94
??_C@_0BK@HAJHGEIF@SPECIAL_ARTILLERY_BARRAGE?$AA@,0x01085A74
??_C@_0CP@POKNEELG@SPECIAL_MISSILE_DEFENDER_LASER_G@,0x01085A3C
??_C@_0BH@MGDIEFDP@SPECIAL_REMOTE_CHARGES?$AA@,0x01085A20
??_C@_0BG@JOOGEKK@SPECIAL_TIMED_CHARGES?$AA@,0x01085A04
??_C@_0CA@IBLAJPME@SPECIAL_HACKER_DISABLE_BUILDING?$AA@,0x010859DC
??_C@_0BO@KKCFDIMI@SPECIAL_TANKHUNTER_TNT_ATTACK?$AA@,0x010859B8
??_C@_0CE@FHOPNPJN@SPECIAL_BLACKLOTUS_CAPTURE_BUILD@,0x0108598C
??_C@_0BG@BMIIPJJ@SPECIAL_MAN_THE_WALLS?$AA@,0x01085970
??_C@_0BL@PBJEHBDD@SPECIAL_OSGILIATH_VETERANS?$AA@,0x01085950
??_C@_0CC@OIKJJCA@SPECIAL_INFANTRY_CAPTURE_BUILDIN@,0x01085928
??_C@_0BH@JHOEFFGA@SPECIAL_RADAR_VAN_SCAN?$AA@,0x0108590C
??_C@_0BC@CPMDBOHL@SPECIAL_SPY_DRONE?$AA@,0x010858F4
??_C@_0BM@LBPLIILD@SPECIAL_DISGUISE_AS_VEHICLE?$AA@,0x010858D0
??_C@_0BI@IBKPFNO@SPECIAL_REPAIR_VEHICLES?$AA@,0x010858B4
??_C@_0BP@BMHENDFK@SPECIAL_PARTICLE_UPLINK_CANNON?$AA@,0x0108588C
??_C@_0BG@HIHDKGCL@SPECIAL_RANGER_AMBUSH?$AA@,0x01085870
??_C@_0BM@FAJLFIAI@SPECIAL_CHANGE_BATTLE_PLANS?$AA@,0x0108584C
??_C@_0BJ@BIONFDLO@SPECIAL_CIA_INTELLIGENCE?$AA@,0x0108582C
??_C@_0BF@GDFGCEKD@SPECIAL_CLEANUP_AREA?$AA@,0x01085810
??_C@_0BH@OOLOOIC@SPECIAL_GRAB_PASSENGER?$AA@,0x010857F4
??_C@_0BD@KKDHKEOG@SPECIAL_GRAB_CHUNK?$AA@,0x010857DC
??_C@_0BD@JEDPEGOE@SPECIAL_SPAWN_ORCS?$AA@,0x010857C4
??_C@_0BF@HFIKDNAC@SPECIAL_RAIN_OF_FIRE?$AA@,0x010857A8
??_C@_0BG@EGDDHIKO@SPECIAL_CHARGE_ATTACK?$AA@,0x0108578C
??_C@_0BJ@IHMMFPLF@SPECIAL_PART_THE_HEAVENS?$AA@,0x0108576C
??_C@_0BM@HEMDJMHK@SPECIAL_DEFLECT_PROJECTILES?$AA@,0x01085748
??_C@_0BE@BCKNAJFJ@SPECIAL_SIEGEDEPLOY?$AA@,0x01085730
??_C@_0N@LJPGNJIH@SPECIAL_STOP?$AA@,0x01085720
??_C@_0BE@FCFOPAIA@SPECIAL_ARROW_STORM?$AA@,0x01085708
??_C@_0BF@BMNPDFJF@SPECIAL_SWOOP_ATTACK?$AA@,0x010856EC
??_C@_0BF@OHOGOOPL@SPECIAL_LEVEL_ATTACK?$AA@,0x010856D0
??_C@_0BH@GOJBPMCM@SPECIAL_LEVEL_POSITION?$AA@,0x010856B4
??_C@_0BF@FBMPFHEB@SPECIAL_GIVE_UPGRADE?$AA@,0x01085698
??_C@_0BH@CKLGNBGD@SPECIAL_ROUSING_SPEECH?$AA@,0x0108567C
??_C@_0BL@HNKFPPLH@SPECIAL_GENERAL_TARGETLESS?$AA@,0x0108565C
??_C@_0BP@CDMHKMPD@SPECIAL_GENERAL_TARGETLESS_TWO?$AA@,0x01085634
??_C@_0BG@NMKFGCIH@SPECIAL_SHIELD_BUBBLE?$AA@,0x01085618
??_C@_0BH@LEMGBEFF@SPECIAL_TOGGLE_MOUNTED?$AA@,0x010855FC
??_C@_0BF@JEICELJI@SPECIAL_WIZARD_BLAST?$AA@,0x010855E0
??_C@_0BI@BCBAKHDE@SPECIAL_GLORIOUS_CHARGE?$AA@,0x010855C4
??_C@_0BE@BEHEBLCI@SPECIAL_WOUND_ARROW?$AA@,0x010855AC
??_C@_0BC@KKFIJEBP@SPECIAL_HERO_MODE?$AA@,0x01085594
??_C@_0BG@BLACMHOI@SPECIAL_FLAMING_SWORD?$AA@,0x01085578
??_C@_0BC@HODPMKCL@SPECIAL_FIRE_WHIP?$AA@,0x01085560
??_C@_0BG@HHFCFLCI@SPECIAL_BALROG_BREATH?$AA@,0x01085544
??_C@_0BG@EOAJFAAO@SPECIAL_MTTROLL_BORED?$AA@,0x01085528
??_C@_0BF@PFIKCPGM@SPECIAL_BALROG_WINGS?$AA@,0x0108550C
??_C@_0BG@EEEJFEHH@SPECIAL_BALROG_SCREAM?$AA@,0x010854F0
??_C@_0BB@BAIGAJPJ@SPECIAL_TRAINING?$AA@,0x010854DC
??_C@_0BJ@PINFIFF@SPECIAL_TELEKENETIC_PUSH?$AA@,0x010854BC
??_C@_0BI@FDHOKPKL@SPECIAL_REVEAL_MAP_AREA?$AA@,0x010854A0
??_C@_0BF@JBJNHBPI@SPECIAL_KNIFE_ATTACK?$AA@,0x01085484
??_C@_0BL@JKPJKCBI@SPECIAL_SPAWN_OATHBREAKERS?$AA@,0x01085464
??_C@_0CD@KHFFPBLP@SPECIAL_TRIGGER_ATTRIBUTE_MODIFI@,0x01085438
??_C@_0BH@FOCPDBPK@SPECIAL_DOMINATE_ENEMY?$AA@,0x0108541C
??_C@_0BG@OKIHEDHI@SPECIAL_WORD_OF_POWER?$AA@,0x01085400
??_C@_0BG@HILEHMPG@SPECIAL_KNIFE_FIGHTER?$AA@,0x010853E4
??_C@_0BP@HGOMKIAL@SPECIAL_SPELL_BOOK_CLOUD_BREAK?$AA@,0x010853BC
??_C@_0BP@DFPMOBEL@SPECIAL_SPELL_BOOK_BALROG_ALLY?$AA@,0x01085394
??_C@_0CC@EEGJNLPE@SPECIAL_SPELL_BOOK_CALL_THE_HORD@,0x0108536C
??_C@_0BM@GACPKEEE@SPECIAL_SPELL_BOOK_DARKNESS?$AA@,0x01085348
??_C@_0BP@BDDMELGP@SPECIAL_SPELL_BOOK_DEVASTATION?$AA@,0x01085320
??_C@_0CB@ONBNIJMD@SPECIAL_SPELL_BOOK_EYE_OF_SAURON@,0x010852F8
??_C@_0CB@MKIPLINJ@SPECIAL_SPELL_BOOK_FREEZING_RAIN@,0x010852D0
??_C@_0CC@CHHFJHNA@SPECIAL_SPELL_BOOK_FUEL_THE_FIRE@,0x010852A8
??_C@_0BM@POGKHKNE@SPECIAL_SPELL_BOOK_INDUSTRY?$AA@,0x01085284
??_C@_0CB@NDFDBHJC@SPECIAL_SPELL_BOOK_PLUS_1_NAZGUL@,0x0108525C
??_C@_0CL@FLAJCJCJ@SPECIAL_SPELL_BOOK_PLUS_100_COMM@,0x01085228
??_C@_0BJ@POOOMILB@SPECIAL_SPELL_BOOK_TAINT?$AA@,0x01085208
??_C@_0BN@FKOOMIBD@SPECIAL_SPELL_BOOK_WAR_CHANT?$AA@,0x010851E4
??_C@_0BL@HDADIOE@SPECIAL_SPELL_BOOK_ANDURIL?$AA@,0x010851C4
??_C@_0CE@EBGODEKA@SPECIAL_SPELL_BOOK_ARMY_OF_THE_D@,0x01085198
??_C@_0BJ@BBNPFOCP@SPECIAL_SPELL_BOOK_DRAFT?$AA@,0x01085178
??_C@_0CA@IEHFKEEC@SPECIAL_SPELL_BOOK_EAGLE_ALLIES?$AA@,0x01085150
??_C@_0CA@LOCALLA@SPECIAL_SPELL_BOOK_ELVEN_ALLIES?$AA@,0x01085128
??_C@_0BP@LCNEJIHM@SPECIAL_SPELL_BOOK_ELVEN_GIFTS?$AA@,0x01085100
??_C@_0BO@JLGJLFHH@SPECIAL_SPELL_BOOK_ELVEN_WOOD?$AA@,0x010850DC
??_C@_0BO@BFFEJIPM@SPECIAL_SPELL_BOOK_ENT_ALLIES?$AA@,0x010850B8
??_C@_0CF@DECJGLGI@SPECIAL_SPELL_BOOK_GANDALF_THE_W@,0x0108508C
??_C@_0BI@EAICIMJL@SPECIAL_SPELL_BOOK_HEAL?$AA@,0x01085070
??_C@_0CA@EAGDDGHF@SPECIAL_SPELL_BOOK_ROHAN_ALLIES?$AA@,0x01085048
??_C@_0CD@MPFGECGH@SPECIAL_SPELL_BOOK_PALANTIR_VISI@,0x0108501C
??_C@_0BA@FKMJDEDK@SPECIAL_ATHELAS?$AA@,0x01085008
??_C@_0BK@OGKGCPIN@SPECIAL_AT_VISIBLE_OBJECT?$AA@,0x01084FE8
??_C@_0BK@KNGKICPL@SPECIAL_SARUMAN_FIRE_BALL?$AA@,0x01084FC8
??_C@_0BB@GGCEHOFA@SPECIAL_DISGUISE?$AA@,0x01084FB4
??_C@_0BN@KDINOMMJ@SPECIAL_SMITE_CANCELDISGUISE?$AA@,0x01084F90
??_C@_0CE@MDIKOIHB@SPECIAL_ATTRIBUTEMOD_CANCELDISGU@,0x01084F64
??_C@_0BE@DIBADLJI@SPECIAL_KINGS_FAVOR?$AA@,0x01084F4C
??_C@_0BP@INDANKMP@SPECIAL_FAKE_LEADERSHIP_BUTTON?$AA@,0x01084F24
??_C@_0BN@PLHHLOCC@SPECIAL_GIVE_UPGRADE_NEAREST?$AA@,0x01084F00
??_C@_0BA@LDNJNBKP@SPECIAL_SCREECH?$AA@,0x01084EEC
??_C@_0BJ@PNLBPJKC@SPECIAL_REPAIR_STRUCTURE?$AA@,0x01084ECC
??_C@_0M@DNMPHNMA@SPECIAL_EAT?$AA@,0x01084EBC
??_C@_0BD@PBCOCJDD@SPECIAL_GIMLI_LEAP?$AA@,0x01084EA4
??_C@_0BA@NIIGPOIE@SPECIAL_HARVEST?$AA@,0x01084E90
??_C@_0BJ@IIMDCCHK@WEAK_VERSUS_BASEDEFENSES?$AA@,0x01073A64
??_C@_0BB@GBPCABNL@PLAYER_UPGRADE_2?$AA@,0x01073A50
??_C@_0BB@HIOJDAJK@PLAYER_UPGRADE_3?$AA@,0x01073A3C
??_C@_0O@IOJGJIAM@UNBESIEGEABLE?$AA@,0x01073A2C
??_C@_08DLJBFDPB@AS_TOWER?$AA@,0x01073A20
??_C@_05OELBKCEO@TAUNT?$AA@,0x010739D8
??_C@_05PNGEONOE@CHEER?$AA@,0x010739D0
??_C@_0L@EKLNOJAK@HERO_CHEER?$AA@,0x010739C0
??_C@_04LLHBNFCF@FEAR?$AA@,0x010739B0
??_C@_0BE@DFPHKILC@UNCONTROLLABLE_FEAR?$AA@,0x01073998
??_C@_06DKAANIFD@TERROR?$AA@,0x01073990
??_C@_04GJMIEFLF@DOOM?$AA@,0x01073988
??_C@_0M@DHODGHCK@QUARRELSOME?$AA@,0x01073978
??_C@_05KBPPIFM@ALERT?$AA@,0x01073970
?m_curFadeValue@ScreenBWFilter@@1MA,0x013071A8
?g_rva012F1030@@3HA,0x012F1030
??_C@_05HCCPHNNO@Maps?2?$AA@,0x010892A8
??_C@_0P@OJEMNBIH@UserData?2Maps?2?$AA@,0x01089294
?TheAnimationSoundModuleManager@@3PAVAnimationSoundModuleManager@@A,0x012F10D0
?g_rva005380a0_id@@3IA,0x012F4A00
?Lite@WW3D@@0_NA,0x0133F465
?FreeCount@@3IA,0x0135280C
?AllocateCount@@3IA,0x01352810
?TheLightPointSystem@@3PAVLightPointSystem@@A,0x012F0FF8
?TheBfmeSecondManager@@3PAVPointGroupClass@@A,0x012F6DA4
?g_rva005F7FA0Resource@@3PAVStreakLineClass@@A,0x012F6E30
?DynamicDecalShaderNames012B52E0@@3QBQBDB,0x012B52E0
?BuffTypeNames010F04BC@@3QBQBDB,0x010F04BC
??_C@_0N@IFPEINBO@ObjectFilter?$AA@,0x010A601C
??_C@_0BD@CPMBEFBL@SourceObjectFilter?$AA@,0x010F2468
??_C@_0CB@HKKNELNO@RequiredSecondaryModelConditions@,0x010F2440
??_C@_0CB@LLHEJHNJ@ExcludedSecondaryModelConditions@,0x010F2418
??_C@_0BO@GFLMAONB@RequiredSourceModelConditions?$AA@,0x010F23F4
??_C@_0BO@LAGCIOBP@ExcludedSourceModelConditions?$AA@,0x010F23D0
??_C@_0BD@JGAPMHMD@StopIfNuggetPlayed?$AA@,0x010F23B8
??_C@_0O@OIFCEIFL@EvaEventOwner?$AA@,0x010F253C
??_C@_0N@IJEMJPJL@EvaEventAlly?$AA@,0x010F252C
??_C@_0O@BONPJBLM@EvaEventEnemy?$AA@,0x010F251C
??_C@_04FABLJDN@Name?$AA@,0x0109C094
??_C@_0O@KIGKNGBL@PrimaryOffset?$AA@,0x010F25D8
??_C@_0BA@COALBDLG@SecondaryOffset?$AA@,0x010F25C4
??_C@_05PDOBBJNA@Color?$AA@,0x0107C750
??_C@_06GJMFONGK@Radius?$AA@,0x0108EE10
??_C@_0BM@JFNCKJOD@RadiusAsPercentOfObjectSize?$AA@,0x010F2654
??_C@_0N@GMEOBODG@IncreaseTime?$AA@,0x010F2644
??_C@_0N@FKPANKEG@DecreaseTime?$AA@,0x010F2634
??_C@_09KNJPGKEP@DecalName?$AA@,0x010E9FD4
??_C@_06NHAKHCIK@Shader?$AA@,0x010F2790
??_C@_04EBKMHHBE@Size?$AA@,0x010EE308
??_C@_06GEMKPBPA@Offset?$AA@,0x0109F2A4
??_C@_0P@HGHLMIJI@OrientToObject?$AA@,0x0108B7AC
??_C@_0N@FNGIBLAN@OpacityStart?$AA@,0x010F276C
??_C@_0BD@MPJOHPKB@OpacityFadeTimeOne?$AA@,0x010F2754
??_C@_0M@GDGNFJON@OpacityPeak?$AA@,0x010F2744
??_C@_0BA@JAKILPMB@OpacityPeakTime?$AA@,0x010F2730
??_C@_0BD@KBJONPEK@OpacityFadeTimeTwo?$AA@,0x010F2718
??_C@_0L@KHLADAME@OpacityEnd?$AA@,0x010F2708
??_C@_0O@JNMLPMJC@StartingDelay?$AA@,0x010F26F8
??_C@_08EMFCHOPD@Lifetime?$AA@,0x010F26EC
??_C@_08KMDGLLBD@BuffType?$AA@,0x010F2974
??_C@_0O@COGKKMAG@IsComplexBuff?$AA@,0x010F2964
??_C@_0BC@JBFKAOMC@BuffThingTemplate?$AA@,0x010F294C
??_C@_0BA@EJPNHFMN@BuffOrcTemplate?$AA@,0x010F2938
??_C@_0BF@LMMDJPGO@BuffInfantryTemplate?$AA@,0x010F291C
??_C@_0BE@KBDICHA@BuffCavalryTemplate?$AA@,0x010F2904
??_C@_0BC@FALDCJOI@BuffTrollTemplate?$AA@,0x010F28EC
??_C@_0BE@PFMNGJNK@BuffMumakilTemplate?$AA@,0x010F28D4
??_C@_0N@GBEOPJJD@BuffLifeTime?$AA@,0x010F28C4
??_C@_09GHDGBABI@Extrusion?$AA@,0x010F28B8
??_C@_09FCIMANGE@LaserName?$AA@,0x010F2AA0
??_C@_0P@JJHMBPNJ@LaserBackwards?$AA@,0x010F2A8C
??_C@_0BN@EHLFBBMJ@TargetPositionOffsetFallback?$AA@,0x010F2A68
??_C@_0BB@GLCGHMPD@Duration_Seconds?$AA@,0x010F2B14
??_C@_0BC@EOIGGOFA@Amplitude_Degrees?$AA@,0x010F2AFC
?g_bfmeStr1277@@3QBDB,0x01088D0C
?BfmeXferDistributionTypeNames@@3QBDB,0x010890F0
?g_table_00122E10@@3QBUFieldParse@@B,0x0108AEF4
??_C@_0M@FPKLKBLD@VoiceSelect?$AA@,0x01093860
??_C@_0BN@ENGELLID@VoiceSelectUnderConstruction?$AA@,0x0109383C
??_C@_0BB@MFLBECNN@VoiceSelectGroup?$AA@,0x01093828
??_C@_0BC@INOHEELJ@VoiceSelectBattle?$AA@,0x01093810
??_C@_0BH@KECODIEP@VoiceSelectBattleGroup?$AA@,0x010937F4
??_C@_09INLGKMFP@VoiceMove?$AA@,0x010937E8
??_C@_0P@HNAPCHGA@VoiceMoveGroup?$AA@,0x010937D4
??_C@_0M@HFMILIOA@VoiceAttack?$AA@,0x010937C4
??_C@_0BB@LCOJFGIC@VoiceAttackGroup?$AA@,0x010937B0
??_C@_0BC@HGACKCHL@VoiceAttackCharge?$AA@,0x01093798
??_C@_0BH@JMIOLHCN@VoiceAttackChargeGroup?$AA@,0x0109377C
??_C@_09IJDBEMEJ@VoiceFear?$AA@,0x01093770
??_C@_0N@IPMBCFDG@VoiceCreated?$AA@,0x01093760
??_C@_0BC@CIAKFAME@VoiceTaskComplete?$AA@,0x01093748
??_C@_0M@LHGCBLFC@VoiceDefect?$AA@,0x01093738
??_C@_0P@GJOGGKGE@VoiceAttackAir?$AA@,0x01093724
??_C@_0BE@KOHGAHHF@VoiceAttackAirGroup?$AA@,0x0109370C
??_C@_0L@KFKECCPM@VoiceGuard?$AA@,0x010936FC
??_C@_0BA@FPBNKJK@VoiceGuardGroup?$AA@,0x010936E8
??_C@_0L@NLKNLBBE@VoiceAlert?$AA@,0x010936D8
??_C@_0BC@OPBMPALF@VoiceFullyCreated?$AA@,0x010936C0
??_C@_0BF@MBOFMMDK@VoiceRetreatToCastle?$AA@,0x010936A4
??_C@_0BK@CFMNLILO@VoiceRetreatToCastleGroup?$AA@,0x01093684
??_C@_0BA@EEDKLCHB@VoiceMoveToCamp?$AA@,0x01093670
??_C@_0BF@EBCPBIEK@VoiceMoveToCampGroup?$AA@,0x01093654
??_C@_0BF@KFFNIPBN@VoiceAttackStructure?$AA@,0x01093638
??_C@_0BK@BFFBLNHC@VoiceAttackStructureGroup?$AA@,0x01093618
??_C@_0BD@NECLNEOP@VoiceAttackMachine?$AA@,0x01093600
??_C@_0BI@FNPBGKLJ@VoiceAttackMachineGroup?$AA@,0x010935E4
??_C@_0BI@GHIDCDIL@VoiceMoveWhileAttacking?$AA@,0x010935C8
??_C@_0BN@DCHBGEIJ@VoiceMoveWhileAttackingGroup?$AA@,0x010935A4
??_C@_0O@FJKBOBOH@VoiceAmbushed?$AA@,0x01093594
??_C@_0BG@CDMDAEBL@VoiceCombineWithHorde?$AA@,0x01093578
??_C@_0BG@KEMMINGG@VoiceEnterStateAttack?$AA@,0x0109355C
??_C@_0BM@NEADKKBI@VoiceEnterStateAttackCharge?$AA@,0x01093538
??_C@_0BJ@CJACALCI@VoiceEnterStateAttackAir?$AA@,0x01093518
??_C@_0BP@FABCEAFI@VoiceEnterStateAttackStructure?$AA@,0x010934F0
??_C@_0BN@DCOFAF@VoiceEnterStateAttackMachine?$AA@,0x010934CC
??_C@_0BE@PKABOGM@VoiceEnterStateMove?$AA@,0x010934B4
??_C@_0BP@DEKKADHP@VoiceEnterStateRetreatToCastle?$AA@,0x0109348C
??_C@_0BK@DLBAFLKL@VoiceEnterStateMoveToCamp?$AA@,0x0109346C
??_C@_0CC@LLNDPLNF@VoiceEnterStateMoveWhileAttackin@,0x01093444
??_C@_0N@LPEHBNOG@VoiceSelect2?$AA@,0x01093434
??_C@_0BC@BFNHELFK@VoiceSelectGroup2?$AA@,0x0109341C
??_C@_0BD@FPEALIBN@VoiceSelectBattle2?$AA@,0x01093404
??_C@_0BI@LLHCGEI@VoiceSelectBattleGroup2?$AA@,0x010933E8
??_C@_0L@BGCJKOLI@VoiceMove2?$AA@,0x010933D8
??_C@_0BA@KALPDKAO@VoiceMoveGroup2?$AA@,0x010933C4
??_C@_0N@ENAPHOLB@VoiceAttack2?$AA@,0x010933B4
??_C@_0BC@OOHEFPCL@VoiceAttackGroup2?$AA@,0x0109339C
??_C@_0BD@CKNBPOGH@VoiceAttackCharge2?$AA@,0x01093384
??_C@_0BI@KIDDIGLD@VoiceAttackChargeGroup2?$AA@,0x01093368
??_C@_0L@OCPJJMAJ@VoiceFear2?$AA@,0x01093358
??_C@_0O@CCEFAAMN@VoiceCreated2?$AA@,0x01093348
??_C@_0BD@HBFBFIII@VoiceTaskComplete2?$AA@,0x01093330
??_C@_0N@GIKCAGLC@VoiceDefect2?$AA@,0x01093320
??_C@_0BA@KHMGBHFK@VoiceAttackAir2?$AA@,0x0109330C
??_C@_0BF@MNLBKHMF@VoiceAttackAirGroup2?$AA@,0x010932F0
??_C@_0M@FJNOEOGE@VoiceGuard2?$AA@,0x010932E0
??_C@_0BB@PNKPNPPB@VoiceGuardGroup2?$AA@,0x010932CC
??_C@_0M@PHHBCNLN@VoiceAlert2?$AA@,0x010932BC
??_C@_0BD@FGJEAPIC@VoiceFullyCreated2?$AA@,0x010932A4
??_C@_0BG@CLLNGIAP@VoiceRetreatToCastle2?$AA@,0x01093288
??_C@_0BL@MBIMAHEC@VoiceRetreatToCastleGroup2?$AA@,0x01093268
??_C@_0BB@MKDGCPGJ@VoiceMoveToCamp2?$AA@,0x01093254
??_C@_0BG@HLDINDOH@VoiceMoveToCampGroup2?$AA@,0x01093238
??_C@_0BG@IONDGFCH@VoiceAttackStructure2?$AA@,0x0109321C
??_C@_0BL@FDGOBFNM@VoiceAttackStructureGroup2?$AA@,0x010931FC
??_C@_0BE@NNBBIAEM@VoiceAttackMachine2?$AA@,0x010931E4
??_C@_0BJ@FPJAKODD@VoiceAttackMachineGroup2?$AA@,0x010931C4
??_C@_0BJ@JHHNINPK@VoiceMoveWhileAttacking2?$AA@,0x010931A4
??_C@_0BO@HJCGBOJB@VoiceMoveWhileAttackingGroup2?$AA@,0x01093180
??_C@_0P@NDEHICEL@VoiceAmbushed2?$AA@,0x0109316C
??_C@_0BH@GHDGFOJJ@VoiceCombineWithHorde2?$AA@,0x01093150
??_C@_0BH@EJAFFMJB@VoiceEnterStateAttack2?$AA@,0x01093134
??_C@_0BN@POMIMPIN@VoiceEnterStateAttackCharge2?$AA@,0x01093110
??_C@_0BK@NIOMPOIA@VoiceEnterStateAttackAir2?$AA@,0x010930F0
??_C@_0CA@IIJAJPPH@VoiceEnterStateAttackStructure2?$AA@,0x010930C8
??_C@_0BO@JNBKJCBL@VoiceEnterStateAttackMachine2?$AA@,0x010930A4
??_C@_0BF@KJHLNJBM@VoiceEnterStateMove2?$AA@,0x01093088
??_C@_0CA@CNPOJCNP@VoiceEnterStateRetreatToCastle2?$AA@,0x01093060
??_C@_0BL@KMEPDOEK@VoiceEnterStateMoveToCamp2?$AA@,0x01093040
??_C@_0CD@BLHCKBNB@VoiceEnterStateMoveWhileAttackin@,0x01093014
??_C@_0P@KJOPEJHL@SoundMoveStart?$AA@,0x01093000
??_C@_0BG@CFINHIBJ@SoundMoveStartDamaged?$AA@,0x01092FE4
??_C@_0O@FJIPACIM@SoundMoveLoop?$AA@,0x01092FD4
??_C@_0BF@POJPOHAL@SoundMoveLoopDamaged?$AA@,0x01092FB8
??_C@_0N@IEHDACLD@SoundAmbient?$AA@,0x01092FA8
??_C@_0BE@PJEOOOKI@SoundAmbientDamaged?$AA@,0x01092F90
??_C@_0BK@KMMFNFJI@SoundAmbientReallyDamaged?$AA@,0x01092F70
??_C@_0BD@LNBHFMHK@SoundAmbientRubble?$AA@,0x01092F58
??_C@_0O@LPJMMFEF@SoundAmbient2?$AA@,0x01092F48
??_C@_0BF@DFIEDBEF@SoundAmbientDamaged2?$AA@,0x01092F2C
??_C@_0BL@BDAIIKNC@SoundAmbientReallyDamaged2?$AA@,0x01092F0C
??_C@_0BE@FNBNNLAP@SoundAmbientRubble2?$AA@,0x01092EF4
??_C@_0BD@NIFMOKFI@SoundAmbientBattle?$AA@,0x01092EDC
??_C@_0P@KMNMEALN@SoundStealthOn?$AA@,0x01092EC8
??_C@_0BA@IIMIIOOI@SoundStealthOff?$AA@,0x01092EB4
??_C@_0N@NEIHFPNK@SoundCreated?$AA@,0x01092EA4
??_C@_0P@GJHGHLEB@SoundOnDamaged?$AA@,0x01092E90
??_C@_0BF@EMOEFPAM@SoundOnReallyDamaged?$AA@,0x01092E74
??_C@_0L@JLLLIBKJ@SoundEnter?$AA@,0x01092E64
??_C@_09FDBNBCKA@SoundExit?$AA@,0x01092E58
??_C@_0BF@LOKGKPNA@SoundPromotedVeteran?$AA@,0x01092E3C
??_C@_0BD@NALLLFBN@SoundPromotedElite?$AA@,0x01092E24
??_C@_0BC@NKKGHDAC@SoundPromotedHero?$AA@,0x01092E0C
??_C@_0BG@PONNNGE@SoundFallingFromPlane?$AA@,0x01092DF0
??_C@_0M@MCPAPMDF@SoundImpact?$AA@,0x01092DE0
??_C@_0O@IHPPDOEG@SoundCrushing?$AA@,0x01092DD0
??_C@_0BN@NNOPOBGO@RepairHealthPercentPerSecond?$AA@,0x0108A6F0
?RadarPriorityNames@@3PAPBDA,0x012AC2EC
?BuildCompletionNames@@3PAPBDA,0x012AC3A0
?EditorSortingNames@@3PAPBDA,0x012AC3C8
?ThingTemplateBrowserNames012AC410@@3QBQBDB,0x012AC410
?ThingTemplateDeadCollideSizeNames012AC4FC@@3QBQBDB,0x012AC4FC
?TheShadowNames@@3PAPBDA,0x012AC304
?s_objectFieldParseTable@ThingTemplate@@0QBUFieldParse@@B,0x010910A0
??_C@_06LMEBFLGJ@Hotkey?$AA@,0x01092848
??_C@_0L@MICCHENF@ReviveText?$AA@,0x01092838
??_C@_0M@CLJLKBGM@RecruitText?$AA@,0x01092828
??_C@_0M@MLHPPPJP@DisplayName?$AA@,0x010847C0
??_C@_0M@OHKMKKDH@Description?$AA@,0x01084CC4
??_C@_0O@GAGEKLMO@RadarPriority?$AA@,0x01092818
??_C@_0BD@NPGDFNOH@TransportSlotCount?$AA@,0x01092800
??_C@_0L@EBDBKAKD@FenceWidth?$AA@,0x010927F0
??_C@_0N@PDAOBDLH@FenceXOffset?$AA@,0x010927E0
??_C@_0BE@KFADLCPP@RemoveTerrainRadius?$AA@,0x010927C8
??_C@_08KJBCDHML@IsBridge?$AA@,0x010927BC
??_C@_08HCEMFMII@ArmorSet?$AA@,0x010927B0
??_C@_09KCDHNPIL@WeaponSet?$AA@,0x010927A4
??_C@_0N@HOCHPGBJ@LocomotorSet?$AA@,0x01092794
??_C@_0M@CIPGNHHM@VisionRange?$AA@,0x01092784
??_C@_0BE@JGPPAEAM@ShroudClearingRange?$AA@,0x0109276C
??_C@_0N@JDCHDGBJ@EmotionRange?$AA@,0x0109275C
??_C@_0BD@FKCBPFJD@PlacementViewAngle?$AA@,0x0108D064
??_C@_0BB@LEAMCBJP@FactoryExitWidth?$AA@,0x01092748
??_C@_0BF@BHMDHAPK@FactoryExtraBibWidth?$AA@,0x0109272C
??_C@_0M@HMCBEGII@IsTrainable?$AA@,0x0109271C
??_C@_04FHBEPJGO@Side?$AA@,0x01080F28
??_C@_0L@DEHJNGDI@EditorName?$AA@,0x0109270C
??_C@_0O@FIBHIEEG@Prerequisites?$AA@,0x010926FC
??_C@_09EAODNKBA@Buildable?$AA@,0x010926F0
??_C@_09ENCLLJPE@BuildCost?$AA@,0x01088CD8
??_C@_0M@LLAKEIM@BountyValue?$AA@,0x010926E0
??_C@_09PPOBAANA@BuildTime?$AA@,0x01088CE4
??_C@_0BI@ONEHOBCF@BuildFadeInOnCreateList?$AA@,0x010926C4
??_C@_0BI@PILGJAAM@BuildFadeInOnCreateTime?$AA@,0x010926A8
??_C@_0M@OMHJCHFO@RefundValue?$AA@,0x01092698
??_C@_0BA@JKELBMBF@BuildCompletion?$AA@,0x01092684
??_C@_0BB@KJCAMJIK@EnergyProduction?$AA@,0x01092670
??_C@_0M@LACOBHDG@EnergyBonus?$AA@,0x01092660
??_C@_0M@OOGNNCBJ@IsForbidden?$AA@,0x01092650
??_C@_0P@EEOEMIFC@IsPrerequisite?$AA@,0x0109263C
??_C@_0M@MFHNOIOC@IsGrabbable?$AA@,0x0109262C
??_C@_0O@KJKHBOKC@IsHarvestable?$AA@,0x0109261C
??_C@_0N@MLPHKFFC@DisplayColor?$AA@,0x0109260C
??_C@_0O@OCJJONAF@EditorSorting?$AA@,0x010925FC
??_C@_07BCFNLIJJ@Browser?$AA@,0x010925F0
??_C@_0L@OBKONNPI@ThingClass?$AA@,0x010925E0
??_C@_0BA@CCGCIIOB@DeadCollideSize?$AA@,0x010925CC
??_C@_06NBEDPADE@KindOf?$AA@,0x0108EE08
??_C@_0L@LCIGFABK@CommandSet?$AA@,0x01082918
??_C@_0BA@KBEGFJLF@BuildVariations?$AA@,0x010925B8
??_C@_0N@INBJCKLE@EquivalentTo?$AA@,0x010925A8
??_C@_08GEFGIKPN@Behavior?$AA@,0x0109259C
??_C@_04MJIIEFNN@Body?$AA@,0x01092594
??_C@_04HMPDNAFK@Draw?$AA@,0x0109258C
??_C@_0N@KDONBCBA@ClientUpdate?$AA@,0x0109257C
??_C@_0P@OMLFMBMG@ClientBehavior?$AA@,0x01092568
??_C@_0P@DBJKCMFB@SelectPortrait?$AA@,0x01092554
??_C@_0M@MINFOGKD@ButtonImage?$AA@,0x01088CC8
??_C@_0O@DEPKKMLJ@UpgradeCameo1?$AA@,0x01092544
??_C@_0O@BPNHPPHK@UpgradeCameo2?$AA@,0x01092534
??_C@_0O@GMMMODL@UpgradeCameo3?$AA@,0x01092524
??_C@_0O@EJINFIPM@UpgradeCameo4?$AA@,0x01092514
??_C@_0O@FAJGGJLN@UpgradeCameo5?$AA@,0x01092504
??_C@_0O@IAJPAKNL@VoicePriority?$AA@,0x010924F4
??_C@_0BE@JAHFKPLF@GroupVoiceThreshold?$AA@,0x010924DC
??_C@_0BD@PANAMLFO@VoiceAmbushTimeout?$AA@,0x010924C4
??_C@_0BK@PNBJOFK@VoiceAmbushBlockingRadius?$AA@,0x010924A4
??_C@_0BB@NCHEOGPN@EvaEventDieOwner?$AA@,0x01092490
??_C@_0BA@BKLDPHPK@EvaEventDieAlly?$AA@,0x0109247C
??_C@_0BB@CEPJDPBK@EvaEventDieEnemy?$AA@,0x01092468
??_C@_0BF@DLJBCGAK@EvaEventDamagedOwner?$AA@,0x0109244C
??_C@_0BJ@JMIBDIND@EvaEnemyUnitSightedEvent?$AA@,0x0109242C
??_C@_0BD@IIBCNEOJ@UnitSpecificSounds?$AA@,0x01092414
??_C@_0P@FIJMMFLF@UnitSpecificFX?$AA@,0x01092400
??_C@_05MAGIBEFI@Scale?$AA@,0x010923F8
??_C@_08OOJNLKLP@Geometry?$AA@,0x010923EC
??_C@_0BD@FMAIDFBN@AdditionalGeometry?$AA@,0x010923D4
??_C@_0BE@GHINHNKD@GeometryMajorRadius?$AA@,0x010923BC
??_C@_0BE@NEKFDMJM@GeometryMinorRadius?$AA@,0x010923A4
??_C@_0BN@DGCDCEHM@GeometryRotationAnchorOffset?$AA@,0x01092380
??_C@_0P@PPKLKANP@HealthBoxScale?$AA@,0x0109236C
??_C@_0BG@LMLJMFFD@HealthBoxHeightOffset?$AA@,0x01092350
??_C@_0P@FLOEKELH@GeometryOffset?$AA@,0x0109233C
??_C@_0BA@HJKPIGKM@GeometryIsSmall?$AA@,0x01092328
??_C@_0O@IKLFPHBP@GeometryOther?$AA@,0x01092318
??_C@_0P@ENCECMNN@GeometryHeight?$AA@,0x01092304
??_C@_0BF@IPPNODMP@GeometryContactPoint?$AA@,0x010922E8
??_C@_0N@DCFJKPPN@GeometryName?$AA@,0x010922D8
??_C@_0P@DDCLADHJ@GeometryActive?$AA@,0x010922C4
??_C@_0BD@JPOMCNCH@AttackContactPoint?$AA@,0x010922AC
??_C@_0BC@BLBKPGGL@SwoopContactPoint?$AA@,0x01092294
??_C@_06KHOKADBJ@Shadow?$AA@,0x0109228C
??_C@_0M@BMLCNEEP@ShadowSizeX?$AA@,0x0109227C
??_C@_0M@FKJOFAO@ShadowSizeY?$AA@,0x0109226C
??_C@_0O@JDGMJKFG@ShadowOffsetX?$AA@,0x0109225C
??_C@_0O@IKHHKLBH@ShadowOffsetY?$AA@,0x0109224C
??_C@_0P@EOJCOMPJ@ShadowSunAngle?$AA@,0x01092238
??_C@_0O@DGNFHBNO@ShadowTexture?$AA@,0x01092228
??_C@_0BD@FLFGBIB@ShadowOpacityStart?$AA@,0x01092210
??_C@_0BI@LLEDCCAJ@ShadowOpacityFadeInTime?$AA@,0x010921F4
??_C@_0BC@NGFLMENA@ShadowOpacityPeak?$AA@,0x010921DC
??_C@_0BJ@BNDHBKDJ@ShadowOpacityFadeOutTime?$AA@,0x010921BC
??_C@_0BB@EBOCDMHJ@ShadowOpacityEnd?$AA@,0x010921A8
??_C@_0BA@GCFFOBAP@ShadowMaxHeight?$AA@,0x01092194
??_C@_0BM@LPIEPMAK@ShadowOverrideLODVisibility?$AA@,0x01092170
??_C@_0BE@GOKLKJJL@ShadowUseHouseColor?$AA@,0x01092158
??_C@_0BL@DMEMGPEH@ShadowIsRotatingWithObject?$AA@,0x01092138
??_C@_0P@GLAIJADN@OcclusionDelay?$AA@,0x01092124
??_C@_09INEJAAEN@AddModule?$AA@,0x01092118
??_C@_0N@DMNIDFKO@RemoveModule?$AA@,0x01092108
??_C@_0O@PDNDJMAN@ReplaceModule?$AA@,0x010920F8
??_C@_0BC@KFBFMHLL@InheritableModule?$AA@,0x010920E0
??_C@_0BB@ONNPDMKK@LiveCameraOffset?$AA@,0x010920CC
??_C@_0BA@BDJPFKBD@LiveCameraPitch?$AA@,0x010920B8
??_C@_0P@PFHKHOCP@FormationWidth?$AA@,0x010920A4
??_C@_0P@GKLDCDND@FormationDepth?$AA@,0x01092090
??_C@_0BH@NCHFNBHO@InstanceScaleFuzziness?$AA@,0x01092074
??_C@_0BG@FHFBOHHJ@StructureRubbleHeight?$AA@,0x01092058
??_C@_0M@PEKLCCDI@ThreatValue?$AA@,0x01092048
??_C@_0N@OODCBNAM@ThreatRadius?$AA@,0x01092038
??_C@_0BG@GDLDEAIC@MaxSimultaneousOfType?$AA@,0x0109201C
??_C@_0N@EOLJDHDC@CrusherLevel?$AA@,0x0109200C
??_C@_0P@BEIBIBMK@CrushableLevel?$AA@,0x01091FF8
??_C@_0BE@BFGOBOIH@MountedCrusherLevel?$AA@,0x01091FE0
??_C@_0BG@MPIBBIIM@MountedCrushableLevel?$AA@,0x01091FC4
??_C@_0P@GJBOLPND@CrushKnockback?$AA@,0x01091FB0
??_C@_0N@JNFGGGI@CrushZFactor?$AA@,0x01091FA0
??_C@_0P@BKIMPNOE@UseCrushAttack?$AA@,0x01091F8C
??_C@_0M@HGAKMAOF@CrushWeapon?$AA@,0x01091F7C
??_C@_0BD@HFKPHMEN@CrushRevengeWeapon?$AA@,0x01091F64
??_C@_0BI@IMPJIHHG@MinCrushVelocityPercent?$AA@,0x01091F48
??_C@_0BJ@NFFMNMHE@CrushDecelerationPercent?$AA@,0x01091F28
??_C@_08BGDGNFA@RamPower?$AA@,0x01091F1C
??_C@_08OIHLGGNA@RamZMult?$AA@,0x01091F10
??_C@_0BC@PCIKJFAL@ImmuneToShockwave?$AA@,0x01091EF8
??_C@_0M@HCHBANLH@CrushAllies?$AA@,0x01091EE8
??_C@_0O@CLMBFNBE@CommandPoints?$AA@,0x01091ED8
??_C@_0BJ@NOPJHJLL@VoiceAttackChargeTimeout?$AA@,0x01091EB8
??_C@_0BG@NLENPNOP@MaxDistanceForEngaged?$AA@,0x01091E9C
??_C@_0BE@HIKJOAGK@EngagedStateTimeout?$AA@,0x01091E84
??_C@_0M@FBCGAKMH@ThreatLevel?$AA@,0x01091E74
??_C@_0BF@OCENKIFE@ForceLuaRegistration?$AA@,0x01091E58
??_C@_0BL@EIMFPLGP@ShowHealthInSelectionDecal?$AA@,0x01091E38
??_C@_0BH@EAFPJIAE@KeepSelectableWhenDead?$AA@,0x01091E1C
??_C@_0M@OPJKDLIG@IsAutoBuilt?$AA@,0x01091E0C
??_C@_0BE@GHLJCJCE@CanPathThroughGates?$AA@,0x01091DF4
??_C@_0BH@LEGNBHLC@ShouldClearShotsOnIdle?$AA@,0x01091DD8
??_C@_0BA@LNLGPNFI@SlopeLimitIndex?$AA@,0x01091DC4
??_C@_0BD@MKMABKOJ@GeometryFrontAngle?$AA@,0x01091DAC
??_C@_0BB@CKCCOFCE@PathfindDiameter?$AA@,0x01091D98
??_C@_0P@HBDAJENH@SupplyOverride?$AA@,0x01091D84
??_C@_0BD@FDMCDLNL@DisplayMeleeDamage?$AA@,0x01091D6C
??_C@_0BE@DFBOKFEM@DisplayRangedDamage?$AA@,0x01091D54
??_C@_0O@PJMDBDDB@HeroSortOrder?$AA@,0x01091D44
??_C@_0BG@KACMFJL@ExperienceScalarTable?$AA@,0x01091D28
?CreditsStyleNames010F0B50@@3QBULookupListRec@@B,0x010F0B50
??_C@_0L@CBHBKJBC@ScrollRate?$AA@,0x010F0CB8
??_C@_0BG@NDCBKBJH@ScrollRateEveryFrames?$AA@,0x010F0C9C
??_C@_0L@MPLMNLJB@ScrollDown?$AA@,0x010F0C8C
??_C@_0L@DPLEMMOM@TitleColor?$AA@,0x010F0C7C
??_C@_0BA@NEEBKND@MinorTitleColor?$AA@,0x010F0C68
??_C@_0M@CMEPMNOO@NormalColor?$AA@,0x010F0C58
??_C@_05IHAFCALK@Style?$AA@,0x010F0C50
??_C@_05BHLFKLFH@Blank?$AA@,0x010F0C48
??_C@_04OJAHODMC@Text?$AA@,0x010F0C40
??_C@_05DMCAHJJE@TITLE?$AA@,0x010F0CE0
??_C@_0L@MLLBOBBD@MINORTITLE?$AA@,0x010F0CD0
??_C@_06IOJAGNKJ@NORMAL?$AA@,0x01081798
??_C@_06JOBGMBBM@COLUMN?$AA@,0x010F0CC8

?g_bfmeTableBZ@@3QBIB,0x01141708
??_C@_01PLPBNMEI@M?$AA@,0x0108928C
??_C@_01HJOKEEBB@U?$AA@,0x01089288
??_C@_01MMEEDKFM@X?$AA@,0x01089284
??_C@_0L@FNKFHPMI@FSCommand?3?$AA@,0x011370D0
?TheTaintManager@@3PAVTaintManager@@A,0x012ED5C0
?CurrentRenderTarget@DX8Wrapper@@1PAUIDirect3DSurface8@@A,0x01340538
??_C@_07NEGMMPAJ@PRIMARY?$AA@,0x010A166C
??_C@_09HAMKJKBK@SECONDARY?$AA@,0x010A1660
??_C@_08GGKJMHO@TERTIARY?$AA@,0x010A1654
??_C@_0M@NNBOAJAC@DefaultHeal?$AA@,0x010F11A4
??_C@_0O@PMKAODAG@StructureHeal?$AA@,0x010F1194
??_C@_0M@OKHCABFI@VehicleHeal?$AA@,0x010F1184
??_C@_0BF@NKAFLALA@Demoralized_OBSOLETE?$AA@,0x010F1168
??_C@_09NHNLDBKM@BombTimed?$AA@,0x010F115C
??_C@_0L@KALEBNEF@BombRemote?$AA@,0x010F114C
??_C@_08JGILNPHN@Disabled?$AA@,0x01083CE4
??_C@_0BH@DLPPHBNO@BattlePlanIcon_Bombard?$AA@,0x010F1130
??_C@_0BL@IDEJBLHL@BattlePlanIcon_HoldTheLine?$AA@,0x010F1110
??_C@_0BO@MDLDHKB@BattlePlanIcon_SeekAndDestroy?$AA@,0x010F10EC
??_C@_08COBEOMEN@Emoticon?$AA@,0x010F10E0
??_C@_0N@LBFOBBJ@Enthusiastic?$AA@,0x010F10D0
??_C@_0L@PFFHKCDO@Subliminal?$AA@,0x010F10C0
??_C@_07FGLDCJ@CarBomb?$AA@,0x010F10B4
?g_ObfRecord012B7788@@3UBigObfSelectorRecord012B7788@@A,0x012B7788
?g_bfmeApplyTableD@@3QBFB,0x01141D88
??_C@_0L@OHBBAPHM@LEADERSHIP?$AA@,0x01073A10
??_C@_09EGJCMDLJ@FORMATION?$AA@,0x01073A04
??_C@_05HFLCDHGM@SPELL?$AA@,0x010739FC
??_C@_06GANGLKEK@WEAPON?$AA@,0x010739F4
??_C@_05GCEPFMCO@LEVEL?$AA@,0x010739E0
??_C@_08IJMFDNFN@teamName?$AA@,0x0107C828
??_C@_09DOBDONGJ@teamOwner?$AA@,0x0107C834
??_C@_0BA@KAHCNNAF@teamIsSingleton?$AA@,0x0107C840
??_C@_04KOACHJEN@Type?$AA@,0x01080DDC
??_C@_06GJMFONGK@Radius?$AA@,0x0108EE10
??_C@_0BD@JBIIOFFN@Anim2DTemplateName?$AA@,0x010F3198
??_C@_0L@CJMELLNB@BurstCount?$AA@,0x010F3188
??_C@_0N@CGGMGNNF@ParticleLife?$AA@,0x010F3178
??_C@_0L@HMFFGBGJ@SystemLife?$AA@,0x010F2EA8
??_C@_09GKAEIONK@DriftVelX?$AA@,0x010F316C
??_C@_09HDBPLPJL@DriftVelY?$AA@,0x010F3160
??_C@_04FABLJDN@Name?$AA@,0x0109C094
??_C@_05IJGIMMHE@Count?$AA@,0x0109F2EC
??_C@_06GEMKPBPA@Offset?$AA@,0x0109F2A4
??_C@_06HCAKHJJK@Height?$AA@,0x010828CC
??_C@_0N@HMFPDKGI@InitialDelay?$AA@,0x01082DE8
??_C@_07BMOCBAFH@RotateX?$AA@,0x010F2F74
??_C@_07FPJCBBG@RotateY?$AA@,0x010F2F68
??_C@_07CONEHCNF@RotateZ?$AA@,0x010F2F5C
??_C@_0P@HGHLMIJI@OrientToObject?$AA@,0x0108B7AC
??_C@_08OMEFLFIO@Ricochet?$AA@,0x010F2F50
??_C@_0P@GFOBEKOB@AttachToObject?$AA@,0x010F2F3C
??_C@_0N@JEGPOGBH@AttachToBone?$AA@,0x010F2F2C
??_C@_0BF@LGKKJNNF@CreateAtGroundHeight?$AA@,0x010F2F10
??_C@_0BD@EHEKJDCH@CreateBoneOverride?$AA@,0x010F2EF8
??_C@_0BD@PEDPKPAP@CreateBoneAtTarget?$AA@,0x010F2EE0
??_C@_0BD@LIGFLHHD@TargetBoneOverride?$AA@,0x010F2EC8
??_C@_0M@IBDEBGOI@TargetCoeff?$AA@,0x010F2EB8
??_C@_0BA@GJBNPDAC@UseTargetOffset?$AA@,0x010F2E94
??_C@_0BA@CKAADIDP@SetTargetMatrix?$AA@,0x010F2E80
??_C@_0N@CHINLKDG@TargetOffset?$AA@,0x010F2E70
??_C@_0N@ECMOPCCF@OnlyIfOnLand?$AA@,0x010F2E60
??_C@_0O@BDICOFF@OnlyIfOnWater?$AA@,0x010F2E50
??_C@_02GMLAAMD@FX?$AA@,0x010A2824
??_C@_08FPDFGKEJ@BoneName?$AA@,0x010F2E08
??_C@_05PDOBBJNA@Color?$AA@,0x0107C750
??_C@_0N@IJMMGKOK@PreColorTime?$AA@,0x010F2D6C
??_C@_0O@KENMPBEM@PostColorTime?$AA@,0x010F2D5C
??_C@_0BD@CNJIPPAE@SustainedColorTime?$AA@,0x010F2D44
??_C@_09OGDICNME@Frequency?$AA@,0x010F2D38
??_C@_09IHLJOMI@Amplitude?$AA@,0x010F2D2C
??_C@_09PLOPMJBF@Modelname?$AA@,0x010F2C14
??_C@_0P@KHIPJPFO@RandomlyRotate?$AA@,0x010F2C00
??_C@_0M@MABNGPLC@ExpireTimer?$AA@,0x010F2BF0
?g_bfmeVftTDA@@3QBQAXB,0x01129D30
?g_bfmeVft969D1@@3QBQAXB,0x0112B3F0
?g_feslTypeKey@@3QBDB,0x0112B490
?g_feslTransactionIdKey@@3QBDB,0x0112C144
?KeyNames@@3QBULookupListRec@@B,0x0110DEB8
?TransitionNames@@3QBULookupListRec@@B,0x0110E170
?ModifierNames@@3QBULookupListRec@@B,0x0110E190
?TheCommandUsableInNames@@3PAPBDA,0x012B895C
?CategoryListName@@3QBULookupListRec@@B,0x0110DE70
??_C@_03CCEPDEKL@Key?$AA@,0x01075AA4
??_C@_0L@CACIDCOI@Transition?$AA@,0x010F97B4
??_C@_09KLHEJKNK@Modifiers?$AA@,0x0110E77C
??_C@_09KOJPAPFB@UseableIn?$AA@,0x0110E770
??_C@_08EDGJCMOO@Category?$AA@,0x010E9340
??_C@_0M@OHKMKKDH@Description?$AA@,0x01084CC4
??_C@_0M@MLHPPPJP@DisplayName?$AA@,0x010847C0
??_C@_07HALPIBPG@KEY_ESC?$AA@,0x010FEEE4
??_C@_0O@BGDIAHKE@KEY_BACKSPACE?$AA@,0x010FEED4
??_C@_09HDDLMJNK@KEY_ENTER?$AA@,0x010FEEC8
??_C@_09BPKNFODG@KEY_SPACE?$AA@,0x010FEEBC
??_C@_07JOKDPHFD@KEY_TAB?$AA@,0x010FEEB0
??_C@_06GPCNNOFD@KEY_F1?$AA@,0x010FEEA8
??_C@_06EEAAINJA@KEY_F2?$AA@,0x010FEEA0
??_C@_06FNBLLMNB@KEY_F3?$AA@,0x010FEE98
??_C@_06BCFKCKBG@KEY_F4?$AA@,0x010FEE90
??_C@_06LEBBLFH@KEY_F5?$AA@,0x010FEE88
??_C@_06CAGMEIJE@KEY_F6?$AA@,0x010FEE80
??_C@_06DJHHHJNF@KEY_F7?$AA@,0x010FEE78
??_C@_06LOOPGFBK@KEY_F8?$AA@,0x010FEE70
??_C@_06KHPEFEFL@KEY_F9?$AA@,0x010FEE68
??_C@_07CNELBLGD@KEY_F10?$AA@,0x010FEE5C
??_C@_07DEFACKCC@KEY_F11?$AA@,0x010FEE50
??_C@_07BPHNHJOB@KEY_F12?$AA@,0x010FEE44
??_C@_05IDDGCECL@KEY_A?$AA@,0x010FEE3C
??_C@_05KIBLHHOI@KEY_B?$AA@,0x010FEE34
??_C@_05LBAAEGKJ@KEY_C?$AA@,0x010FEE2C
??_C@_05POEBNAGO@KEY_D?$AA@,0x010FEE24
??_C@_05OHFKOBCP@KEY_E?$AA@,0x010FEE1C
??_C@_05MMHHLCOM@KEY_F?$AA@,0x010FEE14
??_C@_05NFGMIDKN@KEY_G?$AA@,0x010FEE0C
??_C@_05FCPEJPGC@KEY_H?$AA@,0x010FEE04
??_C@_05ELOPKOCD@KEY_I?$AA@,0x010FEDFC
??_C@_05GAMCPNOA@KEY_J?$AA@,0x010FEDF4
??_C@_05HJNJMMKB@KEY_K?$AA@,0x010FEDEC
??_C@_05DGJIFKGG@KEY_L?$AA@,0x010FEDE4
??_C@_05CPIDGLCH@KEY_M?$AA@,0x010FEDDC
??_C@_05EKODIOE@KEY_N?$AA@,0x010FEDD4
??_C@_05BNLFAJKF@KEY_O?$AA@,0x010FEDCC
??_C@_05NAOPAHDL@KEY_P?$AA@,0x010FEDC4
??_C@_05MJPEDGHK@KEY_Q?$AA@,0x010FEDBC
??_C@_05OCNJGFLJ@KEY_R?$AA@,0x010FEDB4
??_C@_05PLMCFEPI@KEY_S?$AA@,0x010FEDAC
??_C@_05LEIDMCDP@KEY_T?$AA@,0x010FEDA4
??_C@_05KNJIPDHO@KEY_U?$AA@,0x010FED9C
??_C@_05IGLFKALN@KEY_V?$AA@,0x010FED94
??_C@_05JPKOJBPM@KEY_W?$AA@,0x010FED8C
??_C@_05BIDGINDD@KEY_X?$AA@,0x010FED84
??_C@_05BCNLMHC@KEY_Y?$AA@,0x010FED7C
??_C@_05CKAAOPLB@KEY_Z?$AA@,0x010FED74
??_C@_05KMAJFNNN@KEY_1?$AA@,0x010FED6C
??_C@_05IHCEAOBO@KEY_2?$AA@,0x010FED64
??_C@_05JODPDPFP@KEY_3?$AA@,0x010FED5C
??_C@_05NBHOKJJI@KEY_4?$AA@,0x010FED54
??_C@_05MIGFJINJ@KEY_5?$AA@,0x010FED4C
??_C@_05ODEIMLBK@KEY_6?$AA@,0x010FED44
??_C@_05PKFDPKFL@KEY_7?$AA@,0x010FED3C
??_C@_05HNMLOGJE@KEY_8?$AA@,0x010FED34
??_C@_05GENANHNF@KEY_9?$AA@,0x010FED2C
??_C@_05LFBCGMJM@KEY_0?$AA@,0x010FED24
??_C@_07IPCPFDOI@KEY_KP1?$AA@,0x010FED18
??_C@_07KEACAACL@KEY_KP2?$AA@,0x010FED0C
??_C@_07LNBJDBGK@KEY_KP3?$AA@,0x010FED00
??_C@_07PCFIKHKN@KEY_KP4?$AA@,0x010FECF4
??_C@_07OLEDJGOM@KEY_KP5?$AA@,0x010FECE8
??_C@_07MAGOMFCP@KEY_KP6?$AA@,0x010FECDC
??_C@_07NJHFPEGO@KEY_KP7?$AA@,0x010FECD0
??_C@_07FOONOIKB@KEY_KP8?$AA@,0x010FECC4
??_C@_07EHPGNJOA@KEY_KP9?$AA@,0x010FECB8
??_C@_07JGDEGCKJ@KEY_KP0?$AA@,0x010FECAC
??_C@_09BHNBLCGN@KEY_MINUS?$AA@,0x010FECA0
??_C@_09PKHPDJOP@KEY_EQUAL?$AA@,0x010FEC94
??_C@_0N@JBHDFHPL@KEY_LBRACKET?$AA@,0x010FEC84
??_C@_0N@PFHBMOBI@KEY_RBRACKET?$AA@,0x010FEC74
??_C@_0O@PIEPEFNP@KEY_SEMICOLON?$AA@,0x010FEC64
??_C@_0P@DJGMPLCN@KEY_APOSTROPHE?$AA@,0x010FEC50
??_C@_08CFAHHHKP@KEY_TICK?$AA@,0x010FEC44
??_C@_0O@BKKAKABK@KEY_BACKSLASH?$AA@,0x010FEC34
??_C@_09NKOPALEI@KEY_COMMA?$AA@,0x010FEC28
??_C@_0L@HMCJLDJD@KEY_PERIOD?$AA@,0x010FEC18
??_C@_09BDDFPJII@KEY_SLASH?$AA@,0x010FEC0C
??_C@_06NKLJJJM@KEY_UP?$AA@,0x010FEC04
??_C@_08GNEEABI@KEY_DOWN?$AA@,0x010FEBF8
??_C@_08PENANICB@KEY_LEFT?$AA@,0x010FEBEC
??_C@_09MDOGOLEN@KEY_RIGHT?$AA@,0x010FEBE0
??_C@_08DBGBFCHE@KEY_HOME?$AA@,0x010FEBD4
??_C@_07CLAACHBC@KEY_END?$AA@,0x010FEBC8
??_C@_08IBMFLCAE@KEY_PGUP?$AA@,0x010FEBBC
??_C@_08EIGAEEJM@KEY_PGDN?$AA@,0x010FEBB0
??_C@_07GEFFBMDM@KEY_INS?$AA@,0x010FEBA4
??_C@_07FHDACFJO@KEY_DEL?$AA@,0x010FEB98
??_C@_0M@LPOHCOEH@KEY_KPSLASH?$AA@,0x010FEB88
??_C@_08LMGHBJIN@KEY_NONE?$AA@,0x010FEB7C
??_C@_04FANAOELO@DOWN?$AA@,0x0110F01C
??_C@_02NAHCJHOC@UP?$AA@,0x0110F018
??_C@_0L@HLBGNBHE@DOUBLEDOWN?$AA@,0x0110F008
??_C@_04FBBFEIFJ@CTRL?$AA@,0x0110F000
??_C@_03FKEEPDEP@ALT?$AA@,0x0110EFFC
??_C@_05OAHIEJBI@SHIFT?$AA@,0x0110EFF4
??_C@_08NNOJJAJA@CTRL_ALT?$AA@,0x0110EFE8
??_C@_0L@CHAAPLGJ@SHIFT_CTRL?$AA@,0x0110EFD8
??_C@_09JDLGFDAP@SHIFT_ALT?$AA@,0x0110EFCC
??_C@_0P@FFEHJGHP@SHIFT_ALT_CTRL?$AA@,0x0110EFB8
??_C@_07DBEDOPMC@CONTROL?$AA@,0x010FEF28
??_C@_0M@PHDJNCCI@INFORMATION?$AA@,0x010FEF18
??_C@_09OFFKHHAA@INTERFACE?$AA@,0x010FEF0C
??_C@_09FCNMPPO@SELECTION?$AA@,0x010FEF00
??_C@_04GMALBPFJ@TEAM?$AA@,0x010FEEF8
??_C@_04MKAMAPIC@MISC?$AA@,0x010FEEF0
??_C@_05CFCCOLCP@SHELL?$AA@,0x01075ACC
??_C@_04FOKBGDA@GAME?$AA@,0x01075AC4
?_BoxMaterial@@3PAVVertexMaterialClass@@A,0x0134B210
??_C@_0L@PKDOJJBF@playerName?$AA@,0x0107D1FC
??_C@_0O@MNCNACIA@playerIsHuman?$AA@,0x0107D20C
??_C@_0BC@MNPFKEPE@playerDisplayName?$AA@,0x0107D230
??_C@_0O@DBLLPLND@playerFaction?$AA@,0x0107D248
??_C@_0O@COHDPN@playerEnemies?$AA@,0x0107D258
??_C@_0N@MJAIOBAL@playerAllies?$AA@,0x0107D268
?TheKey_playerAIType@@3VStaticNameKey@@B,0x012A7988
??_C@_0N@FJFEAFBK@playerAIType?$AA@,0x0107D310
??_C@_0P@PNDHFDMN@cameraYawAngle?$AA@,0x0107D3B0
??_C@_07BPKDNDFB@MORNING?$AA@,0x01087BAC
??_C@_09HHBEIJLB@AFTERNOON?$AA@,0x01087BA0
??_C@_07CANDCDNK@EVENING?$AA@,0x01087B94
??_C@_0M@BLOMPEOL@INTERPOLATE?$AA@,0x01087B84
?ThingClassNames012AC510@@3QBQBDB,0x012AC510
??_C@_0M@GLJPNNOF@UNSPECIFIED?$AA@,0x01092914
??_C@_0L@KHHOOOCF@HORDE_UNIT?$AA@,0x01092904
??_C@_0P@HOKPCNAP@CHARACTER_UNIT?$AA@,0x010928F0
??_C@_0N@PEONJHDK@CAVALRY_UNIT?$AA@,0x010928E0
??_C@_0P@DEPCINNL@MEDIUM_MONSTER?$AA@,0x010928CC
??_C@_0O@CPNBMGNF@LARGE_MONSTER?$AA@,0x010928BC
??_C@_04KBLHJHKJ@PROP?$AA@,0x010928B4
??_C@_0N@EPOKLPHD@CIV_BUILDING?$AA@,0x010928A4
??_C@_0L@CNPJEGNM@WALL_PIECE?$AA@,0x01092894
??_C@_0BB@NHGDAOBB@FACTION_BUILDING?$AA@,0x01092880
??_C@_0BC@JLJNHNPB@LANDMARK_BUILDING?$AA@,0x01092868
??_C@_0N@NHHHFADN@GROUND_COVER?$AA@,0x01092858
??_C@_04LBGHKJLP@BUSH?$AA@,0x01092850
?g_ObfRecord012B7ABC@@3UBigObfSelectorRecord012B7ABC@@A,0x012B7ABC
??_C@_02OLOABKKD@ID?$AA@,0x0112BEAC
?m_containData@ControlBar@@1PAUContainEntry@1@A,0x012F3448
?theInputString@@3VAsciiString@@A,0x012F2574
?g_rva012F4998LanLobby@@3PAVBfmeAptScreenLanLobby@@A,0x012F4998
?g_rva012F49B4MainMenu@@3PAVBfmeAptScreenMainMenu@@A,0x012F49B4
?g_aptLivingWorldCachedName@@3VAsciiString@@A,0x012F49A0
?windowMap@@3PAVGameWindow@@A,0x012F3C1C
?g_s4Guard0055BC20@@3PAVBfmeAptScreenOnlineQuickMatch@@A,0x012F4ABC
?g_obj12F4ACC@@3PAVBfmeAptScreenOnlineShell@@A,0x012F4ACC
?g_obj12F4AD4@@3PAVBfmeAptScreenOptions@@A,0x012F4AD4
?g_obj12F4B40@@3PAVBfmeAptScreenQuitMenu@@A,0x012F4B40
?TheAptSaveLoad@@3PAVBfmeAptScreenSaveLoad@@A,0x012F4B44
?g_bfmeSubsystem012F4B78@@3PAVGen00587600@@A,0x012F4B78
?g_purchaseScienceWindow@@3PAVBfmeAptScreenSpellStore@@A,0x012F4C38
?g_w3dMouseThreadRunLock@@3VMutexClass@@A,0x012F9800
?RingFilterObject@@3VRva007DB820@@A,0x01307348
?gInstance@ServiceHubImpl@@2PAV1@A,0x0130A588
?g_0107C804@@3PAPAXA,0x0107C804
?g_0107C810@@3PAPAXA,0x0107C810
?g_0109BFB0@@3PAPAXA,0x0109BFB0
?g_0109BFBC@@3PAPAXA,0x0109BFBC
?g_010E8580@@3PAPAXA,0x010E8580
?g_010F5E78@@3PAPAXA,0x010F5E78
?g_vtbl_01110E20@@3PAPAXA,0x01110E20
?g_vtbl_01110E34@@3PAPAXA,0x01110E34
?g_vtbl_01110E38@@3PAPAXA,0x01110E38
?g_vtbl_01110E4C@@3PAPAXA,0x01110E4C
?g_01121AF0@@3PAPAXA,0x01121AF0
?g_01121AFC@@3PAPAXA,0x01121AFC
?g_01121B08@@3PAPAXA,0x01121B08
?g_01121B24@@3PAPAXA,0x01121B24
?g_01121B30@@3PAPAXA,0x01121B30
?g_01128B24@@3PAPAXA,0x01128B24
?g_01128B88@@3PAPAXA,0x01128B88
?TheEvaMessageNames@@3PAPBDA,0x010F1AF0
?g_012B7638@@3HA,0x012B7638
?g_011159E8@@3QBUFieldParse@@B,0x011159E8
?g_01094B00@@3QBUFieldParse@@B,0x01094B00
?g_010EBE44@@3QBUFieldParse@@B,0x010EBE44
?g_010EE088@@3QBUFieldParse@@B,0x010EE088
?g_010FE7E0@@3QBUBfmeKeyboardSystemLookupListRec@@B,0x010FE7E0
?g_010FE828@@3QBUBfmeKeyboardSystemLookupListRec@@B,0x010FE828
?WindMotionNames@FXParticleSystem@@3QBQBDB,0x01110244
?g_0110F29C@@3PAPBXA,0x0110F29C
?g_0110F92C@@3UParticleSystemFieldTable@@B,0x0110F92C
?g_00EBB5DC@@3PAPBDA,0x012BB5DC
?g_012BB650@@3PAUFieldParse@@A,0x012BB650
?Count0040E9E0@@3HA,0x012F12B0
?buttonCreateGame@@3PAVGameWindow@@A,0x012F3F18
?textEntryGameDescription@@3PAVGameWindow@@A,0x012F3F20
?buttonAddID@@3HA,0x012F424C
?buttonDeleteID@@3HA,0x012F4250
?g_012F4B5C@@3HA,0x012F4B5C
?buttonPlayID@@3HA,0x012F4254
?buttonIgnoreID@@3HA,0x012F4258
?g_0134C7D8@@3HA,0x0134C7D8
?g_012ADC90@@3MA,0x012ADC90
?FollowFactor007446A0@@3MA,0x012BB23C
?Rva013411E8Dx8Errors@@3HA,0x013411E8
?WaterBumpScale012BBBE4@@3MA,0x012BBBE4
?WaterPhase01306D84@@3MA,0x01306D84
?g_neutralColor000DA610@@3IA,0x012A8BA8
?g_012B5348@@3IA,0x012B5348
?g_012F4AB0@@3EA,0x012F4AB0
?g_012F81A9@@3EA,0x012F81A9
?g_012F0768@@3_NA,0x012F0768
?g_012B7DAC@@3PAPBDA,0x012B7DAC
?g_012B7DD4@@3PAPBDA,0x012B7DD4
?g_012B8018@@3PAPBDA,0x012B8018
?g_012F4B48@@3KA,0x012F4B48
?RvaGlobal012A7A48@@3PAIA,0x012A7A48
?g_vtbl_01110E60@@3PAPAXA,0x01110E60
?g_vtbl_01110E64@@3PAPAXA,0x01110E64
?g_01128C5C@@3PAPBXA,0x01128C5C
?g_classicFacetCount012C7428@@3IA,0x012C7428
?g_012F13AC@@3IA,0x012F13AC
?g_012F771C@@3IA,0x012F771C
?g_012F1468@@3IA,0x012F1468
?g_012B8EF0@@3MB,0x012B8EF0
?buttonStatsID@@3HA,0x012F425C
?g_vtbl_01110E8C@@3PAPAXA,0x01110E8C
?g_012F13B0@@3IA,0x012F13B0
?g_012F13B4@@3IA,0x012F13B4
?parentPopupID@@3W4NameKeyType@@A,0x012F3EEC
?checkBoxAllowObserversID@@3W4NameKeyType@@A,0x012F3EF8
?g_Va012BB1D8@@3MA,0x012BB1D8
?g_Va012BB1DC@@3MA,0x012BB1DC
?g_Va012BB1E0@@3MA,0x012BB1E0
?g_Va012BB1E4@@3MA,0x012BB1E4
?g_Va012BB1E8@@3MA,0x012BB1E8
?g_Va012BB1F8@@3MA,0x012BB1F8
?g_Va012BB1FC@@3MA,0x012BB1FC
?g_Va012BB200@@3MA,0x012BB200
?g_Va012BB204@@3MA,0x012BB204
?g_Va012F9DE0@@3MA,0x012F9DE0
?g_Va012F9DDC@@3MA,0x012F9DDC
?g_Va012BB218@@3_NA,0x012BB218
?g_Va012F9E28@@3PAURva012F9E28Fields@@A,0x012F9E28
